Grade Sort Nbr,Enrollment Cnt,% Grades Receivedof Enrollment,Letter Grd Cnt,Course Control Nbr,Instructor Name,Average Grade,Course Subject Short Nm,Course Number,Section Nbr,Grade Subtype Desc,Grade Type Desc,Grade Nm,Course Title Nm
1,2,,,12585,Sabrina Agarwal,,Anthropology,N299,029,A,Letter Grade,A+,Directed Research
1,1,,,13460,Mark Anderson,,Architecture,209,001,A,Letter Grade,A+,Spec Top Arch Des
1,3,,,19405,Susan Cheng,,Evening & Weekend MBA,231,011,A,Letter Grade,A+,Corp Finance
1,4,,,19415,Peter Goodson,,Evening & Weekend MBA,237,001,A,Letter Grade,A+,Topics In Finance
1,3,,,19903,Gregory La Blanc,,Executive MBA,200S,001,A,Letter Grade,A+,Data And Decisions
1,2,,,19904,Catherine Wolfram,,Executive MBA,201A,001,A,Letter Grade,A+,Managerial Econ
1,1,,,22960,Phillip Geissler,,Chemistry,N299,056,A,Letter Grade,A+,Research
1,3,,,32360,Haluk Ergin,,Economics,204,001,A,Letter Grade,A+,Math Tools For Econ
1,2,,,33390,Larry Nucci,,Education,211B,001,A,Letter Grade,A+,Soc & Enit Develop
1,2,,,33410,Verda Delp,,Education,249C,001,A,Letter Grade,A+,Foundations In Rdg
1,6,,,33465,P Pearson,,Education,298C,001,A,Letter Grade,A+,Group Study-Dcemst
1,2,,,33630,Nives Wetzel De Cediel,,Education,392C,001,A,Letter Grade,A+,Art In Elem Class
1,1,,,36135,Michel Maharbiz,,Electrical Engineering,299,035,A,Letter Grade,A+,Indiv Research
1,1,,,36290,Ana Arias,,Electrical Engineering,299,066,A,Letter Grade,A+,Indiv Research
1,2,,,44465,Ramon Grosfoguel,,Ethnic Studies Grad Group,299,011,A,Letter Grade,A+,Directed Reading
1,1,,,48105,Kamla Ahluwalia,,Health & Medical Sciences,201,001,A,Letter Grade,A+,Hum Anat & Develop
1,1,,,50815,Tyrone Hayes,,Integrative Biology,N298,007,A,Letter Grade,A+,Special Study
1,1,,,57610,Domingo Tavella,,Financial Engineering,230D,001,A,Letter Grade,A+,Deriv: Quant Meth
1,2,,,57615,Richard Stanton,,Financial Engineering,230I,001,A,Letter Grade,A+,Fixed Income Markts
1,1,,,67615,Diana Bautista,,Molecular & Cell Biology,N292,001,A,Letter Grade,A+,Research
1,1,,,67625,Lior Pachter,,Molecular & Cell Biology,N292,003,A,Letter Grade,A+,Research
1,1,,,67635,Polina Lishko,,Molecular & Cell Biology,N292,005,A,Letter Grade,A+,Research
1,1,,,67640,Michael Levine,,Molecular & Cell Biology,N292,006,A,Letter Grade,A+,Research
1,1,,,68505,Davitt Moroney,,Music,N299,005,A,Letter Grade,A+,Special Study
1,1,,,70940,Christopher Vulpe,,Nutritional Science & Tox,299,007,A,Letter Grade,A+,Nst Research
1,1,,,70950,John Casida,,Nutritional Science & Tox,299,009,A,Letter Grade,A+,Nst Research
1,3,,,71210,Edward Revelli,,Optometry,440A,001,A,Letter Grade,A+,Adv Optom Clinic
1,3,,,71215,Edward Revelli,,Optometry,441A,001,A,Letter Grade,A+,Specialty Clinics
1,2,,,79420,Brent Fulton,,Public Health,W200E,001,A,Letter Grade,A+,Hpm Breadth
1,5,,,79430,Michael Bates,,Public Health,250A,001,A,Letter Grade,A+,Epidemiolog Meth I
1,6,,,79433,Jaspal Sandhu,,Public Health,W289,001,A,Letter Grade,A+,Interdis Health
1,2,,,79449,Brent Fulton,,Public Health,298,002,A,Letter Grade,A+,Group Study
2,2,,,10265,Leigh Raiford,,African American Studies,299,001,A,Letter Grade,A,Ind Stdy/Res
2,1,,,10275,Stephen Small,,African American Studies,299,003,A,Letter Grade,A,Ind Stdy/Res
2,1,,,11205,Carlos Norena,,Anc Hist & Medit Archae,299,001,A,Letter Grade,A,Special Study
2,3,,,12485,Christine Hastorf,,Anthropology,N299,009,A,Letter Grade,A,Directed Research
2,1,,,12490,Rosemary Joyce,,Anthropology,N299,010,A,Letter Grade,A,Directed Research
2,1,,,17965,Robert Sharf,,Buddhist Studies,298,002,A,Letter Grade,A,Dir Stu For Grad St
2,1,,,19005,Minjung Park,,Business Admin-MBA,293,001,A,Letter Grade,A,Individual Study
2,1,,,19010,Kellie Mcelhaney,,Business Admin-MBA,293,002,A,Letter Grade,A,Individual Study
2,16,,,19405,Susan Cheng,,Evening & Weekend MBA,231,011,A,Letter Grade,A,Corp Finance
2,7,,,19415,Peter Goodson,,Evening & Weekend MBA,237,001,A,Letter Grade,A,Topics In Finance
2,2,,,19435,Wasim Azhar,,Evening & Weekend MBA,269,001,A,Letter Grade,A,Pricing
2,4,,,19505,Clark Kellogg,,Evening & Weekend MBA,296,002,A,Letter Grade,A,Special Topics
2,2,,,19510,Clark Kellogg,,Evening & Weekend MBA,296,003,A,Letter Grade,A,Special Topics
2,3,,,19520,Clark Kellogg,,Evening & Weekend MBA,296,012,A,Letter Grade,A,Special Topics
2,2,,,19525,Edgar Anthony Zaloom,,Evening & Weekend MBA,298S,001,A,Letter Grade,A,Seminar Intl Bus
2,17,,,19903,Gregory La Blanc,,Executive MBA,200S,001,A,Letter Grade,A,Data And Decisions
2,15,,,19904,Catherine Wolfram,,Executive MBA,201A,001,A,Letter Grade,A,Managerial Econ
2,5,,,19925,Mark Rittenberg,,Executive MBA,291T,001,A,Letter Grade,A,Topics In Man Comm
2,24,,,19990,Xiao-Jun Zhang,,Executive MBA,202A,001,A,Letter Grade,A,Financial Acct
2,1,,,22840,Michelle Chang,,Chemistry,N299,032,A,Letter Grade,A,Research
2,2,,,22985,Stephen Leone,,Chemistry,N299,061,A,Letter Grade,A,Research
2,1,,,22999,Thomas Maimone,,Chemistry,N299,065,A,Letter Grade,A,Research
2,4,,,25135,-,,City & Regional Planning,N299,001,A,Letter Grade,A,Ind Stdy Or Res
2,2,,,27605,George Sensabaugh,,Comparative Biochemistry,299,001,A,Letter Grade,A,Compbio Research
2,1,,,28795,Jitendra Malik,,Computer Science,299,024,A,Letter Grade,A,Indiv Research
2,1,,,28885,John Wawrzynek,,Computer Science,299,042,A,Letter Grade,A,Indiv Research
2,1,,,31090,David Shuster,,Earth & Planetary Science,280,027,A,Letter Grade,A,Research
2,2,,,32360,Haluk Ergin,,Economics,204,001,A,Letter Grade,A,Math Tools For Econ
2,17,,,33390,Larry Nucci,,Education,211B,001,A,Letter Grade,A,Soc & Enit Develop
2,19,,,33395,Kathleen Metz; Kathryn Lanouette; Tia Madkins,,Education,236A,001,A,Letter Grade,A,Science Educ Elem
2,17,,,33400,Sahara Baquedano-Lopez,,Education,241E,001,A,Letter Grade,A,Eng Lang Learners
2,6,,,33405,Marco Bravo,,Education,245A,001,A,Letter Grade,A,Teach Engl Sec Lang
2,7,,,33410,Verda Delp,,Education,249C,001,A,Letter Grade,A,Foundations In Rdg
2,24,,,33415,Rebecca Cheung; Tina Trujillo,,Education,262A,001,A,Letter Grade,A,Urbschldship/Mgt 1
2,22,,,33418,Rebecca Cheung,,Education,262H,001,A,Letter Grade,A,Urbschldship/Mgt 2
2,24,,,33420,Alysse Castro,,Education,266B,001,A,Letter Grade,A,Sch Site Fin Res
2,23,,,33423,Kristin Smith; Rebecca Cheung,,Education,271E,001,A,Letter Grade,A,Teach/Lrn Ed Lead 1
2,18,,,33425,Frances Kendall,,Education,271F,001,A,Letter Grade,A,Teach/Lrn Ed Lead 2
2,15,,,33430,Tina Trujillo,,Education,277A,001,A,Letter Grade,A,System Ed Reform I
2,5,,,33435,Heinrich Mintrop; John Hall,,Education,277B,001,A,Letter Grade,A,System Ed Reform Ii
2,5,,,33440,Diana Abbati,,Education,279B,001,A,Letter Grade,A,Resource Mngt 2
2,15,,,33450,Elisa Salasin,,Education,290C,001,A,Letter Grade,A,Sp Topic Sem:Dcemst
2,5,,,33455,Page Tompkins,,Education,294E,001,A,Letter Grade,A,Thesis Seminar
2,2,,,33460,Heinrich Mintrop,,Education,294E,002,A,Letter Grade,A,Thesis Seminar
2,6,,,33465,P Pearson,,Education,298C,001,A,Letter Grade,A,Group Study-Dcemst
2,19,,,33620,Elisa Salasin; Sonal Patel,,Education,390C,001,A,Letter Grade,A,Superv Teaching Dte
2,19,,,33625,Eric Eslinger,,Education,391A,001,A,Letter Grade,A,Tech C & I
2,17,,,33630,Nives Wetzel De Cediel,,Education,392C,001,A,Letter Grade,A,Art In Elem Class
2,13,,,33635,Rebecca Cheung; Viet Nguyen,,Education,460B,001,A,Letter Grade,A,Prac Sch Site Mgt
2,13,,,33638,Rebecca Cheung; Viet Nguyen,,Education,460B,002,A,Letter Grade,A,Prac Sch Site Mgt
2,7,,,33640,Fred Brill,,Education,460C,001,A,Letter Grade,A,Admin Research Prac
2,14,,,33645,Rebecca Cheung; Viet Nguyen,,Education,460C,002,A,Letter Grade,A,Admin Research Prac
2,8,,,33650,Lanette Jimerson,,Education,460C,003,A,Letter Grade,A,Admin Research Prac
2,3,,,35210,Daniel Kammen,,Energy and Resources,N299,001,A,Letter Grade,A,Indiv Research
2,1,,,36130,Laura Waller,,Electrical Engineering,299,034,A,Letter Grade,A,Indiv Research
2,1,,,36275,Sanjit Seshia,,Electrical Engineering,299,063,A,Letter Grade,A,Indiv Research
2,1,,,41685,Oliver Arnold,,English,N299,004,A,Letter Grade,A,Special Study
2,2,,,44440,Beth Piatote,,Ethnic Studies Grad Group,299,006,A,Letter Grade,A,Directed Reading
2,1,,,44470,Elaine Kim,,Ethnic Studies Grad Group,299,012,A,Letter Grade,A,Directed Reading
2,1,,,44925,Jeffrey Skoller,,Film,298,001,A,Letter Grade,A,Special Study
2,1,,,46885,Paul Groth,,Geography,N299,004,A,Letter Grade,A,Individ Research
2,1,,,46905,Jon Kosek,,Geography,N299,008,A,Letter Grade,A,Individ Research
2,9,,,48105,Kamla Ahluwalia,,Health & Medical Sciences,201,001,A,Letter Grade,A,Hum Anat & Develop
2,1,,,49845,Coye Cheshire,,Information,299,001,A,Letter Grade,A,Individual Study
2,1,,,49875,Tapan Parikh,,Information,299,007,A,Letter Grade,A,Individual Study
2,1,,,53065,Daniel O'Neill,,Japanese,298,003,A,Letter Grade,A,Direct Study Grad
2,1,,,53515,Daniel Boyarin,,Jewish Studies,299,003,A,Letter Grade,A,Ind Stdy/Research
2,4,,,53720,Robert Gunnison,,Journalism,298,001,A,Letter Grade,A,Group Study
2,13,,,57610,Domingo Tavella,,Financial Engineering,230D,001,A,Letter Grade,A,Deriv: Quant Meth
2,12,,,57615,Richard Stanton,,Financial Engineering,230I,001,A,Letter Grade,A,Fixed Income Markts
2,16,,,57635,Tiffany Rasmussen,,Financial Engineering,230W,001,A,Letter Grade,A,Acct Taxation Deriv
2,1,,,59050,Martin Olsson,,Mathematics,295,002,A,Letter Grade,A,Individual Research
2,3,,,59175,Martin Olsson,,Mathematics,299,007,A,Letter Grade,A,Reading Grad Studs
2,1,,,59180,Lauren Williams,,Mathematics,299,008,A,Letter Grade,A,Reading Grad Studs
2,1,,,59230,John Lott,,Mathematics,299,018,A,Letter Grade,A,Reading Grad Studs
2,1,,,67620,Jasper Rine,,Molecular & Cell Biology,N292,002,A,Letter Grade,A,Research
2,1,,,67630,Iswar Hariharan,,Molecular & Cell Biology,N292,004,A,Letter Grade,A,Research
2,1,,,67650,Russell Vance,,Molecular & Cell Biology,N292,008,A,Letter Grade,A,Research
2,1,,,67655,Ehud Isacoff,,Molecular & Cell Biology,N292,009,A,Letter Grade,A,Research
2,1,,,67660,Richard Harland,,Molecular & Cell Biology,N292,010,A,Letter Grade,A,Research
2,1,,,67675,Robert Tjian,,Molecular & Cell Biology,N292,013,A,Letter Grade,A,Research
2,2,,,68490,Jocelyne Guilbault,,Music,N299,002,A,Letter Grade,A,Special Study
2,1,,,68495,Mary Ann Smart,,Music,N299,003,A,Letter Grade,A,Special Study
2,2,,,68510,Cindy Cox,,Music,N299,006,A,Letter Grade,A,Special Study
2,2,,,68515,Edmund Campion,,Music,N299,007,A,Letter Grade,A,Special Study
2,2,,,68540,Benjamin Brinner,,Music,N299,012,A,Letter Grade,A,Special Study
2,1,,,70125,Kristin Scott,,Neuroscience,292,032,A,Letter Grade,A,Neuroresearch
2,1,,,70180,Daniel Feldman,,Neuroscience,292,045,A,Letter Grade,A,Neuroresearch
2,2,,,71205,Edward Revelli,,Optometry,430A,001,A,Letter Grade,A,Optometry Clinics
2,20,,,71210,Edward Revelli,,Optometry,440A,001,A,Letter Grade,A,Adv Optom Clinic
2,20,,,71215,Edward Revelli,,Optometry,441A,001,A,Letter Grade,A,Specialty Clinics
2,4,,,76220,Eric Schickler,,Political Science,292,001,A,Letter Grade,A,Dir Advanced Study
2,2,,,78840,Allison Harvey,,Psychology,299,201,A,Letter Grade,A,Research
2,1,,,78855,Serena Chen,,Psychology,299,204,A,Letter Grade,A,Research
2,1,,,78860,Robert Levenson,,Psychology,299,205,A,Letter Grade,A,Research
2,1,,,78865,Lance Kriegsfeld,,Psychology,299,206,A,Letter Grade,A,Research
2,1,,,78880,Qing Zhou,,Psychology,299,209,A,Letter Grade,A,Research
2,2,,,78885,Stephen Hinshaw,,Psychology,299,210,A,Letter Grade,A,Research
2,1,,,78930,Fei Xu,,Psychology,299,220,A,Letter Grade,A,Research
2,11,,,79420,Brent Fulton,,Public Health,W200E,001,A,Letter Grade,A,Hpm Breadth
2,26,,,79423,Charlotte Chang,,Public Health,W200G,001,A,Letter Grade,A,Hsb Breadth
2,14,,,79430,Michael Bates,,Public Health,250A,001,A,Letter Grade,A,Epidemiolog Meth I
2,23,,,79449,Brent Fulton,,Public Health,298,002,A,Letter Grade,A,Group Study
2,17,,,79495,Arthur Reingold,,Public Health,299,029,A,Letter Grade,A,Independnt Research
2,1,,,79560,Emily Ozer,,Public Health,299,042,A,Letter Grade,A,Independnt Research
2,1,,,79595,Steve Selvin,,Public Health,299,049,A,Letter Grade,A,Independnt Research
2,1,,,79615,Mark Van Der Laan,,Public Health,299,053,A,Letter Grade,A,Independnt Research
2,1,,,79620,Alan Hubbard,,Public Health,299,054,A,Letter Grade,A,Independnt Research
2,1,,,79660,Phuoc Le,,Public Health,299,061,A,Letter Grade,A,Independnt Research
2,1,,,79665,David Rempel,,Public Health,299,062,A,Letter Grade,A,Independnt Research
2,2,,,79670,Nina Holland,,Public Health,298,003,A,Letter Grade,A,Group Study
2,2,,,80910,Michael Mascuch,,Rhetoric,295,001,A,Letter Grade,A,Special Study
2,5,,,82728,Christina Feliciana,,Social Welfare,232,001,A,Letter Grade,A,Soc Work And Educ
2,3,,,82729,Robert Ayasse,,Social Welfare,250T,001,A,Letter Grade,A,Sw Practice In Schl
2,2,,,82820,Julian Chow,,Social Welfare,299,008,A,Letter Grade,A,Individual Research
2,1,,,83860,Jeffrey Hadler,,South & SE Asian Studies,290D,002,A,Letter Grade,A,Malay/Indonesian
2,1,,,85460,Bin Yu,,Statistics,299,007,A,Letter Grade,A,Research
2,1,,,86055,Brandi Catanese,,Theater Dance & Perf Stds,299,001,A,Letter Grade,A,Special Study
3,6,,,19405,Susan Cheng,,Evening & Weekend MBA,231,011,A,Letter Grade,A-,Corp Finance
3,14,,,19415,Peter Goodson,,Evening & Weekend MBA,237,001,A,Letter Grade,A-,Topics In Finance
3,13,,,19435,Wasim Azhar,,Evening & Weekend MBA,269,001,A,Letter Grade,A-,Pricing
3,9,,,19505,Clark Kellogg,,Evening & Weekend MBA,296,002,A,Letter Grade,A-,Special Topics
3,10,,,19510,Clark Kellogg,,Evening & Weekend MBA,296,003,A,Letter Grade,A-,Special Topics
3,6,,,19520,Clark Kellogg,,Evening & Weekend MBA,296,012,A,Letter Grade,A-,Special Topics
3,10,,,19525,Edgar Anthony Zaloom,,Evening & Weekend MBA,298S,001,A,Letter Grade,A-,Seminar Intl Bus
3,15,,,19903,Gregory La Blanc,,Executive MBA,200S,001,A,Letter Grade,A-,Data And Decisions
3,13,,,19904,Catherine Wolfram,,Executive MBA,201A,001,A,Letter Grade,A-,Managerial Econ
3,28,,,19925,Mark Rittenberg,,Executive MBA,291T,001,A,Letter Grade,A-,Topics In Man Comm
3,11,,,19990,Xiao-Jun Zhang,,Executive MBA,202A,001,A,Letter Grade,A-,Financial Acct
3,2,,,32360,Haluk Ergin,,Economics,204,001,A,Letter Grade,A-,Math Tools For Econ
3,4,,,33405,Marco Bravo,,Education,245A,001,A,Letter Grade,A-,Teach Engl Sec Lang
3,1,,,33410,Verda Delp,,Education,249C,001,A,Letter Grade,A-,Foundations In Rdg
3,1,,,33418,Rebecca Cheung,,Education,262H,001,A,Letter Grade,A-,Urbschldship/Mgt 2
3,1,,,33420,Alysse Castro,,Education,266B,001,A,Letter Grade,A-,Sch Site Fin Res
3,6,,,33425,Frances Kendall,,Education,271F,001,A,Letter Grade,A-,Teach/Lrn Ed Lead 2
3,1,,,33430,Tina Trujillo,,Education,277A,001,A,Letter Grade,A-,System Ed Reform I
3,3,,,33465,P Pearson,,Education,298C,001,A,Letter Grade,A-,Group Study-Dcemst
3,1,,,33640,Fred Brill,,Education,460C,001,A,Letter Grade,A-,Admin Research Prac
3,5,,,48105,Kamla Ahluwalia,,Health & Medical Sciences,201,001,A,Letter Grade,A-,Hum Anat & Develop
3,18,,,57610,Domingo Tavella,,Financial Engineering,230D,001,A,Letter Grade,A-,Deriv: Quant Meth
3,15,,,57615,Richard Stanton,,Financial Engineering,230I,001,A,Letter Grade,A-,Fixed Income Markts
3,24,,,57635,Tiffany Rasmussen,,Financial Engineering,230W,001,A,Letter Grade,A-,Acct Taxation Deriv
3,1,,,67645,Evangelina Nogales De La Morena,,Molecular & Cell Biology,N292,007,A,Letter Grade,A-,Research
3,33,,,71205,Edward Revelli,,Optometry,430A,001,A,Letter Grade,A-,Optometry Clinics
3,34,,,71210,Edward Revelli,,Optometry,440A,001,A,Letter Grade,A-,Adv Optom Clinic
3,34,,,71215,Edward Revelli,,Optometry,441A,001,A,Letter Grade,A-,Specialty Clinics
3,1,,,78845,Oliver John,,Psychology,299,202,A,Letter Grade,A-,Research
3,13,,,79420,Brent Fulton,,Public Health,W200E,001,A,Letter Grade,A-,Hpm Breadth
3,9,,,79423,Charlotte Chang,,Public Health,W200G,001,A,Letter Grade,A-,Hsb Breadth
3,6,,,79430,Michael Bates,,Public Health,250A,001,A,Letter Grade,A-,Epidemiolog Meth I
3,10,,,79449,Brent Fulton,,Public Health,298,002,A,Letter Grade,A-,Group Study
3,1,,,82728,Christina Feliciana,,Social Welfare,232,001,A,Letter Grade,A-,Soc Work And Educ
3,1,,,82729,Robert Ayasse,,Social Welfare,250T,001,A,Letter Grade,A-,Sw Practice In Schl
4,2,,,19405,Susan Cheng,,Evening & Weekend MBA,231,011,B,Letter Grade,B+,Corp Finance
4,13,,,19415,Peter Goodson,,Evening & Weekend MBA,237,001,B,Letter Grade,B+,Topics In Finance
4,11,,,19435,Wasim Azhar,,Evening & Weekend MBA,269,001,B,Letter Grade,B+,Pricing
4,5,,,19505,Clark Kellogg,,Evening & Weekend MBA,296,002,B,Letter Grade,B+,Special Topics
4,7,,,19510,Clark Kellogg,,Evening & Weekend MBA,296,003,B,Letter Grade,B+,Special Topics
4,14,,,19520,Clark Kellogg,,Evening & Weekend MBA,296,012,B,Letter Grade,B+,Special Topics
4,1,,,19525,Edgar Anthony Zaloom,,Evening & Weekend MBA,298S,001,B,Letter Grade,B+,Seminar Intl Bus
4,12,,,19903,Gregory La Blanc,,Executive MBA,200S,001,B,Letter Grade,B+,Data And Decisions
4,20,,,19904,Catherine Wolfram,,Executive MBA,201A,001,B,Letter Grade,B+,Managerial Econ
4,22,,,19925,Mark Rittenberg,,Executive MBA,291T,001,B,Letter Grade,B+,Topics In Man Comm
4,5,,,19990,Xiao-Jun Zhang,,Executive MBA,202A,001,B,Letter Grade,B+,Financial Acct
4,4,,,32360,Haluk Ergin,,Economics,204,001,B,Letter Grade,B+,Math Tools For Econ
4,1,,,33415,Rebecca Cheung; Tina Trujillo,,Education,262A,001,B,Letter Grade,B+,Urbschldship/Mgt 1
4,3,,,33435,Heinrich Mintrop; John Hall,,Education,277B,001,B,Letter Grade,B+,System Ed Reform Ii
4,1,,,33640,Fred Brill,,Education,460C,001,B,Letter Grade,B+,Admin Research Prac
4,1,,,33645,Rebecca Cheung; Viet Nguyen,,Education,460C,002,B,Letter Grade,B+,Admin Research Prac
4,2,,,53720,Robert Gunnison,,Journalism,298,001,B,Letter Grade,B+,Group Study
4,27,,,57610,Domingo Tavella,,Financial Engineering,230D,001,B,Letter Grade,B+,Deriv: Quant Meth
4,24,,,57615,Richard Stanton,,Financial Engineering,230I,001,B,Letter Grade,B+,Fixed Income Markts
4,11,,,57635,Tiffany Rasmussen,,Financial Engineering,230W,001,B,Letter Grade,B+,Acct Taxation Deriv
4,25,,,71205,Edward Revelli,,Optometry,430A,001,B,Letter Grade,B+,Optometry Clinics
4,8,,,71210,Edward Revelli,,Optometry,440A,001,B,Letter Grade,B+,Adv Optom Clinic
4,8,,,71215,Edward Revelli,,Optometry,441A,001,B,Letter Grade,B+,Specialty Clinics
4,7,,,79420,Brent Fulton,,Public Health,W200E,001,B,Letter Grade,B+,Hpm Breadth
4,2,,,79423,Charlotte Chang,,Public Health,W200G,001,B,Letter Grade,B+,Hsb Breadth
4,2,,,79430,Michael Bates,,Public Health,250A,001,B,Letter Grade,B+,Epidemiolog Meth I
4,2,,,79449,Brent Fulton,,Public Health,298,002,B,Letter Grade,B+,Group Study
4,1,,,82050,Linda Rugg,,Scandinavian,298,002,B,Letter Grade,B+,Special Study
5,16,,,19405,Susan Cheng,,Evening & Weekend MBA,231,011,B,Letter Grade,B,Corp Finance
5,20,,,19415,Peter Goodson,,Evening & Weekend MBA,237,001,B,Letter Grade,B,Topics In Finance
5,2,,,19435,Wasim Azhar,,Evening & Weekend MBA,269,001,B,Letter Grade,B,Pricing
5,11,,,19505,Clark Kellogg,,Evening & Weekend MBA,296,002,B,Letter Grade,B,Special Topics
5,8,,,19510,Clark Kellogg,,Evening & Weekend MBA,296,003,B,Letter Grade,B,Special Topics
5,5,,,19520,Clark Kellogg,,Evening & Weekend MBA,296,012,B,Letter Grade,B,Special Topics
5,10,,,19903,Gregory La Blanc,,Executive MBA,200S,001,B,Letter Grade,B,Data And Decisions
5,15,,,19904,Catherine Wolfram,,Executive MBA,201A,001,B,Letter Grade,B,Managerial Econ
5,13,,,19925,Mark Rittenberg,,Executive MBA,291T,001,B,Letter Grade,B,Topics In Man Comm
5,23,,,19990,Xiao-Jun Zhang,,Executive MBA,202A,001,B,Letter Grade,B,Financial Acct
5,5,,,32360,Haluk Ergin,,Economics,204,001,B,Letter Grade,B,Math Tools For Econ
5,1,,,33420,Alysse Castro,,Education,266B,001,B,Letter Grade,B,Sch Site Fin Res
5,7,,,57610,Domingo Tavella,,Financial Engineering,230D,001,B,Letter Grade,B,Deriv: Quant Meth
5,14,,,57615,Richard Stanton,,Financial Engineering,230I,001,B,Letter Grade,B,Fixed Income Markts
5,10,,,57635,Tiffany Rasmussen,,Financial Engineering,230W,001,B,Letter Grade,B,Acct Taxation Deriv
5,4,,,79420,Brent Fulton,,Public Health,W200E,001,B,Letter Grade,B,Hpm Breadth
5,4,,,79423,Charlotte Chang,,Public Health,W200G,001,B,Letter Grade,B,Hsb Breadth
5,2,,,79430,Michael Bates,,Public Health,250A,001,B,Letter Grade,B,Epidemiolog Meth I
5,3,,,79449,Brent Fulton,,Public Health,298,002,B,Letter Grade,B,Group Study
5,1,,,82729,Robert Ayasse,,Social Welfare,250T,001,B,Letter Grade,B,Sw Practice In Schl
6,3,,,19405,Susan Cheng,,Evening & Weekend MBA,231,011,B,Letter Grade,B-,Corp Finance
6,5,,,19415,Peter Goodson,,Evening & Weekend MBA,237,001,B,Letter Grade,B-,Topics In Finance
6,2,,,19510,Clark Kellogg,,Evening & Weekend MBA,296,003,B,Letter Grade,B-,Special Topics
6,1,,,19520,Clark Kellogg,,Evening & Weekend MBA,296,012,B,Letter Grade,B-,Special Topics
6,1,,,19525,Edgar Anthony Zaloom,,Evening & Weekend MBA,298S,001,B,Letter Grade,B-,Seminar Intl Bus
6,9,,,19903,Gregory La Blanc,,Executive MBA,200S,001,B,Letter Grade,B-,Data And Decisions
6,2,,,19904,Catherine Wolfram,,Executive MBA,201A,001,B,Letter Grade,B-,Managerial Econ
6,3,,,19990,Xiao-Jun Zhang,,Executive MBA,202A,001,B,Letter Grade,B-,Financial Acct
6,5,,,32360,Haluk Ergin,,Economics,204,001,B,Letter Grade,B-,Math Tools For Econ
6,1,,,33418,Rebecca Cheung,,Education,262H,001,B,Letter Grade,B-,Urbschldship/Mgt 2
6,1,,,33423,Kristin Smith; Rebecca Cheung,,Education,271E,001,B,Letter Grade,B-,Teach/Lrn Ed Lead 1
6,2,,,57610,Domingo Tavella,,Financial Engineering,230D,001,B,Letter Grade,B-,Deriv: Quant Meth
6,1,,,57615,Richard Stanton,,Financial Engineering,230I,001,B,Letter Grade,B-,Fixed Income Markts
6,7,,,57635,Tiffany Rasmussen,,Financial Engineering,230W,001,B,Letter Grade,B-,Acct Taxation Deriv
6,1,,,71205,Edward Revelli,,Optometry,430A,001,B,Letter Grade,B-,Optometry Clinics
6,3,,,79420,Brent Fulton,,Public Health,W200E,001,B,Letter Grade,B-,Hpm Breadth
6,2,,,79423,Charlotte Chang,,Public Health,W200G,001,B,Letter Grade,B-,Hsb Breadth
6,1,,,79449,Brent Fulton,,Public Health,298,002,B,Letter Grade,B-,Group Study
7,2,,,19903,Gregory La Blanc,,Executive MBA,200S,001,C,Letter Grade,C+,Data And Decisions
7,1,,,19904,Catherine Wolfram,,Executive MBA,201A,001,C,Letter Grade,C+,Managerial Econ
7,2,,,19990,Xiao-Jun Zhang,,Executive MBA,202A,001,C,Letter Grade,C+,Financial Acct
7,1,,,71205,Edward Revelli,,Optometry,430A,001,C,Letter Grade,C+,Optometry Clinics
7,1,,,79420,Brent Fulton,,Public Health,W200E,001,C,Letter Grade,C+,Hpm Breadth
8,1,,,32360,Haluk Ergin,,Economics,204,001,C,Letter Grade,C,Math Tools For Econ
8,1,,,33425,Frances Kendall,,Education,271F,001,C,Letter Grade,C,Teach/Lrn Ed Lead 2
8,1,,,79423,Charlotte Chang,,Public Health,W200G,001,C,Letter Grade,C,Hsb Breadth
13,1,,,83525,Sandra Smith,,Sociology,299,001,F,Letter Grade,F,Indiv Study & Res
20,3,,,55805,Anne O'Connell,,Law,200S,001,Credit,Non-Letter Grade,High Honors,Civil Procedure
20,4,,,55810,Mark Gergen,,Law,201S,001,Credit,Non-Letter Grade,High Honors,Torts
20,10,,,55815,Robert Berring,,Law,202S,001,Credit,Non-Letter Grade,High Honors,Contracts
20,8,,,55818,William Dodge,,Law,202S,002,Credit,Non-Letter Grade,High Honors,Contracts
20,19,,,55858,William Fernholz,,Law,2089S,001,Credit,Non-Letter Grade,High Honors,"Fundamntls,U S Law"
20,2,,,55862,Bruce Budner,,Law,2101S,001,Credit,Non-Letter Grade,High Honors,"Legl Eth,Pract Law"
20,3,,,55863,Bertrall Ross,,Law,2206S,001,Credit,Non-Letter Grade,High Honors,Constitutional Law
20,3,,,55864,John Yoo,,Law,2401S,001,Credit,Non-Letter Grade,High Honors,Int'L Civil Litigat
20,8,,,55865,Mai Linh Spencer,,Law,241S,001,Credit,Non-Letter Grade,High Honors,Evidence
20,16,,,55880,Eric Talley,,Law,2485S,001,Credit,Non-Letter Grade,High Honors,Mergers&Acquisition
20,15,,,55885,Justin Mccrary,,Law,250S,001,Credit,Non-Letter Grade,High Honors,Business Assoc
20,12,,,55890,Reza Dibadj,,Law,2522S,001,Credit,Non-Letter Grade,High Honors,Antitrust Law
20,4,,,55898,Robert Bartlett,,Law,2555S,001,Credit,Non-Letter Grade,High Honors,Securities Regulat
20,3,,,55899,Reza Dibadj,,Law,2611S,001,Credit,Non-Letter Grade,High Honors,Int'L Business Tran
20,3,,,55900,Andrew Guzman,,Law,2624S,001,Credit,Non-Letter Grade,High Honors,Foreign Invest Law
20,1,,,55903,Saira Mohamed,,Law,263S,001,Credit,Non-Letter Grade,High Honors,Int'L Human Rights
20,6,,,55905,Peter Menell,,Law,2753S,001,Credit,Non-Letter Grade,High Honors,"Intro, Intell Prop"
20,3,,,55908,Paul Schwartz,,Law,276PS,001,Credit,Non-Letter Grade,High Honors,Info Privacy Law
20,6,,,55909,Robert Merges,,Law,277WS,001,Credit,Non-Letter Grade,High Honors,Patent Law
20,5,,,55930,Carol Langford,,Law,2101S,002,Credit,Non-Letter Grade,High Honors,"Legl Eth,Pract Law"
21,3,,,55805,Anne O'Connell,,Law,200S,001,Credit,Non-Letter Grade,Honors,Civil Procedure
21,5,,,55810,Mark Gergen,,Law,201S,001,Credit,Non-Letter Grade,Honors,Torts
21,15,,,55815,Robert Berring,,Law,202S,001,Credit,Non-Letter Grade,Honors,Contracts
21,13,,,55818,William Dodge,,Law,202S,002,Credit,Non-Letter Grade,Honors,Contracts
21,28,,,55858,William Fernholz,,Law,2089S,001,Credit,Non-Letter Grade,Honors,"Fundamntls,U S Law"
21,5,,,55862,Bruce Budner,,Law,2101S,001,Credit,Non-Letter Grade,Honors,"Legl Eth,Pract Law"
21,1,,,55863,Bertrall Ross,,Law,2206S,001,Credit,Non-Letter Grade,Honors,Constitutional Law
21,6,,,55864,John Yoo,,Law,2401S,001,Credit,Non-Letter Grade,Honors,Int'L Civil Litigat
21,11,,,55865,Mai Linh Spencer,,Law,241S,001,Credit,Non-Letter Grade,Honors,Evidence
21,24,,,55880,Eric Talley,,Law,2485S,001,Credit,Non-Letter Grade,Honors,Mergers&Acquisition
21,24,,,55885,Justin Mccrary,,Law,250S,001,Credit,Non-Letter Grade,Honors,Business Assoc
21,19,,,55890,Reza Dibadj,,Law,2522S,001,Credit,Non-Letter Grade,Honors,Antitrust Law
21,5,,,55898,Robert Bartlett,,Law,2555S,001,Credit,Non-Letter Grade,Honors,Securities Regulat
21,6,,,55899,Reza Dibadj,,Law,2611S,001,Credit,Non-Letter Grade,Honors,Int'L Business Tran
21,3,,,55900,Andrew Guzman,,Law,2624S,001,Credit,Non-Letter Grade,Honors,Foreign Invest Law
21,1,,,55903,Saira Mohamed,,Law,263S,001,Credit,Non-Letter Grade,Honors,Int'L Human Rights
21,10,,,55905,Peter Menell,,Law,2753S,001,Credit,Non-Letter Grade,Honors,"Intro, Intell Prop"
21,6,,,55908,Paul Schwartz,,Law,276PS,001,Credit,Non-Letter Grade,Honors,Info Privacy Law
21,9,,,55909,Robert Merges,,Law,277WS,001,Credit,Non-Letter Grade,Honors,Patent Law
21,7,,,55930,Carol Langford,,Law,2101S,002,Credit,Non-Letter Grade,Honors,"Legl Eth,Pract Law"
22,1,,,36313,Kristofer Pister,,Electrical Engineering,299,071,Credit,Non-Letter Grade,Pass,Indiv Research
22,1,,,37450,Filippos Filippou,,Civil & Environmental Eng,297,001,Credit,Non-Letter Grade,Pass,Fld Studies In Cee
22,1,,,43505,Celine Pallud,,"Env Sci, Policy, & Mgmt",N299,028,Credit,Non-Letter Grade,Pass,Individual Research
22,4,,,53720,Robert Gunnison,,Journalism,298,001,Credit,Non-Letter Grade,Pass,Group Study
22,4,,,55805,Anne O'Connell,,Law,200S,001,Credit,Non-Letter Grade,Pass,Civil Procedure
22,9,,,55810,Mark Gergen,,Law,201S,001,Credit,Non-Letter Grade,Pass,Torts
22,24,,,55815,Robert Berring,,Law,202S,001,Credit,Non-Letter Grade,Pass,Contracts
22,20,,,55818,William Dodge,,Law,202S,002,Credit,Non-Letter Grade,Pass,Contracts
22,46,,,55858,William Fernholz,,Law,2089S,001,Credit,Non-Letter Grade,Pass,"Fundamntls,U S Law"
22,9,,,55862,Bruce Budner,,Law,2101S,001,Credit,Non-Letter Grade,Pass,"Legl Eth,Pract Law"
22,4,,,55863,Bertrall Ross,,Law,2206S,001,Credit,Non-Letter Grade,Pass,Constitutional Law
22,3,,,55864,John Yoo,,Law,2401S,001,Credit,Non-Letter Grade,Pass,Int'L Civil Litigat
22,19,,,55865,Mai Linh Spencer,,Law,241S,001,Credit,Non-Letter Grade,Pass,Evidence
22,35,,,55880,Eric Talley,,Law,2485S,001,Credit,Non-Letter Grade,Pass,Mergers&Acquisition
22,38,,,55885,Justin Mccrary,,Law,250S,001,Credit,Non-Letter Grade,Pass,Business Assoc
22,30,,,55890,Reza Dibadj,,Law,2522S,001,Credit,Non-Letter Grade,Pass,Antitrust Law
22,9,,,55898,Robert Bartlett,,Law,2555S,001,Credit,Non-Letter Grade,Pass,Securities Regulat
22,8,,,55899,Reza Dibadj,,Law,2611S,001,Credit,Non-Letter Grade,Pass,Int'L Business Tran
22,7,,,55900,Andrew Guzman,,Law,2624S,001,Credit,Non-Letter Grade,Pass,Foreign Invest Law
22,1,,,55903,Saira Mohamed,,Law,263S,001,Credit,Non-Letter Grade,Pass,Int'L Human Rights
22,15,,,55905,Peter Menell,,Law,2753S,001,Credit,Non-Letter Grade,Pass,"Intro, Intell Prop"
22,8,,,55908,Paul Schwartz,,Law,276PS,001,Credit,Non-Letter Grade,Pass,Info Privacy Law
22,14,,,55909,Robert Merges,,Law,277WS,001,Credit,Non-Letter Grade,Pass,Patent Law
22,11,,,55930,Carol Langford,,Law,2101S,002,Credit,Non-Letter Grade,Pass,"Legl Eth,Pract Law"
22,8,,,79430,Michael Bates,,Public Health,250A,001,Credit,Non-Letter Grade,Pass,Epidemiolog Meth I
22,1,,,79505,Richard Stephens,,Public Health,299,031,Credit,Non-Letter Grade,Pass,Independnt Research
23,1,,,55818,William Dodge,,Law,202S,002,Credit,Non-Letter Grade,Pass Conditional,Contracts
23,1,,,55900,Andrew Guzman,,Law,2624S,001,Credit,Non-Letter Grade,Pass Conditional,Foreign Invest Law
24,13,,,55820,Betsy Candler,,Law,2062S,001,Credit,Non-Letter Grade,Credit,"Llm Leg Res,Writ Ii"
24,11,,,55823,Betsy Candler,,Law,2062S,002,Credit,Non-Letter Grade,Credit,"Llm Leg Res,Writ Ii"
24,10,,,55824,Betsy Candler,,Law,2062S,003,Credit,Non-Letter Grade,Credit,"Llm Leg Res,Writ Ii"
24,13,,,55825,Daniel Farber,,Law,2063S,001,Credit,Non-Letter Grade,Credit,"Llm Leg Res,Wr Iia"
24,17,,,55830,Robyn Fass Wang,,Law,2064S,001,Credit,Non-Letter Grade,Credit,"Llm Legl Res,Writ I"
24,17,,,55835,Megan Hailey-Dunsheath,,Law,2064S,002,Credit,Non-Letter Grade,Credit,"Llm Legl Res,Writ I"
24,15,,,55838,Charles Reichmann,,Law,2064S,003,Credit,Non-Letter Grade,Credit,"Llm Legl Res,Writ I"
24,15,,,55839,Kenneth Albert,,Law,2064S,004,Credit,Non-Letter Grade,Credit,"Llm Legl Res,Writ I"
24,42,,,55870,Emily Epstein,,Law,245S,001,Credit,Non-Letter Grade,Credit,Negotiations
24,3,,,55915,Robert Berring,,Law,297C,001,Credit,Non-Letter Grade,Credit,Curric Prac Train
24,23,,,55920,Christopher Kutz,,Law,602,001,Credit,Non-Letter Grade,Credit,"Indiv Study, Jsp Dr"
24,16,,,55925,Charles Reichmann,,Law,2064S,005,Credit,Non-Letter Grade,Credit,"Llm Legl Res,Writ I"
24,13,,,55935,Betsy Candler,,Law,2064S,006,Credit,Non-Letter Grade,Credit,"Llm Legl Res,Writ I"
25,5,,,10265,Leigh Raiford,,African American Studies,299,001,Credit,Non-Letter Grade,Satisfactory,Ind Stdy/Res
25,9,,,11010,Peter Berck,,Ag & Resource Econ & Pol,N299,001,Credit,Non-Letter Grade,Satisfactory,Individual Research
25,1,,,11205,Carlos Norena,,Anc Hist & Medit Archae,299,001,Credit,Non-Letter Grade,Satisfactory,Special Study
25,1,,,12443,Paul Rabinow,,Anthropology,N298,004,Credit,Non-Letter Grade,Satisfactory,Directed Reading
25,4,,,12465,Charles Briggs,,Anthropology,N299,005,Credit,Non-Letter Grade,Satisfactory,Directed Research
25,1,,,12485,Christine Hastorf,,Anthropology,N299,009,Credit,Non-Letter Grade,Satisfactory,Directed Research
25,1,,,12490,Rosemary Joyce,,Anthropology,N299,010,Credit,Non-Letter Grade,Satisfactory,Directed Research
25,1,,,12530,Paul Rabinow,,Anthropology,N299,018,Credit,Non-Letter Grade,Satisfactory,Directed Research
25,1,,,12585,Sabrina Agarwal,,Anthropology,N299,029,Credit,Non-Letter Grade,Satisfactory,Directed Research
25,1,,,12720,Constance Chang-Hasnain,,Applied Science & Tech,299,004,Credit,Non-Letter Grade,Satisfactory,Individual Research
25,2,,,13475,Andrew Shanken,,Architecture,N299,002,Credit,Non-Letter Grade,Satisfactory,Individual Study
25,1,,,13495,Galen Cranz,,Architecture,N299,006,Credit,Non-Letter Grade,Satisfactory,Individual Study
25,10,,,14685,Andrew Stewart,,History of Art,299,001,Credit,Non-Letter Grade,Satisfactory,Special Study-Grad
25,3,,,14690,Andrew Stewart,,History of Art,299,002,Credit,Non-Letter Grade,Satisfactory,Special Study-Grad
25,1,,,16395,Steven Boggs,,Astronomy,N299,005,Credit,Non-Letter Grade,Satisfactory,"Adv Study, Research"
25,1,,,16405,Mariska Kriek,,Astronomy,N299,007,Credit,Non-Letter Grade,Satisfactory,"Adv Study, Research"
25,1,,,16415,Reinhard Genzel,,Astronomy,N299,009,Credit,Non-Letter Grade,Satisfactory,"Adv Study, Research"
25,1,,,16423,Christopher Mckee; Richard Klein,,Astronomy,N299,011,Credit,Non-Letter Grade,Satisfactory,"Adv Study, Research"
25,1,,,17280,Daniel Fletcher,,Bioengineering,N299,006,Credit,Non-Letter Grade,Satisfactory,Indiv Stud Research
25,1,,,17290,Kevin Healy,,Bioengineering,N299,008,Credit,Non-Letter Grade,Satisfactory,Indiv Stud Research
25,1,,,17365,John Dueber,,Bioengineering,N299,023,Credit,Non-Letter Grade,Satisfactory,Indiv Stud Research
25,1,,,17965,Robert Sharf,,Buddhist Studies,298,002,Credit,Non-Letter Grade,Satisfactory,Dir Stu For Grad St
25,2,,,17970,Alexander Von Rospatt,,Buddhist Studies,298,003,Credit,Non-Letter Grade,Satisfactory,Dir Stu For Grad St
25,46,,,19015,Julia Hwang,,Business Admin-MBA,293C,001,Credit,Non-Letter Grade,Satisfactory,Curriclr Pract Trng
25,2,,,22840,Michelle Chang,,Chemistry,N299,032,Credit,Non-Letter Grade,Satisfactory,Research
25,1,,,22999,Thomas Maimone,,Chemistry,N299,065,Credit,Non-Letter Grade,Satisfactory,Research
25,1,,,23865,Roya Maboudian,,Chemical Engineering,N299,022,Credit,Non-Letter Grade,Satisfactory,Research Chem Engin
25,11,,,25135,-,,City & Regional Planning,N299,001,Credit,Non-Letter Grade,Satisfactory,Ind Stdy Or Res
25,1,,,25560,Kim Shelton,,Classics,299,004,Credit,Non-Letter Grade,Satisfactory,Special Study
25,1,,,25575,Dylan Sailor,,Classics,299,007,Credit,Non-Letter Grade,Satisfactory,Special Study
25,1,,,27605,George Sensabaugh,,Comparative Biochemistry,299,001,Credit,Non-Letter Grade,Satisfactory,Compbio Research
25,1,,,28675,Bjorn Hartmann,,Computer Science,297,002,Credit,Non-Letter Grade,Satisfactory,Field Studies In Cs
25,1,,,28680,Maneesh Agrawala,,Computer Science,299,001,Credit,Non-Letter Grade,Satisfactory,Indiv Research
25,1,,,28695,Eric Brewer,,Computer Science,299,004,Credit,Non-Letter Grade,Satisfactory,Indiv Research
25,2,,,28700,John Canny,,Computer Science,299,005,Credit,Non-Letter Grade,Satisfactory,Indiv Research
25,2,,,28705,David Culler,,Computer Science,299,006,Credit,Non-Letter Grade,Satisfactory,Indiv Research
25,2,,,28710,James Demmel,,Computer Science,299,007,Credit,Non-Letter Grade,Satisfactory,Indiv Research
25,4,,,28720,Trevor Darrell,,Computer Science,299,009,Credit,Non-Letter Grade,Satisfactory,Indiv Research
25,1,,,28730,Michael Franklin,,Computer Science,299,011,Credit,Non-Letter Grade,Satisfactory,Indiv Research
25,1,,,28760,Michael Jordan,,Computer Science,299,017,Credit,Non-Letter Grade,Satisfactory,Indiv Research
25,1,,,28780,Randy Katz,,Computer Science,299,021,Credit,Non-Letter Grade,Satisfactory,Indiv Research
25,1,,,28785,John Kubiatowicz,,Computer Science,299,022,Credit,Non-Letter Grade,Satisfactory,Indiv Research
25,1,,,28790,Daniel Klein,,Computer Science,299,023,Credit,Non-Letter Grade,Satisfactory,Indiv Research
25,2,,,28795,Jitendra Malik,,Computer Science,299,024,Credit,Non-Letter Grade,Satisfactory,Indiv Research
25,1,,,28800,Lior Pachter,,Computer Science,299,025,Credit,Non-Letter Grade,Satisfactory,Indiv Research
25,2,,,28810,James O'Brien,,Computer Science,299,027,Credit,Non-Letter Grade,Satisfactory,Indiv Research
25,1,,,28815,Christos Papadimitriou,,Computer Science,299,028,Credit,Non-Letter Grade,Satisfactory,Indiv Research
25,2,,,28825,Satish Rao,,Computer Science,299,030,Credit,Non-Letter Grade,Satisfactory,Indiv Research
25,2,,,28830,Sylvia Ratnasamy,,Computer Science,299,031,Credit,Non-Letter Grade,Satisfactory,Indiv Research
25,2,,,28835,Stuart Russell,,Computer Science,299,032,Credit,Non-Letter Grade,Satisfactory,Indiv Research
25,2,,,28850,Alistair Sinclair,,Computer Science,299,035,Credit,Non-Letter Grade,Satisfactory,Indiv Research
25,3,,,28860,Ion Stoica,,Computer Science,299,037,Credit,Non-Letter Grade,Satisfactory,Indiv Research
25,2,,,28875,Umesh Vazirani,,Computer Science,299,040,Credit,Non-Letter Grade,Satisfactory,Indiv Research
25,1,,,28885,John Wawrzynek,,Computer Science,299,042,Credit,Non-Letter Grade,Satisfactory,Indiv Research
25,1,,,28915,Armando Fox,,Computer Science,299,048,Credit,Non-Letter Grade,Satisfactory,Indiv Research
25,1,,,28920,Lior Pachter,,Computer Science,299,049,Credit,Non-Letter Grade,Satisfactory,Indiv Research
25,1,,,28925,Scott Shenker,,Computer Science,299,050,Credit,Non-Letter Grade,Satisfactory,Indiv Research
25,1,,,28930,Vern Paxson,,Computer Science,299,051,Credit,Non-Letter Grade,Satisfactory,Indiv Research
25,1,,,28945,Krste Asanovic,,Computer Science,299,054,Credit,Non-Letter Grade,Satisfactory,Indiv Research
25,1,,,28955,Elchanan Mossel,,Computer Science,299,056,Credit,Non-Letter Grade,Satisfactory,Indiv Research
25,4,,,28960,Xiaodong Song,,Computer Science,299,057,Credit,Non-Letter Grade,Satisfactory,Indiv Research
25,1,,,28965,Yun Song,,Computer Science,299,058,Credit,Non-Letter Grade,Satisfactory,Indiv Research
25,1,,,28985,Eric Paulos,,Computer Science,299,062,Credit,Non-Letter Grade,Satisfactory,Indiv Research
25,2,,,31095,David Romps,,Earth & Planetary Science,280,028,Credit,Non-Letter Grade,Satisfactory,Research
25,2,,,32445,Pierre-Olivier Gourinchas,,Economics,299,014,Credit,Non-Letter Grade,Satisfactory,Independent Study
25,1,,,32465,David Romer,,Economics,299,018,Credit,Non-Letter Grade,Satisfactory,Independent Study
25,2,,,32505,Yuriy Gorodnichenko,,Economics,299,026,Credit,Non-Letter Grade,Satisfactory,Independent Study
25,2,,,32575,Haluk Ergin,,Economics,N299,012,Credit,Non-Letter Grade,Satisfactory,Independent Study
25,1,,,32615,Ronald Lee,,Economics,N299,020,Credit,Non-Letter Grade,Satisfactory,Independent Study
25,1,,,32640,David Card,,Economics,N299,025,Credit,Non-Letter Grade,Satisfactory,Independent Study
25,2,,,32645,Edward Miguel,,Economics,N299,026,Credit,Non-Letter Grade,Satisfactory,Independent Study
25,1,,,32655,Matthew Rabin,,Economics,N299,028,Credit,Non-Letter Grade,Satisfactory,Independent Study
25,2,,,32660,Stefano Dellavigna,,Economics,N299,029,Credit,Non-Letter Grade,Satisfactory,Independent Study
25,2,,,32670,Emmanuel Saez,,Economics,N299,031,Credit,Non-Letter Grade,Satisfactory,Independent Study
25,1,,,32685,Jesse Rothstein,,Economics,N602,002,Credit,Non-Letter Grade,Satisfactory,Individual Study
25,1,,,32710,David Card,,Economics,N602,007,Credit,Non-Letter Grade,Satisfactory,Individual Study
25,1,,,32715,Michael Jansson,,Economics,N602,008,Credit,Non-Letter Grade,Satisfactory,Individual Study
25,2,,,32755,Andres Rodriguez-Clare,,Economics,N602,016,Credit,Non-Letter Grade,Satisfactory,Individual Study
25,1,,,33455,Page Tompkins,,Education,294E,001,Credit,Non-Letter Grade,Satisfactory,Thesis Seminar
25,6,,,33460,Heinrich Mintrop,,Education,294E,002,Credit,Non-Letter Grade,Satisfactory,Thesis Seminar
25,1,,,33475,Kathleen Metz,,Education,N299,002,Credit,Non-Letter Grade,Satisfactory,Special Study
25,3,,,33480,Glynda Hull,,Education,N299,003,Credit,Non-Letter Grade,Satisfactory,Special Study
25,5,,,33490,Frank Worrell,,Education,N299,005,Credit,Non-Letter Grade,Satisfactory,Special Study
25,2,,,33495,Elliot Turiel,,Education,N299,006,Credit,Non-Letter Grade,Satisfactory,Special Study
25,1,,,33505,Sophia Rabe-Hesketh,,Education,N299,008,Credit,Non-Letter Grade,Satisfactory,Special Study
25,1,,,33510,Janelle Perry,,Education,N299,009,Credit,Non-Letter Grade,Satisfactory,Special Study
25,2,,,33515,Heinrich Mintrop,,Education,N299,010,Credit,Non-Letter Grade,Satisfactory,Special Study
25,1,,,33520,P Pearson,,Education,N299,011,Credit,Non-Letter Grade,Satisfactory,Special Study
25,1,,,33530,Lisa Garcia-Bedolla,,Education,N299,013,Credit,Non-Letter Grade,Satisfactory,Special Study
25,2,,,33535,Tina Trujillo,,Education,N299,014,Credit,Non-Letter Grade,Satisfactory,Special Study
25,1,,,33540,Andrea Disessa,,Education,N299,015,Credit,Non-Letter Grade,Satisfactory,Special Study
25,2,,,33545,Susan Holloway,,Education,N299,016,Credit,Non-Letter Grade,Satisfactory,Special Study
25,4,,,33550,Claire Kramsch,,Education,N299,017,Credit,Non-Letter Grade,Satisfactory,Special Study
25,2,,,33560,Sahara Baquedano-Lopez,,Education,N299,019,Credit,Non-Letter Grade,Satisfactory,Special Study
25,4,,,33565,Nailah Suad-Bakari,,Education,N299,020,Credit,Non-Letter Grade,Satisfactory,Special Study
25,1,,,33570,Alan Schoenfeld,,Education,N299,021,Credit,Non-Letter Grade,Satisfactory,Special Study
25,2,,,33575,Zeus Leonardo,,Education,N299,022,Credit,Non-Letter Grade,Satisfactory,Special Study
25,6,,,33580,Rebecca Cheung,,Education,N299,023,Credit,Non-Letter Grade,Satisfactory,Special Study
25,3,,,33585,Daniel Perlstein,,Education,N299,024,Credit,Non-Letter Grade,Satisfactory,Special Study
25,1,,,33595,Marcia Linn,,Education,N299,026,Credit,Non-Letter Grade,Satisfactory,Special Study
25,1,,,33600,Judith Little,,Education,N299,027,Credit,Non-Letter Grade,Satisfactory,Special Study
25,3,,,35210,Daniel Kammen,,Energy and Resources,N299,001,Credit,Non-Letter Grade,Satisfactory,Indiv Research
25,1,,,35235,Margaret Torn,,Energy and Resources,N299,006,Credit,Non-Letter Grade,Satisfactory,Indiv Research
25,1,,,35240,Duncan Callaway,,Energy and Resources,N299,007,Credit,Non-Letter Grade,Satisfactory,Indiv Research
25,1,,,35975,Jan Rabaey,,Electrical Engineering,299,001,Credit,Non-Letter Grade,Satisfactory,Indiv Research
25,3,,,35985,Kannan Ramchandran,,Electrical Engineering,299,003,Credit,Non-Letter Grade,Satisfactory,Indiv Research
25,3,,,35990,Alberto Sangiovanni-Vincentelli,,Electrical Engineering,299,004,Credit,Non-Letter Grade,Satisfactory,Indiv Research
25,2,,,35995,Costas Spanos,,Electrical Engineering,299,005,Credit,Non-Letter Grade,Satisfactory,Indiv Research
25,2,,,36005,David Tse,,Electrical Engineering,299,007,Credit,Non-Letter Grade,Satisfactory,Indiv Research
25,1,,,36025,Jose Carmena,,Electrical Engineering,299,012,Credit,Non-Letter Grade,Satisfactory,Indiv Research
25,1,,,36040,Robert Brayton,,Electrical Engineering,299,015,Credit,Non-Letter Grade,Satisfactory,Indiv Research
25,2,,,36065,Laurent El Ghaoui,,Electrical Engineering,299,020,Credit,Non-Letter Grade,Satisfactory,Indiv Research
25,1,,,36070,Ronald Fearing,,Electrical Engineering,299,021,Credit,Non-Letter Grade,Satisfactory,Indiv Research
25,1,,,36105,Kurt Keutzer,,Electrical Engineering,299,029,Credit,Non-Letter Grade,Satisfactory,Indiv Research
25,1,,,36110,Tsu-Jae Liu,,Electrical Engineering,299,030,Credit,Non-Letter Grade,Satisfactory,Indiv Research
25,1,,,36120,Jaijeet Roychowdhury,,Electrical Engineering,299,032,Credit,Non-Letter Grade,Satisfactory,Indiv Research
25,1,,,36135,Michel Maharbiz,,Electrical Engineering,299,035,Credit,Non-Letter Grade,Satisfactory,Indiv Research
25,1,,,36140,Nelson Morgan,,Electrical Engineering,299,036,Credit,Non-Letter Grade,Satisfactory,Indiv Research
25,1,,,36155,Clark Nguyen,,Electrical Engineering,299,039,Credit,Non-Letter Grade,Satisfactory,Indiv Research
25,2,,,36160,Borivoje Nikolic,,Electrical Engineering,299,040,Credit,Non-Letter Grade,Satisfactory,Indiv Research
25,2,,,36170,Kristofer Pister,,Electrical Engineering,299,042,Credit,Non-Letter Grade,Satisfactory,Indiv Research
25,1,,,36180,Sosale Sastry,,Electrical Engineering,299,044,Credit,Non-Letter Grade,Satisfactory,Indiv Research
25,1,,,36190,Vivek Subramanian,,Electrical Engineering,299,046,Credit,Non-Letter Grade,Satisfactory,Indiv Research
25,1,,,36195,Claire Tomlin,,Electrical Engineering,299,047,Credit,Non-Letter Grade,Satisfactory,Indiv Research
25,1,,,36205,Jean Walrand,,Electrical Engineering,299,049,Credit,Non-Letter Grade,Satisfactory,Indiv Research
25,1,,,36220,Ming-Chiang Wu,,Electrical Engineering,299,052,Credit,Non-Letter Grade,Satisfactory,Indiv Research
25,1,,,36225,Avideh Zakhor,,Electrical Engineering,299,053,Credit,Non-Letter Grade,Satisfactory,Indiv Research
25,1,,,36230,Ali Niknejad,,Electrical Engineering,299,054,Credit,Non-Letter Grade,Satisfactory,Indiv Research
25,1,,,36250,Andreas Kuehlmann,,Electrical Engineering,299,058,Credit,Non-Letter Grade,Satisfactory,Indiv Research
25,1,,,36255,Ruzena Bajcsy,,Electrical Engineering,299,059,Credit,Non-Letter Grade,Satisfactory,Indiv Research
25,2,,,36260,Albert Pisano,,Electrical Engineering,299,060,Credit,Non-Letter Grade,Satisfactory,Indiv Research
25,1,,,36265,Martin Wainwright,,Electrical Engineering,299,061,Credit,Non-Letter Grade,Satisfactory,Indiv Research
25,3,,,36270,Elad Alon,,Electrical Engineering,299,062,Credit,Non-Letter Grade,Satisfactory,Indiv Research
25,3,,,36275,Sanjit Seshia,,Electrical Engineering,299,063,Credit,Non-Letter Grade,Satisfactory,Indiv Research
25,1,,,36285,Sayeef Salahuddin,,Electrical Engineering,299,065,Credit,Non-Letter Grade,Satisfactory,Indiv Research
25,1,,,36290,Ana Arias,,Electrical Engineering,299,066,Credit,Non-Letter Grade,Satisfactory,Indiv Research
25,1,,,36300,Shimon Lustig,,Electrical Engineering,299,068,Credit,Non-Letter Grade,Satisfactory,Indiv Research
25,1,,,36310,Alexandre Bayen,,Electrical Engineering,299,070,Credit,Non-Letter Grade,Satisfactory,Indiv Research
25,1,,,36314,Costas Spanos,,Electrical Engineering,299,072,Credit,Non-Letter Grade,Satisfactory,Indiv Research
25,1,,,37450,Filippos Filippou,,Civil & Environmental Eng,297,001,Credit,Non-Letter Grade,Satisfactory,Fld Studies In Cee
25,1,,,37458,Slawomir Hermanowicz,,Civil & Environmental Eng,299,002,Credit,Non-Letter Grade,Satisfactory,Individual Research
25,1,,,37459,Robert Harley,,Civil & Environmental Eng,299,003,Credit,Non-Letter Grade,Satisfactory,Individual Research
25,2,,,37470,Mark Stacey,,Civil & Environmental Eng,299,005,Credit,Non-Letter Grade,Satisfactory,Individual Research
25,2,,,37480,Sally Thompson,,Civil & Environmental Eng,299,007,Credit,Non-Letter Grade,Satisfactory,Individual Research
25,1,,,37490,David Sedlak,,Civil & Environmental Eng,299,009,Credit,Non-Letter Grade,Satisfactory,Individual Research
25,2,,,37495,Kara Nelson,,Civil & Environmental Eng,299,010,Credit,Non-Letter Grade,Satisfactory,Individual Research
25,1,,,37500,Arpad Horvath,,Civil & Environmental Eng,299,011,Credit,Non-Letter Grade,Satisfactory,Individual Research
25,1,,,37505,Paulo Monteiro,,Civil & Environmental Eng,299,012,Credit,Non-Letter Grade,Satisfactory,Individual Research
25,1,,,37510,William Nazaroff,,Civil & Environmental Eng,299,013,Credit,Non-Letter Grade,Satisfactory,Individual Research
25,2,,,37515,Joan Walker,,Civil & Environmental Eng,299,014,Credit,Non-Letter Grade,Satisfactory,Individual Research
25,1,,,37520,Adib Kanafani,,Civil & Environmental Eng,299,015,Credit,Non-Letter Grade,Satisfactory,Individual Research
25,1,,,37530,Jonathan Bray,,Civil & Environmental Eng,299,016,Credit,Non-Letter Grade,Satisfactory,Individual Research
25,1,,,37540,Ashok Gadgil,,Civil & Environmental Eng,299,017,Credit,Non-Letter Grade,Satisfactory,Individual Research
25,1,,,37545,Alexandre Bayen,,Civil & Environmental Eng,299,018,Credit,Non-Letter Grade,Satisfactory,Individual Research
25,1,,,37550,Nicholas Sitar,,Civil & Environmental Eng,299,019,Credit,Non-Letter Grade,Satisfactory,Individual Research
25,1,,,38745,Candace Yano,,Industrial Eng & Ops Rsch,299,014,Credit,Non-Letter Grade,Satisfactory,Ind Study Or Resch
25,1,,,38748,Ying-Ju Chen,,Industrial Eng & Ops Rsch,299,015,Credit,Non-Letter Grade,Satisfactory,Ind Study Or Resch
25,1,,,40245,Roberto Horowitz,,Mechanical Engineering,297,015,Credit,Non-Letter Grade,Satisfactory,Eng Field Studies
25,1,,,40300,Mohammad Mofrad,,Mechanical Engineering,297,027,Credit,Non-Letter Grade,Satisfactory,Eng Field Studies
25,1,,,40375,Ronald Yeung,,Mechanical Engineering,297,042,Credit,Non-Letter Grade,Satisfactory,Eng Field Studies
25,1,,,40410,Alice Agogino,,Mechanical Engineering,299,001,Credit,Non-Letter Grade,Satisfactory,Indiv Stud Research
25,2,,,40420,Francesco Borrelli,,Mechanical Engineering,299,003,Credit,Non-Letter Grade,Satisfactory,Indiv Stud Research
25,1,,,40425,Van Carey,,Mechanical Engineering,299,004,Credit,Non-Letter Grade,Satisfactory,Indiv Stud Research
25,2,,,40450,David Dornfeld,,Mechanical Engineering,299,009,Credit,Non-Letter Grade,Satisfactory,Indiv Stud Research
25,1,,,40475,John Hedrick,,Mechanical Engineering,299,014,Credit,Non-Letter Grade,Satisfactory,Indiv Stud Research
25,1,,,40525,Alaa Mansour,,Mechanical Engineering,299,024,Credit,Non-Letter Grade,Satisfactory,Indiv Stud Research
25,1,,,40530,Philip Marcus,,Mechanical Engineering,299,025,Credit,Non-Letter Grade,Satisfactory,Indiv Stud Research
25,1,,,40535,Sara Mcmains,,Mechanical Engineering,299,026,Credit,Non-Letter Grade,Satisfactory,Indiv Stud Research
25,1,,,40560,Albert Pisano,,Mechanical Engineering,299,031,Credit,Non-Letter Grade,Satisfactory,Indiv Stud Research
25,1,,,40570,Lisa Pruitt,,Mechanical Engineering,299,033,Credit,Non-Letter Grade,Satisfactory,Indiv Stud Research
25,6,,,40600,Masayoshi Tomizuka,,Mechanical Engineering,299,039,Credit,Non-Letter Grade,Satisfactory,Indiv Stud Research
25,1,,,40625,Tarek Zohdi,,Mechanical Engineering,299,044,Credit,Non-Letter Grade,Satisfactory,Indiv Stud Research
25,1,,,40935,Eric Norman,,Nuclear Engineering,N299,002,Credit,Non-Letter Grade,Satisfactory,Individual Research
25,1,,,40965,Peter Hosemann,,Nuclear Engineering,N299,008,Credit,Non-Letter Grade,Satisfactory,Individual Research
25,1,,,40980,Kai Vetter,,Nuclear Engineering,N299,011,Credit,Non-Letter Grade,Satisfactory,Individual Research
25,8,,,42175,Stefan Pellegrini,,Environmental Design,253,001,Credit,Non-Letter Grade,Satisfactory,Urb Place Thes Std
25,2,,,43370,Justin Brashares,,"Env Sci, Policy, & Mgmt",N299,001,Credit,Non-Letter Grade,Satisfactory,Individual Research
25,1,,,43380,Reginald Barrett,,"Env Sci, Policy, & Mgmt",N299,003,Credit,Non-Letter Grade,Satisfactory,Individual Research
25,1,,,43430,Louise Fortmann,,"Env Sci, Policy, & Mgmt",N299,013,Credit,Non-Letter Grade,Satisfactory,Individual Research
25,1,,,43435,Wayne Getz,,"Env Sci, Policy, & Mgmt",N299,014,Credit,Non-Letter Grade,Satisfactory,Individual Research
25,1,,,43475,Gordon Frankie,,"Env Sci, Policy, & Mgmt",N299,022,Credit,Non-Letter Grade,Satisfactory,Individual Research
25,1,,,43485,Carolyn Merchant,,"Env Sci, Policy, & Mgmt",N299,024,Credit,Non-Letter Grade,Satisfactory,Individual Research
25,1,,,43505,Celine Pallud,,"Env Sci, Policy, & Mgmt",N299,028,Credit,Non-Letter Grade,Satisfactory,Individual Research
25,3,,,43520,George Roderick,,"Env Sci, Policy, & Mgmt",N299,031,Credit,Non-Letter Grade,Satisfactory,Individual Research
25,1,,,43535,Garrison Sposito,,"Env Sci, Policy, & Mgmt",N299,034,Credit,Non-Letter Grade,Satisfactory,Individual Research
25,1,,,43625,Gregory Biging,,"Env Sci, Policy, & Mgmt",N299,052,Credit,Non-Letter Grade,Satisfactory,Individual Research
25,3,,,43630,Matthew Potts,,"Env Sci, Policy, & Mgmt",N299,053,Credit,Non-Letter Grade,Satisfactory,Individual Research
25,1,,,43635,Rachel Morello-Frosch,,"Env Sci, Policy, & Mgmt",N299,054,Credit,Non-Letter Grade,Satisfactory,Individual Research
25,2,,,43655,Damian Elias,,"Env Sci, Policy, & Mgmt",N299,058,Credit,Non-Letter Grade,Satisfactory,Individual Research
25,1,,,43670,Patrick O'Grady,,"Env Sci, Policy, & Mgmt",N299,061,Credit,Non-Letter Grade,Satisfactory,Individual Research
25,2,,,43675,Erica Rosenblum,,"Env Sci, Policy, & Mgmt",N299,062,Credit,Non-Letter Grade,Satisfactory,Individual Research
25,1,,,43685,Isao Kubo,,"Env Sci, Policy, & Mgmt",N299,064,Credit,Non-Letter Grade,Satisfactory,Individual Research
25,1,,,44415,Keith Feldman,,Ethnic Studies Grad Group,299,001,Credit,Non-Letter Grade,Satisfactory,Directed Reading
25,1,,,44435,Shari Huhndorf,,Ethnic Studies Grad Group,299,005,Credit,Non-Letter Grade,Satisfactory,Directed Reading
25,1,,,44440,Beth Piatote,,Ethnic Studies Grad Group,299,006,Credit,Non-Letter Grade,Satisfactory,Directed Reading
25,1,,,44465,Ramon Grosfoguel,,Ethnic Studies Grad Group,299,011,Credit,Non-Letter Grade,Satisfactory,Directed Reading
25,6,,,44925,Jeffrey Skoller,,Film,298,001,Credit,Non-Letter Grade,Satisfactory,Special Study
25,6,,,45490,Karl Britto,,French,298,001,Credit,Non-Letter Grade,Satisfactory,Special Study
25,2,,,46890,Gillian Hart,,Geography,N299,005,Credit,Non-Letter Grade,Satisfactory,Individ Research
25,1,,,46905,Jon Kosek,,Geography,N299,008,Credit,Non-Letter Grade,Satisfactory,Individ Research
25,4,,,47310,Niklaus Largier,,German,298,001,Credit,Non-Letter Grade,Satisfactory,Group Study
25,3,,,47320,Irmengard Rauch,,German,N299,001,Credit,Non-Letter Grade,Satisfactory,Ind Study
25,30,,,49045,Andrew Barshay,,History,296,001,Credit,Non-Letter Grade,Satisfactory,Dissertation Res
25,10,,,49050,Andrew Barshay,,History,296,002,Credit,Non-Letter Grade,Satisfactory,Dissertation Res
25,1,,,49060,Nicolas Tackett,,History,299,002,Credit,Non-Letter Grade,Satisfactory,Directed Reading
25,2,,,49065,Carlos Norena,,History,299,003,Credit,Non-Letter Grade,Satisfactory,Directed Reading
25,25,,,49075,Andrew Barshay,,History,602,001,Credit,Non-Letter Grade,Satisfactory,Individual Study
25,18,,,49830,Coye Cheshire,,Information,293,001,Credit,Non-Letter Grade,Satisfactory,Cpt For Intl Stdnt
25,1,,,49865,Steven Weber,,Information,299,005,Credit,Non-Letter Grade,Satisfactory,Individual Study
25,1,,,49875,Tapan Parikh,,Information,299,007,Credit,Non-Letter Grade,Satisfactory,Individual Study
25,1,,,49880,Paul Duguid,,Information,299,008,Credit,Non-Letter Grade,Satisfactory,Individual Study
25,1,,,50810,Leslea Hlusko,,Integrative Biology,N298,006,Credit,Non-Letter Grade,Satisfactory,Special Study
25,2,,,50845,Eileen Lacey,,Integrative Biology,N299,001,Credit,Non-Letter Grade,Satisfactory,Graduate Research
25,1,,,50850,Robert Dudley,,Integrative Biology,N299,002,Credit,Non-Letter Grade,Satisfactory,Graduate Research
25,1,,,50870,Jimmy Mcguire,,Integrative Biology,N299,006,Credit,Non-Letter Grade,Satisfactory,Graduate Research
25,1,,,50890,David Lindberg,,Integrative Biology,N299,010,Credit,Non-Letter Grade,Satisfactory,Graduate Research
25,1,,,50895,Mimi Koehl,,Integrative Biology,N299,011,Credit,Non-Letter Grade,Satisfactory,Graduate Research
25,1,,,50905,Todd Dawson,,Integrative Biology,N299,013,Credit,Non-Letter Grade,Satisfactory,Graduate Research
25,2,,,50915,Anthony Barnosky,,Integrative Biology,N299,015,Credit,Non-Letter Grade,Satisfactory,Graduate Research
25,1,,,50920,Roy Caldwell,,Integrative Biology,N299,016,Credit,Non-Letter Grade,Satisfactory,Graduate Research
25,2,,,50925,Bruce Baldwin,,Integrative Biology,N299,017,Credit,Non-Letter Grade,Satisfactory,Graduate Research
25,1,,,50930,Wayne Sousa,,Integrative Biology,N299,018,Credit,Non-Letter Grade,Satisfactory,Graduate Research
25,1,,,50935,Rauri Bowie,,Integrative Biology,N299,019,Credit,Non-Letter Grade,Satisfactory,Graduate Research
25,1,,,50955,Steven Lehman,,Integrative Biology,N299,023,Credit,Non-Letter Grade,Satisfactory,Graduate Research
25,1,,,50960,Robert Full,,Integrative Biology,N299,024,Credit,Non-Letter Grade,Satisfactory,Graduate Research
25,2,,,52560,Maria Fuller,,Italian Studies,298,003,Credit,Non-Letter Grade,Satisfactory,Special Study
25,1,,,52575,Barbara Spackman,,Italian Studies,298,006,Credit,Non-Letter Grade,Satisfactory,Special Study
25,1,,,52595,Steven Botterill,,Italian Studies,N299,002,Credit,Non-Letter Grade,Satisfactory,Directed Research
25,1,,,52615,Barbara Spackman,,Italian Studies,N299,006,Credit,Non-Letter Grade,Satisfactory,Directed Research
25,2,,,54215,Jinsoo An,,Korean,298,001,Credit,Non-Letter Grade,Satisfactory,Direct Study Grad
25,3,,,54560,Louise Mozingo,,Landscape Arch & Env Plan,299,005,Credit,Non-Letter Grade,Satisfactory,Individual Research
25,1,,,54565,John Radke,,Landscape Arch & Env Plan,299,006,Credit,Non-Letter Grade,Satisfactory,Individual Research
25,1,,,55615,Estelle Tarica,,Latin American Studies,299,001,Credit,Non-Letter Grade,Satisfactory,Individual Study
25,9,,,57100,Andrew Garrett,,Linguistics,N299,001,Credit,Non-Letter Grade,Satisfactory,Special Ind Study
25,10,,,57105,Andrew Garrett,,Linguistics,N299,002,Credit,Non-Letter Grade,Satisfactory,Special Ind Study
25,2,,,57110,Andrew Garrett,,Linguistics,N601,001,Credit,Non-Letter Grade,Satisfactory,Ind Study Master'S
25,61,,,57625,Linda Kreitzman,,Financial Engineering,230T,001,Credit,Non-Letter Grade,Satisfactory,Topics In Fin Eng
25,1,,,59050,Martin Olsson,,Mathematics,295,002,Credit,Non-Letter Grade,Satisfactory,Individual Research
25,2,,,59110,Maciej Zworski,,Mathematics,295,014,Credit,Non-Letter Grade,Satisfactory,Individual Research
25,1,,,59140,Kenneth Ribet,,Mathematics,295,020,Credit,Non-Letter Grade,Satisfactory,Individual Research
25,1,,,59144,Lauren Williams,,Mathematics,295,022,Credit,Non-Letter Grade,Satisfactory,Individual Research
25,1,,,59155,Steven Evans,,Mathematics,299,003,Credit,Non-Letter Grade,Satisfactory,Reading Grad Studs
25,2,,,59175,Martin Olsson,,Mathematics,299,007,Credit,Non-Letter Grade,Satisfactory,Reading Grad Studs
25,1,,,59215,Francis Christ,,Mathematics,299,015,Credit,Non-Letter Grade,Satisfactory,Reading Grad Studs
25,1,,,59230,John Lott,,Mathematics,299,018,Credit,Non-Letter Grade,Satisfactory,Reading Grad Studs
25,1,,,59235,Paul Vojta,,Mathematics,299,019,Credit,Non-Letter Grade,Satisfactory,Reading Grad Studs
25,1,,,67685,Daniel Portnoy,,Molecular & Cell Biology,N292,015,Credit,Non-Letter Grade,Satisfactory,Research
25,1,,,68460,James Davies,,Music,296,006,Credit,Non-Letter Grade,Satisfactory,Dir Diss Research
25,1,,,68485,Bonnie Wade,,Music,N299,001,Credit,Non-Letter Grade,Satisfactory,Special Study
25,1,,,68490,Jocelyne Guilbault,,Music,N299,002,Credit,Non-Letter Grade,Satisfactory,Special Study
25,1,,,68510,Cindy Cox,,Music,N299,006,Credit,Non-Letter Grade,Satisfactory,Special Study
25,1,,,68515,Edmund Campion,,Music,N299,007,Credit,Non-Letter Grade,Satisfactory,Special Study
25,1,,,68540,Benjamin Brinner,,Music,N299,012,Credit,Non-Letter Grade,Satisfactory,Special Study
25,1,,,68545,Mary Ann Smart,,Music,N299,013,Credit,Non-Letter Grade,Satisfactory,Special Study
25,1,,,68548,Cindy Cox,,Music,N299,014,Credit,Non-Letter Grade,Satisfactory,Special Study
25,1,,,68570,Edmund Campion,,Music,N602,002,Credit,Non-Letter Grade,Satisfactory,Ind Doct Prep
25,1,,,69675,Benjamin Porter,,Near Eastern Studies,290A,008,Credit,Non-Letter Grade,Satisfactory,Special Studies
25,2,,,69685,Margaret Larkin,,Near Eastern Studies,290B,001,Credit,Non-Letter Grade,Satisfactory,Special Studies
25,1,,,69760,Nicolaas Veldhuis,,Near Eastern Studies,299,003,Credit,Non-Letter Grade,Satisfactory,Diss Res Writ
25,1,,,69765,Carol Redmount,,Near Eastern Studies,299,004,Credit,Non-Letter Grade,Satisfactory,Diss Res Writ
25,1,,,69770,Benjamin Porter,,Near Eastern Studies,299,005,Credit,Non-Letter Grade,Satisfactory,Diss Res Writ
25,1,,,69784,Daniel Boyarin,,Near Eastern Studies,299,009,Credit,Non-Letter Grade,Satisfactory,Diss Res Writ
25,1,,,69810,Margaret Larkin,,Near Eastern Studies,602,003,Credit,Non-Letter Grade,Satisfactory,Ind Stud Doc Studen
25,1,,,70140,Daniela Kaufer,,Neuroscience,292,036,Credit,Non-Letter Grade,Satisfactory,Neuroresearch
25,61,,,71230,Glen Ozawa; Robert Dimartino,,Optometry,499,001,Credit,Non-Letter Grade,Satisfactory,Independent Study
25,6,,,72485,Richard Wallace,,Philosophy,299,001,Credit,Non-Letter Grade,Satisfactory,Independent Study
25,2,,,72490,John Macfarlane,,Philosophy,299,002,Credit,Non-Letter Grade,Satisfactory,Independent Study
25,1,,,73895,Marjorie Shapiro,,Physics,295,002,Credit,Non-Letter Grade,Satisfactory,Special Study
25,2,,,73945,Michael Crommie,,Physics,299,002,Credit,Non-Letter Grade,Satisfactory,Research
25,1,,,73960,Yasunori Nomura,,Physics,299,005,Credit,Non-Letter Grade,Satisfactory,Research
25,1,,,73965,Ori Ganor,,Physics,299,006,Credit,Non-Letter Grade,Satisfactory,Research
25,1,,,73970,Steven Louie,,Physics,299,007,Credit,Non-Letter Grade,Satisfactory,Research
25,2,,,74860,John Coates,,Plant Biology,299,001,Credit,Non-Letter Grade,Satisfactory,Graduate Research
25,1,,,74920,Henrik Scheller,,Plant Biology,299,013,Credit,Non-Letter Grade,Satisfactory,Graduate Research
25,1,,,74980,Krishna Niyogi,,Plant Biology,299,025,Credit,Non-Letter Grade,Satisfactory,Graduate Research
25,1,,,75020,Chelsea Specht,,Plant Biology,299,033,Credit,Non-Letter Grade,Satisfactory,Graduate Research
25,26,,,76220,Eric Schickler,,Political Science,292,001,Credit,Non-Letter Grade,Satisfactory,Dir Advanced Study
25,2,,,78860,Robert Levenson,,Psychology,299,205,Credit,Non-Letter Grade,Satisfactory,Research
25,1,,,78944,Michael Ranney,,Psychology,299,224,Credit,Non-Letter Grade,Satisfactory,Research
25,2,,,79448,Joan Bloom,,Public Health,298,001,Credit,Non-Letter Grade,Satisfactory,Group Study
25,4,,,79495,Arthur Reingold,,Public Health,299,029,Credit,Non-Letter Grade,Satisfactory,Independnt Research
25,2,,,79510,William Dow,,Public Health,299,032,Credit,Non-Letter Grade,Satisfactory,Independnt Research
25,1,,,79515,Joan Bloom,,Public Health,299,033,Credit,Non-Letter Grade,Satisfactory,Independnt Research
25,2,,,79540,John Colford,,Public Health,299,038,Credit,Non-Letter Grade,Satisfactory,Independnt Research
25,2,,,79555,Lia Fernald,,Public Health,299,041,Credit,Non-Letter Grade,Satisfactory,Independnt Research
25,1,,,79565,Lee Riley,,Public Health,299,043,Credit,Non-Letter Grade,Satisfactory,Independnt Research
25,1,,,79615,Mark Van Der Laan,,Public Health,299,053,Credit,Non-Letter Grade,Satisfactory,Independnt Research
25,1,,,79620,Alan Hubbard,,Public Health,299,054,Credit,Non-Letter Grade,Satisfactory,Independnt Research
25,1,,,79640,Rachel Morello-Frosch,,Public Health,299,058,Credit,Non-Letter Grade,Satisfactory,Independnt Research
25,2,,,79660,Phuoc Le,,Public Health,299,061,Credit,Non-Letter Grade,Satisfactory,Independnt Research
25,1,,,79665,David Rempel,,Public Health,299,062,Credit,Non-Letter Grade,Satisfactory,Independnt Research
25,8,,,80910,Michael Mascuch,,Rhetoric,295,001,Credit,Non-Letter Grade,Satisfactory,Special Study
25,2,,,80920,Michael Mascuch,,Rhetoric,299,001,Credit,Non-Letter Grade,Satisfactory,Directed Research
25,3,,,80925,Michael Mascuch,,Rhetoric,299,002,Credit,Non-Letter Grade,Satisfactory,Directed Research
25,2,,,81470,Harsha Ram,,Slavic Languages & Lit,298,009,Credit,Non-Letter Grade,Satisfactory,Special Study
25,1,,,81535,Irina Paperno,,Slavic Languages & Lit,299,008,Credit,Non-Letter Grade,Satisfactory,Directed Research
25,1,,,81540,Harsha Ram,,Slavic Languages & Lit,299,009,Credit,Non-Letter Grade,Satisfactory,Directed Research
25,3,,,82728,Christina Feliciana,,Social Welfare,232,001,Credit,Non-Letter Grade,Satisfactory,Soc Work And Educ
25,3,,,82729,Robert Ayasse,,Social Welfare,250T,001,Credit,Non-Letter Grade,Satisfactory,Sw Practice In Schl
25,1,,,82770,Gregory Merrill,,Social Welfare,296,009,Credit,Non-Letter Grade,Satisfactory,Individual Study
25,1,,,82785,Steven Segal,,Social Welfare,296,012,Credit,Non-Letter Grade,Satisfactory,Individual Study
25,2,,,82815,Neil Gilbert,,Social Welfare,299,007,Credit,Non-Letter Grade,Satisfactory,Individual Research
25,5,,,82865,Gregory Merrill,,Social Welfare,401,001,Credit,Non-Letter Grade,Satisfactory,Field Practicum
25,18,,,83448,Dylan Riley,,Sociology,295,019,Credit,Non-Letter Grade,Satisfactory,Independent Study
25,19,,,83523,Dylan Riley,,Sociology,296,016,Credit,Non-Letter Grade,Satisfactory,Dir Diss Research
25,1,,,83524,Dylan Riley,,Sociology,296,017,Credit,Non-Letter Grade,Satisfactory,Dir Diss Research
25,2,,,83585,Dylan Riley,,Sociology,602,002,Credit,Non-Letter Grade,Satisfactory,Indiv Study: Ph.D.
25,1,,,83825,Munis Faruqui,,South & SE Asian Studies,290A,002,Credit,Non-Letter Grade,Satisfactory,South Asian Studies
25,1,,,83830,George Hart,,South & SE Asian Studies,290B,001,Credit,Non-Letter Grade,Satisfactory,Tamil
25,1,,,83870,Penelope Edwards,,South & SE Asian Studies,290E,001,Credit,Non-Letter Grade,Satisfactory,Southeast Asian Std
25,1,,,83885,Robert Goldman,,South & SE Asian Studies,290F,001,Credit,Non-Letter Grade,Satisfactory,Sanskrit
25,1,,,83930,Alexander Von Rospatt,,South & SE Asian Studies,299D,001,Credit,Non-Letter Grade,Satisfactory,Dis Prep Rel Res
25,1,,,83940,Jeffrey Hadler,,South & SE Asian Studies,299E,001,Credit,Non-Letter Grade,Satisfactory,Dis Prep Rel Res
25,1,,,83945,Penelope Edwards,,South & SE Asian Studies,299E,002,Credit,Non-Letter Grade,Satisfactory,Dis Prep Rel Res
25,3,,,83950,Robert Goldman,,South & SE Asian Studies,299F,001,Credit,Non-Letter Grade,Satisfactory,Dis Prep Rel Res
25,13,,,84620,Ignacio Navarrete,,Spanish,298,001,Credit,Non-Letter Grade,Satisfactory,Spec Study Grad Stu
25,1,,,85450,Peter Bickel,,Statistics,299,005,Credit,Non-Letter Grade,Satisfactory,Research
25,1,,,85460,Bin Yu,,Statistics,299,007,Credit,Non-Letter Grade,Satisfactory,Research
25,1,,,85465,Mark Van Der Laan,,Statistics,299,008,Credit,Non-Letter Grade,Satisfactory,Research
25,1,,,85500,Allan Sly,,Statistics,299,015,Credit,Non-Letter Grade,Satisfactory,Research
25,1,,,85505,Michael Jordan,,Statistics,299,016,Credit,Non-Letter Grade,Satisfactory,Research
25,1,,,85515,Martin Wainwright,,Statistics,299,018,Credit,Non-Letter Grade,Satisfactory,Research
25,2,,,85530,Steven Evans,,Statistics,602,001,Credit,Non-Letter Grade,Satisfactory,Ind Study Doc Cand
25,4,,,86055,Brandi Catanese,,Theater Dance & Perf Stds,299,001,Credit,Non-Letter Grade,Satisfactory,Special Study
27,1,,,55825,Daniel Farber,,Law,2063S,001,No Credit,Non-Letter Grade,Not Pass,"Llm Leg Res,Wr Iia"
28,1,,,19015,Julia Hwang,,Business Admin-MBA,293C,001,No Credit,Non-Letter Grade,Unsatisfactory,Curriclr Pract Trng
28,1,,,71230,Glen Ozawa; Robert Dimartino,,Optometry,499,001,No Credit,Non-Letter Grade,Unsatisfactory,Independent Study
30,1,,,19520,Clark Kellogg,,Evening & Weekend MBA,296,012,Administrative Code,Administrative Code,Incomplete,Special Topics
30,1,,,32640,David Card,,Economics,N299,025,Administrative Code,Administrative Code,Incomplete,Independent Study
30,1,,,33418,Rebecca Cheung,,Education,262H,001,Administrative Code,Administrative Code,Incomplete,Urbschldship/Mgt 2
30,1,,,33423,Kristin Smith; Rebecca Cheung,,Education,271E,001,Administrative Code,Administrative Code,Incomplete,Teach/Lrn Ed Lead 1
30,1,,,33435,Heinrich Mintrop; John Hall,,Education,277B,001,Administrative Code,Administrative Code,Incomplete,System Ed Reform Ii
30,1,,,40445,Robert Dibble,,Mechanical Engineering,299,008,Administrative Code,Administrative Code,Incomplete,Indiv Stud Research
30,1,,,44435,Shari Huhndorf,,Ethnic Studies Grad Group,299,005,Administrative Code,Administrative Code,Incomplete,Directed Reading
30,1,,,49055,Mark Brilliant,,History,299,001,Administrative Code,Administrative Code,Incomplete,Directed Reading
30,2,,,55870,Emily Epstein,,Law,245S,001,Administrative Code,Administrative Code,Incomplete,Negotiations
30,1,,,57625,Linda Kreitzman,,Financial Engineering,230T,001,Administrative Code,Administrative Code,Incomplete,Topics In Fin Eng
30,1,,,79423,Charlotte Chang,,Public Health,W200G,001,Administrative Code,Administrative Code,Incomplete,Hsb Breadth
31,39,,,19515,Frank Schultz,,Evening & Weekend MBA,296,011,Administrative Code,Administrative Code,In Progress,Special Topics
31,1,,,55890,Reza Dibadj,,Law,2522S,001,Administrative Code,Administrative Code,In Progress,Antitrust Law
32,1,,,35985,Kannan Ramchandran,,Electrical Engineering,299,003,Administrative Code,Administrative Code,Not Reported,Indiv Research
36,1,,,11014,Sofia Villas-Boas,,Ag & Resource Econ & Pol,N299,003,Administrative Code,Administrative Code,Unknown,Individual Research
36,4,,,12450,Lawrence Cohen,,Anthropology,N299,002,Administrative Code,Administrative Code,Unknown,Directed Research
36,1,,,12455,Margaret Conkey,,Anthropology,N299,003,Administrative Code,Administrative Code,Unknown,Directed Research
36,1,,,12460,Terrence Deacon,,Anthropology,N299,004,Administrative Code,Administrative Code,Unknown,Directed Research
36,2,,,12480,William Hanks,,Anthropology,N299,008,Administrative Code,Administrative Code,Unknown,Directed Research
36,2,,,12495,Patrick Kirch,,Anthropology,N299,011,Administrative Code,Administrative Code,Unknown,Directed Research
36,2,,,12500,Kent Lightfoot,,Anthropology,N299,012,Administrative Code,Administrative Code,Unknown,Directed Research
36,2,,,12505,Xin Liu,,Anthropology,N299,013,Administrative Code,Administrative Code,Unknown,Directed Research
36,3,,,12520,Aihwa Ong,,Anthropology,N299,016,Administrative Code,Administrative Code,Unknown,Directed Research
36,3,,,12525,Stefania Pandolfo,,Anthropology,N299,017,Administrative Code,Administrative Code,Unknown,Directed Research
36,2,,,12535,Nancy Scheper-Hughes,,Anthropology,N299,019,Administrative Code,Administrative Code,Unknown,Directed Research
36,2,,,12550,Laurie Wilkie,,Anthropology,N299,022,Administrative Code,Administrative Code,Unknown,Directed Research
36,1,,,12555,Alexei Yurchak,,Anthropology,N299,023,Administrative Code,Administrative Code,Unknown,Directed Research
36,2,,,12560,Corinne Hayden,,Anthropology,N299,024,Administrative Code,Administrative Code,Unknown,Directed Research
36,2,,,12565,Saba Mahmood,,Anthropology,N299,025,Administrative Code,Administrative Code,Unknown,Directed Research
36,1,,,12575,Mariane Ferme,,Anthropology,N299,027,Administrative Code,Administrative Code,Unknown,Directed Research
36,2,,,12580,James Holston,,Anthropology,N299,028,Administrative Code,Administrative Code,Unknown,Directed Research
36,1,,,12588,Jun Sunseri,,Anthropology,N299,030,Administrative Code,Administrative Code,Unknown,Directed Research
36,1,,,12589,Lisa Maher,,Anthropology,N299,031,Administrative Code,Administrative Code,Unknown,Directed Research
36,1,,,12725,Graham Fleming,,Applied Science & Tech,299,005,Administrative Code,Administrative Code,Unknown,Individual Research
36,6,,,13470,Nezar Alsayyad,,Architecture,N299,001,Administrative Code,Administrative Code,Unknown,Individual Study
36,1,,,13480,Stefano Schiavon,,Architecture,N299,003,Administrative Code,Administrative Code,Unknown,Individual Study
36,1,,,13485,Margaret Crawford,,Architecture,N299,004,Administrative Code,Administrative Code,Unknown,Individual Study
36,5,,,13490,Tom Buresh,,Architecture,N299,005,Administrative Code,Administrative Code,Unknown,Individual Study
36,1,,,17255,John Anderson,,Bioengineering,N299,001,Administrative Code,Administrative Code,Unknown,Indiv Stud Research
36,5,,,17275,Steven Conolly,,Bioengineering,N299,005,Administrative Code,Administrative Code,Unknown,Indiv Stud Research
36,1,,,17300,Ian Holmes,,Bioengineering,N299,010,Administrative Code,Administrative Code,Unknown,Indiv Stud Research
36,1,,,17325,Song Li,,Bioengineering,N299,015,Administrative Code,Administrative Code,Unknown,Indiv Stud Research
36,1,,,17960,Jacob Dalton,,Buddhist Studies,298,001,Administrative Code,Administrative Code,Unknown,Dir Stu For Grad St
36,1,,,19445,Henry Chesbrough; Reza Moazzami,,Evening & Weekend MBA,293,001,Administrative Code,Administrative Code,Unknown,Individual Study
36,3,,,20405,Sunil Dutta,,Business Admin-PhD,299A,001,Administrative Code,Administrative Code,Unknown,Individual Research
36,1,,,20420,Sunil Dutta,,Business Admin-PhD,299A,004,Administrative Code,Administrative Code,Unknown,Individual Research
36,18,,,20425,Sunil Dutta,,Business Admin-PhD,602,001,Administrative Code,Administrative Code,Unknown,Doctoral Indiv Stdy
36,1,,,22715,Carolyn Bertozzi,,Chemistry,N299,007,Administrative Code,Administrative Code,Unknown,Research
36,1,,,22775,John Groves,,Chemistry,N299,019,Administrative Code,Administrative Code,Unknown,Research
36,1,,,22835,Marcin Majda,,Chemistry,N299,031,Administrative Code,Administrative Code,Unknown,Research
36,2,,,22950,Dean Toste,,Chemistry,N299,054,Administrative Code,Administrative Code,Unknown,Research
36,1,,,22998,Omar Yaghi,,Chemistry,N299,064,Administrative Code,Administrative Code,Unknown,Research
36,1,,,23795,Alexis Bell,,Chemical Engineering,N299,001,Administrative Code,Administrative Code,Unknown,Research Chem Engin
36,2,,,23810,Rachel Segalman,,Chemical Engineering,N299,004,Administrative Code,Administrative Code,Unknown,Research Chem Engin
36,1,,,23820,Enrique Iglesia,,Chemical Engineering,N299,008,Administrative Code,Administrative Code,Unknown,Research Chem Engin
36,1,,,23850,Jeffrey Reimer,,Chemical Engineering,N299,017,Administrative Code,Administrative Code,Unknown,Research Chem Engin
36,3,,,23855,David Schaffer,,Chemical Engineering,N299,018,Administrative Code,Administrative Code,Unknown,Research Chem Engin
36,2,,,23860,Nitash Balsara,,Chemical Engineering,N299,019,Administrative Code,Administrative Code,Unknown,Research Chem Engin
36,1,,,23875,Douglas Clark,,Chemical Engineering,N299,033,Administrative Code,Administrative Code,Unknown,Research Chem Engin
36,1,,,23880,Jhih-Wei Chu,,Chemical Engineering,N299,034,Administrative Code,Administrative Code,Unknown,Research Chem Engin
36,2,,,23885,Danielle Ercek,,Chemical Engineering,N299,035,Administrative Code,Administrative Code,Unknown,Research Chem Engin
36,1,,,24560,Robert Ashmore,,Chinese,298,001,Administrative Code,Administrative Code,Unknown,Dir Stu For Grad St
36,1,,,24570,Mark Csikszentmihalyi,,Chinese,298,003,Administrative Code,Administrative Code,Unknown,Dir Stu For Grad St
36,2,,,24575,Andrew Jones,,Chinese,298,004,Administrative Code,Administrative Code,Unknown,Dir Stu For Grad St
36,2,,,25545,J. Pena,,Classics,299,001,Administrative Code,Administrative Code,Unknown,Special Study
36,1,,,25550,Ellen Oliensis,,Classics,299,002,Administrative Code,Administrative Code,Unknown,Special Study
36,2,,,25555,Mark Griffith,,Classics,299,003,Administrative Code,Administrative Code,Unknown,Special Study
36,1,,,25565,Todd Hickey,,Classics,299,005,Administrative Code,Administrative Code,Unknown,Special Study
36,1,,,25570,Leslie Kurke,,Classics,299,006,Administrative Code,Administrative Code,Unknown,Special Study
36,12,,,27940,-,,Comparative Literature,N298,001,Administrative Code,Administrative Code,Unknown,Special Study
36,1,,,29605,Kenneth Wachter,,Demography,N298,001,Administrative Code,Administrative Code,Unknown,Directed Reading
36,1,,,29640,John Wilmoth,,Demography,299,004,Administrative Code,Administrative Code,Unknown,Directed Research
36,1,,,30965,Barbara Romanowicz,,Earth & Planetary Science,280,001,Administrative Code,Administrative Code,Unknown,Research
36,1,,,31070,Hans Wenk,,Earth & Planetary Science,280,023,Administrative Code,Administrative Code,Unknown,Research
36,2,,,32510,Frederico Finan,,Economics,299,027,Administrative Code,Administrative Code,Unknown,Independent Study
36,1,,,32555,Benjamin Handel,,Economics,N299,008,Administrative Code,Administrative Code,Unknown,Independent Study
36,1,,,32560,Benjamin Hermalin,,Economics,N299,009,Administrative Code,Administrative Code,Unknown,Independent Study
36,1,,,32585,Barry Eichengreen,,Economics,N299,014,Administrative Code,Administrative Code,Unknown,Independent Study
36,1,,,32620,Bronwyn Hall,,Economics,N299,021,Administrative Code,Administrative Code,Unknown,Independent Study
36,3,,,32695,Ulrike Malmendier,,Economics,N602,004,Administrative Code,Administrative Code,Unknown,Individual Study
36,3,,,32760,Benjamin Handel,,Economics,N602,017,Administrative Code,Administrative Code,Unknown,Individual Study
36,3,,,33470,Mark Wilson,,Education,N299,001,Administrative Code,Administrative Code,Unknown,Special Study
36,1,,,33485,Erin Murphy-Graham,,Education,N299,004,Administrative Code,Administrative Code,Unknown,Special Study
36,1,,,33500,Jabari Mahiri,,Education,N299,007,Administrative Code,Administrative Code,Unknown,Special Study
36,3,,,33525,Bruce Fuller,,Education,N299,012,Administrative Code,Administrative Code,Unknown,Special Study
36,1,,,33555,Xiaoxia Newton,,Education,N299,018,Administrative Code,Administrative Code,Unknown,Special Study
36,3,,,35220,Richard Norgaard,,Energy and Resources,N299,003,Administrative Code,Administrative Code,Unknown,Indiv Research
36,1,,,37455,James Rector,,Civil & Environmental Eng,299,001,Administrative Code,Administrative Code,Unknown,Individual Research
36,1,,,37475,Charles Ibbs,,Civil & Environmental Eng,299,006,Administrative Code,Administrative Code,Unknown,Individual Research
36,1,,,38680,Ilan Adler,,Industrial Eng & Ops Rsch,299,001,Administrative Code,Administrative Code,Unknown,Ind Study Or Resch
36,4,,,38695,Xin Guo,,Industrial Eng & Ops Rsch,299,004,Administrative Code,Administrative Code,Unknown,Ind Study Or Resch
36,1,,,38700,Dorit Hochbaum,,Industrial Eng & Ops Rsch,299,005,Administrative Code,Administrative Code,Unknown,Ind Study Or Resch
36,1,,,38705,Philip Kaminsky,,Industrial Eng & Ops Rsch,299,006,Administrative Code,Administrative Code,Unknown,Ind Study Or Resch
36,1,,,38720,Shmuel Oren,,Industrial Eng & Ops Rsch,299,009,Administrative Code,Administrative Code,Unknown,Ind Study Or Resch
36,4,,,38740,Zuo-Jun Shen,,Industrial Eng & Ops Rsch,299,013,Administrative Code,Administrative Code,Unknown,Ind Study Or Resch
36,1,,,40410,Alice Agogino,,Mechanical Engineering,299,001,Administrative Code,Administrative Code,Unknown,Indiv Stud Research
36,2,,,40550,Andrew Packard,,Mechanical Engineering,299,029,Administrative Code,Administrative Code,Unknown,Indiv Stud Research
36,41,,,41670,Elisa Tamarkin,,English,N299,001,Administrative Code,Administrative Code,Unknown,Special Study
36,11,,,41675,Elisa Tamarkin,,English,N299,002,Administrative Code,Administrative Code,Unknown,Special Study
36,1,,,41680,Elisa Tamarkin,,English,N299,003,Administrative Code,Administrative Code,Unknown,Special Study
36,1,,,43415,Dara O'Rourke,,"Env Sci, Policy, & Mgmt",N299,010,Administrative Code,Administrative Code,Unknown,Individual Research
36,1,,,43420,Kimberly Tallbear,,"Env Sci, Policy, & Mgmt",N299,011,Administrative Code,Administrative Code,Unknown,Individual Research
36,1,,,43470,Vincent Resh,,"Env Sci, Policy, & Mgmt",N299,021,Administrative Code,Administrative Code,Unknown,Individual Research
36,1,,,43525,Jeffrey Romm,,"Env Sci, Policy, & Mgmt",N299,032,Administrative Code,Administrative Code,Unknown,Individual Research
36,1,,,43540,Scott Stephens,,"Env Sci, Policy, & Mgmt",N299,035,Administrative Code,Administrative Code,Unknown,Individual Research
36,3,,,43550,Carolyn Finney,,"Env Sci, Policy, & Mgmt",N299,037,Administrative Code,Administrative Code,Unknown,Individual Research
36,1,,,43585,J Gilless,,"Env Sci, Policy, & Mgmt",N299,044,Administrative Code,Administrative Code,Unknown,Individual Research
36,3,,,43590,Nancy Peluso,,"Env Sci, Policy, & Mgmt",N299,045,Administrative Code,Administrative Code,Unknown,Individual Research
36,1,,,43605,Stephanie Carlson,,"Env Sci, Policy, & Mgmt",N299,048,Administrative Code,Administrative Code,Unknown,Individual Research
36,2,,,43640,Neil Tsutsui,,"Env Sci, Policy, & Mgmt",N299,055,Administrative Code,Administrative Code,Unknown,Individual Research
36,2,,,43645,Kipling Will,,"Env Sci, Policy, & Mgmt",N299,056,Administrative Code,Administrative Code,Unknown,Individual Research
36,3,,,43650,Miguel Altieri,,"Env Sci, Policy, & Mgmt",N299,057,Administrative Code,Administrative Code,Unknown,Individual Research
36,2,,,43660,Alastair Iles,,"Env Sci, Policy, & Mgmt",N299,059,Administrative Code,Administrative Code,Unknown,Individual Research
36,2,,,43665,Richard Dodd,,"Env Sci, Policy, & Mgmt",N299,060,Administrative Code,Administrative Code,Unknown,Individual Research
36,1,,,44430,Pedro Di Pietro,,Ethnic Studies Grad Group,299,004,Administrative Code,Administrative Code,Unknown,Directed Reading
36,1,,,44445,Thomas Biolsi,,Ethnic Studies Grad Group,299,007,Administrative Code,Administrative Code,Unknown,Directed Reading
36,1,,,44450,Laura Perez,,Ethnic Studies Grad Group,299,008,Administrative Code,Administrative Code,Unknown,Directed Reading
36,1,,,44470,Elaine Kim,,Ethnic Studies Grad Group,299,012,Administrative Code,Administrative Code,Unknown,Directed Reading
36,1,,,46035,Melinda Chen,,Gender & Womens Studies,299,001,Administrative Code,Administrative Code,Unknown,Independ Research
36,3,,,46755,Anthony Byrne,,Geography,N296,001,Administrative Code,Administrative Code,Unknown,Diss Research
36,2,,,46780,You-Tien Hsing,,Geography,N296,006,Administrative Code,Administrative Code,Unknown,Diss Research
36,2,,,46810,Richard Walker,,Geography,N296,012,Administrative Code,Administrative Code,Unknown,Diss Research
36,1,,,46815,Michael Watts,,Geography,N296,013,Administrative Code,Administrative Code,Unknown,Diss Research
36,15,,,48115,Ann Stevens,,Health & Medical Sciences,203,001,Administrative Code,Administrative Code,Unknown,Radiology/Anatomy
36,15,,,48120,Colette Auerswald; Douglas Jutte,,Health & Medical Sciences,261,001,Administrative Code,Administrative Code,Unknown,Research Seminar
36,1,,,49850,Jenna Burrell,,Information,299,002,Administrative Code,Administrative Code,Unknown,Individual Study
36,1,,,49870,Nancy Van House,,Information,299,006,Administrative Code,Administrative Code,Unknown,Individual Study
36,1,,,50945,Craig Moritz,,Integrative Biology,N299,021,Administrative Code,Administrative Code,Unknown,Graduate Research
36,2,,,50950,Doris Bachtrog,,Integrative Biology,N299,022,Administrative Code,Administrative Code,Unknown,Graduate Research
36,1,,,53070,Alan Tansman,,Japanese,298,004,Administrative Code,Administrative Code,Unknown,Direct Study Grad
36,1,,,53520,Chana Kronfeld,,Jewish Studies,299,004,Administrative Code,Administrative Code,Unknown,Ind Stdy/Research
36,1,,,53530,Ronald Hendel,,Jewish Studies,299,006,Administrative Code,Administrative Code,Unknown,Ind Stdy/Research
36,1,,,54538,Kristina Hill,,Landscape Arch & Env Plan,297,001,Administrative Code,Administrative Code,Unknown,Supervised Fld Stud
36,1,,,54555,Joe Mcbride,,Landscape Arch & Env Plan,299,004,Administrative Code,Administrative Code,Unknown,Individual Research
36,1,,,54570,Michael Southworth,,Landscape Arch & Env Plan,299,007,Administrative Code,Administrative Code,Unknown,Individual Research
36,68,,,57630,Deepak Agrawal,,Financial Engineering,230V,001,Administrative Code,Administrative Code,Unknown,Credit Rsk Modeling
36,16,,,57915,Mark Asta,,Materials Science & Eng,299,001,Administrative Code,Administrative Code,Unknown,Ind Study/Research
36,1,,,59060,Theodore Slaman,,Mathematics,295,004,Administrative Code,Administrative Code,Unknown,Individual Research
36,1,,,59075,Lawrence Evans,,Mathematics,295,007,Administrative Code,Administrative Code,Unknown,Individual Research
36,1,,,59100,Daniel Tataru,,Mathematics,295,012,Administrative Code,Administrative Code,Unknown,Individual Research
36,2,,,59115,Jon Wilkening,,Mathematics,295,015,Administrative Code,Administrative Code,Unknown,Individual Research
36,1,,,59120,Alan Weinstein,,Mathematics,295,016,Administrative Code,Administrative Code,Unknown,Individual Research
36,1,,,59143,Xinyi Yuan,,Mathematics,295,021,Administrative Code,Administrative Code,Unknown,Individual Research
36,1,,,59160,Nicolai Reshetikhin,,Mathematics,299,004,Administrative Code,Administrative Code,Unknown,Reading Grad Studs
36,1,,,59205,Daniel Tataru,,Mathematics,299,013,Administrative Code,Administrative Code,Unknown,Reading Grad Studs
36,1,,,59220,Lawrence Evans,,Mathematics,299,016,Administrative Code,Administrative Code,Unknown,Reading Grad Studs
36,2,,,59225,David Nadler,,Mathematics,299,017,Administrative Code,Administrative Code,Unknown,Reading Grad Studs
36,1,,,59240,Bernard Anderson,,Mathematics,299,020,Administrative Code,Administrative Code,Unknown,Reading Grad Studs
36,1,,,59245,Ian Agol,,Mathematics,299,021,Administrative Code,Administrative Code,Unknown,Reading Grad Studs
36,1,,,59250,Michael Hutchings,,Mathematics,299,022,Administrative Code,Administrative Code,Unknown,Reading Grad Studs
36,1,,,67665,Nipam Patel,,Molecular & Cell Biology,N292,011,Administrative Code,Administrative Code,Unknown,Research
36,2,,,68500,Ken Ueno,,Music,N299,004,Administrative Code,Administrative Code,Unknown,Special Study
36,1,,,68520,David Wessel,,Music,N299,008,Administrative Code,Administrative Code,Unknown,Special Study
36,1,,,68525,Franck Bedrossian,,Music,N299,009,Administrative Code,Administrative Code,Unknown,Special Study
36,2,,,68530,Richard Taruskin,,Music,N299,010,Administrative Code,Administrative Code,Unknown,Special Study
36,2,,,69680,Francesca Rochberg,,Near Eastern Studies,290A,009,Administrative Code,Administrative Code,Unknown,Special Studies
36,1,,,69775,Ronald Hendel,,Near Eastern Studies,299,006,Administrative Code,Administrative Code,Unknown,Diss Res Writ
36,1,,,69783,Shahwali Ahmadi,,Near Eastern Studies,299,008,Administrative Code,Administrative Code,Unknown,Diss Res Writ
36,2,,,70010,Mark D'Esposito,,Neuroscience,292,003,Administrative Code,Administrative Code,Unknown,Neuroresearch
36,1,,,70035,John Flannery,,Neuroscience,292,009,Administrative Code,Administrative Code,Unknown,Neuroresearch
36,1,,,70040,Jack Gallant,,Neuroscience,292,011,Administrative Code,Administrative Code,Unknown,Neuroresearch
36,1,,,70060,William Jagust,,Neuroscience,292,015,Administrative Code,Administrative Code,Unknown,Neuroresearch
36,1,,,70070,Robert Knight,,Neuroscience,292,017,Administrative Code,Administrative Code,Unknown,Neuroresearch
36,1,,,70075,Richard Kramer,,Neuroscience,292,018,Administrative Code,Administrative Code,Unknown,Neuroresearch
36,1,,,70175,Michael Deweese,,Neuroscience,292,044,Administrative Code,Administrative Code,Unknown,Neuroresearch
36,1,,,70185,Marla Feller,,Neuroscience,292,046,Administrative Code,Administrative Code,Unknown,Neuroresearch
36,1,,,70225,David Whitney,,Neuroscience,292,055,Administrative Code,Administrative Code,Unknown,Neuroresearch
36,1,,,70945,Daniel Nomura,,Nutritional Science & Tox,299,008,Administrative Code,Administrative Code,Unknown,Nst Research
36,1,,,71565,Lynn Robertson,,Vision Science,299,011,Administrative Code,Administrative Code,Unknown,Res Vision Science
36,1,,,73890,Holger Mueller,,Physics,295,001,Administrative Code,Administrative Code,Unknown,Special Study
36,1,,,73900,Saul Perlmutter,,Physics,295,003,Administrative Code,Administrative Code,Unknown,Special Study
36,1,,,73905,James Analitis,,Physics,295,004,Administrative Code,Administrative Code,Unknown,Special Study
36,1,,,73940,Joel Moore,,Physics,299,001,Administrative Code,Administrative Code,Unknown,Research
36,1,,,73950,Michael Deweese,,Physics,299,003,Administrative Code,Administrative Code,Unknown,Research
36,1,,,73955,Ahmet Yildiz,,Physics,299,004,Administrative Code,Administrative Code,Unknown,Research
36,1,,,74900,Michael Freeling,,Plant Biology,299,009,Administrative Code,Administrative Code,Unknown,Graduate Research
36,1,,,74905,N. Louise Glass,,Plant Biology,299,010,Administrative Code,Administrative Code,Unknown,Graduate Research
36,1,,,74940,Markus Pauly,,Plant Biology,299,017,Administrative Code,Administrative Code,Unknown,Graduate Research
36,1,,,74945,Peggy Lemaux,,Plant Biology,299,018,Administrative Code,Administrative Code,Unknown,Graduate Research
36,1,,,75005,John Taylor,,Plant Biology,299,030,Administrative Code,Administrative Code,Unknown,Graduate Research
36,2,,,75065,Jill Banfield,,Plant Biology,299,042,Administrative Code,Administrative Code,Unknown,Graduate Research
36,1,,,78815,Thomas Griffiths,,Psychology,299,114,Administrative Code,Administrative Code,Unknown,Research
36,3,,,78895,Dacher Keltner,,Psychology,299,212,Administrative Code,Administrative Code,Unknown,Research
36,2,,,78900,Rodolfo Mendoza-Denton,,Psychology,299,213,Administrative Code,Administrative Code,Unknown,Research
36,2,,,78920,Thomas Griffiths,,Psychology,299,218,Administrative Code,Administrative Code,Unknown,Research
36,1,,,79605,Patricia Buffler,,Public Health,299,051,Administrative Code,Administrative Code,Unknown,Independnt Research
36,1,,,79645,Lisa Barcellos,,Public Health,299,059,Administrative Code,Administrative Code,Unknown,Independnt Research
36,1,,,79650,Sandra Mccoy,,Public Health,299,060,Administrative Code,Administrative Code,Unknown,Independnt Research
36,3,,,80040,Jane Mauldon,,Public Policy,292,001,Administrative Code,Administrative Code,Unknown,Dir Adv Study
36,1,,,81500,Ronelle Alexander,,Slavic Languages & Lit,299,001,Administrative Code,Administrative Code,Unknown,Directed Research
36,2,,,82745,James Midgley,,Social Welfare,296,004,Administrative Code,Administrative Code,Unknown,Individual Study
36,1,,,82775,Michael Austin,,Social Welfare,296,010,Administrative Code,Administrative Code,Unknown,Individual Study
36,4,,,82795,Jill Berrick,,Social Welfare,299,002,Administrative Code,Administrative Code,Unknown,Individual Research
36,1,,,82805,Valerie Shapiro,,Social Welfare,299,005,Administrative Code,Administrative Code,Unknown,Individual Research
36,3,,,82810,Eileen Gambrill,,Social Welfare,299,006,Administrative Code,Administrative Code,Unknown,Individual Research
36,1,,,82835,Andrew Scharlach,,Social Welfare,299,011,Administrative Code,Administrative Code,Unknown,Individual Research
36,1,,,82840,Paul Sterzing,,Social Welfare,299,012,Administrative Code,Administrative Code,Unknown,Individual Research
36,1,,,82845,Adrian Aguilera,,Social Welfare,299,013,Administrative Code,Administrative Code,Unknown,Individual Research
36,1,,,83855,Sylvia Tiwon,,South & SE Asian Studies,290D,001,Administrative Code,Administrative Code,Unknown,Malay/Indonesian
36,1,,,83895,Alexander Von Rospatt,,South & SE Asian Studies,290F,003,Administrative Code,Administrative Code,Unknown,Sanskrit
36,1,,,83915,Sylvia Tiwon,,South & SE Asian Studies,299B,002,Administrative Code,Administrative Code,Unknown,Dis Prep Rel Res
