Abbreviation,CourseNum,CCN,SectionNum,CourseDesc,Instructor,Level,A+,A,A-,B+,B,B-,C+,C,C-,D+,D,D-,F,P,NP
AFRICAM,125AC,14113,001,Hist Mod Civ Rt Mov,Ula Taylor,under,0,47,40,16,4,12,5,0,2,0,0,0,5,30,4
AFRICAM,136L,13218,001,Criminal Jus Sur Am,Nikki Jones; Brittani McLemore,under,3,10,0,2,2,1,0,1,0,0,2,0,0,1,0
AFRICAM,139L,14114,001,Spec Top Race Law,Frederick Vincent,under,4,32,0,1,0,0,0,0,0,0,0,0,0,1,0
AFRICAM,R1A,15057,001,Fresh Composition,Nikki Jones; Zana Sanders,under,7,2,1,0,0,0,0,0,0,0,0,0,0,0,0
AFRICAM,W111,13422,001,"Race, Class & G",Nitoshia Ford; Stephen Small,under,6,6,14,8,2,2,2,0,0,0,1,0,2,6,1
AGRS,10A,15343,001,Intro Ancnt Greece,Dylan Sailor; Jesse Obert,under,1,3,4,0,0,0,0,0,0,1,0,0,0,3,0
AGRS,N28,15342,001,Greek & Roman Myths,Dylan Sailor; Marissa Henry,under,1,12,1,1,0,0,0,0,0,0,0,0,0,1,0
AMERSTD,101,13312,001,Us Cultures In Time,Alexander Craghead,under,1,4,0,2,4,2,0,0,0,0,0,0,0,0,0
ANTHRO,112,13278,001,Sp Topics: Bio Anth,Sabrina Agarwal; Trent Trombley,under,2,6,5,4,2,1,1,0,1,0,0,0,3,2,0
ANTHRO,122H,16048,001,Afr Am Archaeology,William White,under,0,9,0,0,1,0,0,1,0,0,0,0,0,0,0
ANTHRO,2AC,14190,001,Intro Archaeology,Christopher Lowman,under,17,26,10,0,3,3,2,1,0,0,0,0,2,3,0
ANTHRO,3AC,13989,001,Intro Soc/Cult Ac,Brian Karl,under,19,27,11,9,3,6,2,0,0,0,0,0,4,3,1
ANTHRO,R5B,15404,006,Reading & Comp,Gustav Steinhardt; Rosemary Joyce,under,0,2,5,2,0,1,0,1,1,0,0,0,0,0,0
ARCH,108,15724,001,Arch Internship,Mark Schatz,under,0,8,4,0,2,0,0,1,0,0,0,0,0,2,0
ARCH,11B,15539,001,Intro To Design,Joseph Kennedy,under,1,1,2,1,1,4,0,0,0,1,0,0,0,0,0
ARCH,124A,15729,001,Digital Dsgn Methds,Ari Bible,under,0,1,2,0,1,1,0,0,0,0,0,0,1,5,3
ARCH,125A,15739,002,Bldng Info Tech,Christina Lin; John Schlueter,under,0,0,3,1,0,1,2,2,0,0,0,0,1,9,0
ARMENI,128,13921,001,Armeni Art Culture,Myrna Douzjian,under,0,7,1,1,2,1,0,0,0,0,0,0,0,3,0
ART,103,14340,001,Adv Pntng Portrait,Gabrielle Wolodarski,under,0,6,5,2,0,0,0,0,0,0,0,0,0,1,0
ART,119,13195,001,Gpca,Sholeh Asgary,under,7,5,1,2,1,0,0,0,0,0,0,0,0,1,0
ART,119,13996,002,Gpca,Genevieve Quick,under,2,3,7,3,1,1,0,0,0,0,0,0,0,0,0
ART,12,13233,001,Drawing: Fdns,Fred Dewitt,under,2,7,0,0,0,0,0,0,0,0,0,0,0,2,0
ART,13,13369,001,Painting: Fdns,Jill Miller; Jennifer Harrower,under,9,3,4,0,0,0,0,1,0,0,0,0,1,0,0
ART,15,14332,001,Ceramics: Fdns,William Tool,under,3,14,0,0,0,0,0,0,0,0,0,0,0,0,0
ART,15,15535,002,Ceramics: Fdns,William Tool,under,2,15,0,0,0,0,0,0,0,0,0,0,0,1,0
ART,180,13997,001,Advanced Digital Ph,Arielle Rebek,under,0,8,5,0,0,0,0,1,0,0,0,0,0,0,0
ART,21,13252,001,Digital Photo: Fdns,Jill Miller; Eniola Fakile,under,13,0,0,0,0,0,0,0,0,0,0,0,0,1,0
ART,21,14112,002,Digital Photo: Fdns,Greg Niemeyer; Eniola Fakile,under,7,1,1,0,0,0,0,0,0,0,0,0,0,2,0
ART,23AC,15529,001,Digital Media: Fdns,Greg Niemeyer; Fei Pan,under,3,21,5,3,1,0,0,0,0,0,0,0,1,9,1
ART,25,14333,001,Graphic Novel: Fdns,Gaia WXYZ,under,2,6,2,0,0,0,0,0,0,0,0,0,0,0,0
ART,8,15548,101,Intro Vis Thinking,Greg Niemeyer; Samuel Wildman,under,12,0,1,0,0,0,0,0,0,0,0,0,0,0,0
ART,8,15549,201,Intro Vis Thinking,Greg Niemeyer; Rivka Louissaint,under,12,2,0,0,0,0,0,0,0,0,0,0,0,1,0
ART,8,15550,301,Intro Vis Thinking,Greg Niemeyer; Irma Barbosa,under,7,3,3,0,0,0,0,0,0,0,0,0,0,0,0
ASAMST,128AC,14246,001,Muslims In America,Hatem al-Bazian,under,1,7,4,0,0,0,0,0,0,0,0,0,0,0,1
ASAMST,20AC,15394,001,As Am Comm Race Rel,Harvey Dong,under,0,57,4,2,7,0,0,0,1,0,0,0,1,10,0
ASAMST,R2A,15338,001,Reading&Composition,Khatharya Um; Ryan Ikeda,under,1,14,2,0,0,0,0,0,0,0,0,0,0,0,0
ASTRON,10,13998,002,General Astronomy,Bryan Mendez,under,0,5,6,2,1,2,0,0,0,0,1,0,0,1,0
ASTRON,9,14176,004,Select Topics Astro,Daniel Klyde,under,1,24,3,0,1,1,0,1,1,0,1,0,4,7,4
ASTRON,9,15704,003,Select Topics Astro,Bryan Mendez,under,0,1,1,1,0,0,2,1,0,0,0,0,2,3,1
ASTRON,W12,13432,001,The Planets,Burkhard Militzer,under,0,6,2,1,3,0,2,1,1,0,0,0,1,9,1
BIOLOGY,1A,13437,001,General Biology Lec,Michael Meighan; Erol Kepkep; Mark Barnby; Christina Lewis,under,0,30,8,8,17,6,6,7,7,0,0,0,1,2,1
BIOLOGY,1AL,13861,001,General Biology Lab,Michael Meighan; Erol Kepkep; Steve Takata; Mark Barnby,under,2,37,17,11,15,4,0,0,0,0,0,0,1,1,0
BIOLOGY,1B,13447,001,General Biology,Brett Boltz; Alan Shabel; Joshua Povich,under,4,22,15,5,15,12,7,7,5,1,1,0,2,0,0
CHEM,1A,14937,001,General Chemistry,Mark Kubinec,under,0,17,4,5,18,3,9,5,3,0,9,0,8,1,1
CHEM,1AL,14939,001,General Chem Lab,Debjani Roy,under,11,11,19,7,9,7,2,5,3,4,3,2,2,1,0
CHEM,32,14969,001,Prep For Gen Chem,Debjani Roy,under,0,0,0,0,0,0,0,0,0,0,0,0,0,39,21
CHEM,34,15390,001,Genchem Prep Coc Mj,Evan Miller; Anneliese Gest; Abigail Hinojosa,under,0,10,0,0,5,0,0,0,0,0,0,0,0,0,0
CHEM,3A,14946,001,Chem Struct React,Peter Marsden,under,12,44,14,13,14,12,12,5,4,1,0,0,10,1,2
CHEM,3AL,14950,001,Organic Chem Lab,Peter Marsden,under,17,56,34,20,8,5,1,0,1,0,0,0,1,1,0
CHEM,3B,14961,001,Chem Struct React,Kevin Sibucao,under,3,13,8,6,13,5,12,12,8,7,7,5,10,0,1
CHEM,3BL,14962,001,Organic Chem Lab,Kevin Sibucao,under,13,8,12,17,9,6,4,2,2,1,1,0,1,0,0
CHICANO,110,14004,001,Latina/O Phil & Rel,Lara Medina,under,1,2,4,0,4,0,0,0,0,0,0,0,0,0,0
CHICANO,130,14219,001,Mex Chic Art Hist,Jesus Barraza,under,7,5,1,0,0,0,0,1,0,0,0,0,0,2,0
CHICANO,135C,14005,001,Latino Doc Film,Raymond Telles; David Maldonado,under,9,25,2,0,0,0,0,0,0,0,0,0,2,8,0
CHICANO,50,14001,001,Intro Chicano Hist,Juan Berumen; Fernanda Rivera,under,9,20,10,7,3,1,1,2,1,0,0,1,1,1,0
CHICANO,N180,14341,001,Sel Top Cl Std Abrd,Pablo Gonzalez,under,0,32,1,1,0,0,0,0,0,0,0,0,0,0,0
CHINESE,7B,14006,001,Modern Chinese Lit,Robert Ashmore; Zijing Fan,under,0,5,2,1,0,0,0,0,0,0,0,0,0,3,0
COG SCI,131,13775,001,Comp Models Of Cog,Jose Ramirez,under,17,4,2,0,0,0,0,0,0,0,0,0,1,0,0
COG SCI,190,15299,004,Spec Topics Cog Sci,Adam Croom,under,44,5,2,2,0,0,0,0,0,0,0,0,5,1,1
COG SCI,N1,13272,001,Intro To Cog Sci,Adam Croom,under,98,6,2,1,1,0,1,1,1,0,0,0,0,4,1
COG SCI,N1,14177,002,Intro To Cog Sci,Adam Croom,under,91,14,3,3,3,0,0,7,2,2,0,0,6,3,1
COLWRIT,10A,13288,002,Public Speaking,Becky Hsu,under,1,15,1,0,1,0,0,0,0,0,0,0,0,0,0
COLWRIT,10A,14318,001,Public Speaking,Lindsey Lanfersieck,under,1,9,7,0,0,0,0,0,0,0,0,0,0,0,0
COLWRIT,11,15493,001,Changemkr Pub Spk,David Wiese,under,14,25,3,1,5,0,0,0,0,0,2,0,4,20,4
COLWRIT,134,14439,002,Craft Of Poetry,Tory Adkisson,under,0,9,0,0,0,0,0,0,1,0,0,0,0,2,0
COLWRIT,135,14410,003,Creat Writ Workshop,Joseph Horton,under,0,14,0,0,0,1,0,0,0,0,0,0,1,1,0
COLWRIT,3J,15760,001,Am Cult Sci Tech,Margi Wald; David Wiese; John McClain,under,0,9,2,0,0,0,0,0,0,0,2,0,0,2,2
COLWRIT,3K,15761,001,Am Cult Music,Margi Wald; David Wiese; Matthew Barclay,under,0,4,2,0,1,3,0,0,0,0,0,0,1,6,0
COLWRIT,3L,15808,001,Am Cult Consumerism,Margi Wald; David Wiese; Carolyn Carr,under,0,2,4,0,0,0,1,1,0,0,0,0,4,3,1
COLWRIT,3M,15809,001,Am Cult Socl Media,Jennifer Burton; Margi Wald; David Wiese,under,4,16,1,0,0,1,0,1,0,0,0,0,0,0,0
COLWRIT,3M,16006,002,Am Cult Socl Media,Jennifer Burton; Margi Wald; David Wiese,under,3,12,0,0,0,0,0,0,0,0,0,0,1,4,1
COLWRIT,3S,15711,001,Am Cult & Film,Margi Wald; David Wiese; Elizabeth Boner,under,3,5,1,1,0,0,0,0,0,0,0,0,1,4,0
COLWRIT,3S,16030,002,Am Cult & Film,Margi Wald; David Wiese; Elizabeth Boner,under,11,4,0,0,1,0,0,0,0,0,0,0,0,2,1
COLWRIT,3S,16097,003,Am Cult & Film,Margi Wald; David Wiese; Elizabeth Boner,under,5,4,1,0,0,0,0,0,0,0,0,0,0,2,1
COLWRIT,3S,16101,004,Am Cult & Film,Margi Wald; David Wiese; Elizabeth Boner,under,4,4,0,0,2,0,0,0,0,0,0,0,3,1,0
COLWRIT,3U,15712,001,Am Cult & Lit,Margi Wald; David Wiese; zue acker,under,7,4,1,1,0,0,0,1,0,0,0,0,0,2,1
COLWRIT,3V,15713,001,Am Cult Gender,Margi Wald; David Wiese; Kyle Ridley,under,4,3,2,0,0,0,0,0,0,0,0,0,1,3,3
COLWRIT,3V,16007,002,Am Cult Gender,Margi Wald; David Wiese; Kyle Ridley,under,1,2,0,0,0,0,1,1,0,0,0,0,3,3,1
COLWRIT,3V,16102,003,Am Cult Gender,Margi Wald; David Wiese; Kyle Ridley,under,5,4,2,0,0,0,0,1,0,0,0,0,4,0,0
COLWRIT,3W,15716,001,Am Cult Media,Margi Wald; David Wiese; Sharon Coleman,under,0,10,5,1,0,0,0,0,0,0,0,0,1,0,0
COLWRIT,5A,14427,001,Engl Brdwy Musicals,Margi Wald; David Wiese; David Skolnick,under,0,6,1,2,0,0,1,0,0,0,0,0,0,2,1
COLWRIT,5C,14388,001,Engl Thru Film,Margi Wald; David Wiese; Janet Christensen,under,0,10,0,0,5,2,0,0,0,0,0,0,0,0,0
COLWRIT,5K,14256,001,Engl Thru The Media,Margi Wald; David Wiese; Shalle Leeming,under,0,7,2,1,4,0,0,0,0,0,0,0,0,1,0
COLWRIT,6A,14430,001,Esl Acad Speaking,Margi Wald; David Wiese; Paula Runnals,under,0,2,6,2,1,2,0,0,0,0,0,0,1,3,0
COLWRIT,6B,14398,001,Esl Academic Vocab,Margi Wald; David Wiese; Ronald Martinez,under,2,11,1,1,1,0,0,0,0,0,0,0,0,2,0
COLWRIT,6C,15038,004,Esl Business Vocab,Margi Wald; David Wiese; Ronald Martinez,under,1,13,0,0,0,0,0,0,0,0,0,0,0,1,0
COLWRIT,6C,14377,001,Esl Business Vocab,Margi Wald; David Wiese; Carolyn Carr,under,0,5,0,0,0,0,0,0,0,0,0,0,4,3,0
COLWRIT,6F,15041,001,Esl Listen Speak,Margi Wald; David Wiese; Scot Crisp,under,1,6,0,0,0,0,0,0,0,0,0,0,0,3,0
COLWRIT,6G,15046,002,Esl Digital Writing,Margi Wald; David Wiese; Brandon Lambert,under,7,2,1,0,1,0,0,0,0,0,0,0,1,0,2
COLWRIT,6L,14418,001,Esl Job Search Prac,Margi Wald; David Wiese; Nora Mitchell,under,8,3,0,1,0,0,0,0,0,0,0,0,0,3,0
COLWRIT,6L,15491,002,Esl Job Search Prac,Margi Wald; David Wiese; Nora Mitchell,under,7,3,2,0,0,0,0,2,0,0,0,0,0,3,2
COLWRIT,7D,15071,002,Food Culture,Jennifer Burton; Margi Wald; David Wiese,under,0,0,0,0,0,0,0,0,0,0,0,0,0,17,2
COLWRIT,7K,15078,001,Humor,Margi Wald; David Wiese; Scot Crisp,under,0,0,0,0,0,0,0,0,0,0,0,0,0,19,1
COLWRIT,7K,15079,002,Humor,Margi Wald; David Wiese; Scot Crisp,under,0,0,0,0,0,0,0,0,0,0,0,0,0,20,2
COLWRIT,9E,14262,001,Esp Business Engl,Margi Wald; David Wiese; Kyle Ridley,under,0,10,4,0,0,0,0,0,0,0,0,0,0,5,0
COLWRIT,9V,15111,001,Esp Engl Sci Engin,Harry Seng; Margi Wald; David Wiese,under,2,3,0,0,0,1,0,0,0,0,0,0,2,2,0
COLWRIT,N131,14404,003,Creative Nonfiction,Michelle Baptiste,under,3,5,2,0,0,1,0,1,2,0,0,0,2,2,3
COLWRIT,N131,14419,001,Creative Nonfiction,Matthew Parker,under,9,2,2,0,0,0,0,0,0,0,0,0,0,1,0
COLWRIT,N131,15392,005,Creative Nonfiction,Kaya Oakes,under,0,9,4,0,0,0,0,0,0,0,1,0,0,2,1
COLWRIT,N132,14406,003,Short Fiction,Matthew Parker,under,12,2,0,0,1,0,0,0,0,0,0,0,0,1,0
COLWRIT,N132,15495,006,Short Fiction,Belinda Kremer,under,2,4,1,2,0,1,0,0,0,0,0,0,0,6,1
COLWRIT,N132,14425,002,Short Fiction,Michael Larkin,under,0,7,2,0,0,0,0,0,0,0,0,0,0,1,0
COLWRIT,N132,15389,005,Short Fiction,Eric Longfellow,under,0,11,0,0,6,0,0,0,0,0,0,0,1,1,1
COLWRIT,N133,14985,003,Dramatic Writing,John Levine,under,0,16,3,0,0,0,0,0,0,1,0,0,0,0,0
COLWRIT,R1A,13411,002,College Writing 1a,Joe De Quattro,under,6,7,1,0,0,0,0,0,0,0,0,0,0,0,0
COLWRIT,R1A,13414,004,College Writing 1a,Margaret Salifu,under,1,6,4,0,0,1,0,0,0,0,0,0,1,0,0
COLWRIT,R1A,13410,001,College Writing 1a,Chisako Cole,under,0,6,1,1,2,0,0,0,0,0,0,0,1,0,0
COLWRIT,R1A,13413,003,College Writing 1a,Donnett Flash,under,0,2,6,4,1,0,0,0,0,0,0,0,1,0,0
COLWRIT,R1A,13415,005,College Writing 1a,John Fielding,under,0,1,4,1,1,0,1,0,0,1,0,0,1,0,0
COLWRIT,R4A,14981,002,Reading & Comp,Aparajita Nanda,under,2,5,6,1,1,0,0,0,0,0,0,0,1,0,0
COLWRIT,R4A,13456,001,Reading & Comp,Jonathan Lang,under,0,1,2,1,2,2,0,1,0,0,1,0,1,0,0
COLWRIT,R4A,15698,003,Reading & Comp,Lindsey Lanfersieck,under,0,9,1,0,0,0,0,0,0,0,0,0,0,0,0
COLWRIT,R4B,14085,003,"Read,Comp,Research",Aparajita Nanda,under,2,6,3,3,3,0,0,0,0,0,0,0,0,0,0
COLWRIT,R4B,13253,001,"Read,Comp,Research",Scott Wallin,under,0,4,0,0,3,1,0,0,0,0,0,0,2,0,0
COLWRIT,R4B,13309,002,"Read,Comp,Research",Aparajita Nanda,under,0,5,8,2,0,0,0,0,0,0,0,0,1,0,0
COLWRIT,R4B,14231,004,"Read,Comp,Research",Benjamin Spanbock,under,0,1,6,3,1,1,0,0,1,0,0,0,1,0,0
COLWRIT,W143,13212,001,Fdns Eng Lang Ed,Michelle Baptiste,under,1,4,1,2,0,0,0,0,1,0,0,0,0,1,0
COLWRIT,W145,14203,001,Mats English Ed,David Wiese,under,5,7,3,1,1,0,0,0,0,0,0,0,0,0,0
COLWRIT,W3A,14237,001,Acad Writ Online,Margi Wald; David Wiese,under,0,0,0,0,0,0,0,0,0,0,0,0,0,10,6
COLWRIT,W3A,15892,002,Acad Writ Online,Margi Wald; David Wiese,under,0,0,0,0,0,0,0,0,0,0,0,0,0,12,3
COLWRIT,W3A,16009,003,Acad Writ Online,Margi Wald; David Wiese; Ronald Martinez,under,0,0,0,0,0,0,0,0,0,0,0,0,0,14,1
COLWRIT,W3B,14384,001,Busines Oral Online,Margi Wald; David Wiese,under,0,0,0,0,0,0,0,0,0,0,0,0,0,15,2
COLWRIT,W3B,14385,002,Busines Oral Online,Margi Wald; David Wiese,under,0,0,0,0,0,0,0,0,0,0,0,0,0,16,4
COLWRIT,W3B,14414,003,Busines Oral Online,Margi Wald; David Wiese; Renee Snyder,under,0,0,0,0,0,0,0,0,0,0,0,0,0,19,2
COLWRIT,W3B,15942,004,Busines Oral Online,Margi Wald; David Wiese; Renee Snyder,under,0,0,0,0,0,0,0,0,0,0,0,0,0,15,2
COLWRIT,W3D,14166,001,Legal Engl Online,Margi Wald; David Wiese; M Catherine Beck,under,0,0,0,0,0,0,0,0,0,0,0,0,0,18,2
COLWRIT,W3D,15884,002,Legal Engl Online,Margi Wald; David Wiese; M Catherine Beck,under,0,0,0,0,0,0,0,0,0,0,0,0,0,16,2
COLWRIT,W3E,14397,001,Legal Oral Online,Margi Wald; David Wiese; M Catherine Beck,under,0,0,0,0,0,0,0,0,0,0,0,0,0,16,4
COLWRIT,W3G,14426,001,Gramm Vocab Online,Nancy Hunt; Margi Wald; David Wiese,under,0,0,0,0,0,0,0,0,0,0,0,0,0,14,1
COLWRIT,W3G,16010,002,Gramm Vocab Online,Margi Wald; Michelle Baptiste; David Wiese,under,0,0,0,0,0,0,0,0,0,0,0,0,0,11,7
COLWRIT,W3H,14167,001,Esl Oralcomm Online,Margi Wald; David Wiese; Paula Runnals,under,0,0,0,0,0,0,0,0,0,0,0,0,0,16,2
COLWRIT,W3I,14279,001,Tech Writ Online,Margi Wald; David Wiese; M Catherine Beck,under,0,0,0,0,0,0,0,0,0,0,0,0,0,12,2
COM LIT,156AC,13761,001,Fict/Culture/Americ,Kathryn Crim,under,3,17,6,1,2,2,0,0,0,0,1,0,3,4,0
COM LIT,R1A,15084,001,Engl Comp World Lit,Niklaus Largier; Christian Gonzalez Reyes,under,0,2,5,2,1,0,0,1,1,0,0,0,1,0,0
COM LIT,W60AC,13704,001,Lit Amer Cultures,Karina Palau,under,0,16,2,4,2,1,1,1,0,0,0,0,2,3,0
COMPSCI,10,14468,001,Beauty Joy Computng,Michael Ball; Deeksha Kumar; Madeleine LaBute,under,3,31,4,3,1,2,1,6,1,0,4,0,2,7,1
COMPSCI,160,14497,001,User Interfaces,Michael Ball; Diyah Mettupalli; Shm Almeda,under,72,25,5,2,1,2,0,0,1,0,1,0,0,2,0
COMPSCI,161,14495,001,Computer Security,Peyrin Kao; Michael Ball; Fuzail Shakir,under,5,53,36,18,9,14,1,1,0,0,0,0,2,4,1
COMPSCI,162,14496,001,Op Sys And Sys Prog,Michael Ball; Edward Zeng; Rahul Kumar,under,4,15,9,7,5,4,2,3,0,0,0,0,5,4,1
COMPSCI,188,14494,001,Artif Intelligence,Michael Ball; Yanlai Yang; Angela Liu,under,7,29,25,23,23,10,5,7,3,2,1,1,9,7,2
COMPSCI,61A,14469,001,Str Interp Cmp Prgs,Richard Roggenkemper; Michael Ball; Cooper Bedin; Laryn Qi,under,22,86,35,50,35,27,18,12,3,0,4,0,24,20,9
COMPSCI,61BL,15117,001,Data Strs Prog Meth,Michael Ball; Zoe Plaxco; Jedidiah Tsang; Ethan Ordentlich,under,6,61,66,58,23,20,9,4,3,0,1,1,12,9,5
COMPSCI,61C,14470,001,Machine Structures,Justin Yokota; Michael Ball; Caroline Liu,under,8,88,46,29,28,13,3,4,4,0,3,0,5,6,2
COMPSCI,70,14471,001,Discrete Math&Prob,Jingjia Chen; Michael Ball; Tarang Srivastava; Michael Psenka,under,5,53,30,43,41,42,30,14,22,0,2,0,3,4,1
CY PLAN,101,15867,001,Intro Urb Data,Daniel Rodriguez; Tamara Kerzhner; Daniel Chatman,under,3,9,3,1,4,0,0,0,0,0,0,0,0,1,1
CY PLAN,114,15886,001,Intro Urb Reg Trans,Daniel Rodriguez; Priscila Coli Rocha; Madeleine Parker; Daniel Chatman; Archimedes Faulkner,under,3,10,27,8,0,0,0,0,0,0,0,0,0,1,0
CY PLAN,130,15826,001,Housing Plan Pol,Daniel Rodriguez; Daniel Chatman; Alexander Ramiller; Tyler Pullen,under,0,13,2,1,0,0,0,0,0,0,0,0,0,1,0
CY PLAN,N115,15825,001,Urban Devel Countrs,Erica Anjum; Daniel Rodriguez; Daniel Chatman; Liubing Xie,under,8,5,0,0,0,0,1,0,0,0,0,0,1,0,0
DATA,197,13412,001,Datasci Field Study,John DeNero,under,0,0,0,0,0,0,0,0,0,0,0,0,0,65,9
DATA,6,15805,001,Intro Comp Think,William Furtado; Lisa Yan; James Weichert,under,25,22,7,2,3,0,2,0,0,0,0,0,0,2,0
DATA,C100,13883,001,Princ&Tech Data Sci,John DeNero; Hangxing Liu; Anirudhan Badrinath,under,13,53,51,28,14,5,3,3,0,3,0,2,7,4,0
DATA,C8,13863,001,Foundation Data Sci,John DeNero; Ellen Persson; Kevin Miao,under,27,74,66,59,62,24,26,25,6,1,2,0,8,25,2
DES INV,22,14454,1,Prototype & Fab,Christopher Myers; Benal Johnson,under,4,4,0,2,0,1,0,0,0,0,0,0,0,0,0
DES INV,23,14460,1,Creative Prog&Elec,Kuan Ju Wu; Denise Heredia,under,4,6,0,1,0,0,0,0,0,0,0,0,0,0,0
DIGHUM,100,15397,001,Theory And Method,James Harr,under,11,70,3,0,2,0,0,0,0,0,0,0,0,1,0
DIGHUM,101,15398,001,Practicing Dig Hum,Tom Van Nuenen,under,5,4,10,0,0,0,0,0,0,0,0,0,0,0,0
DIGHUM,150A,15399,001,Archival Dh,Kea Johnston,under,22,7,0,0,0,0,0,1,0,0,0,0,0,0,2
DIGHUM,150C,15400,001,Dh Textual Anlys,Jonathan Reeve,under,4,5,2,3,2,2,0,1,0,0,0,0,1,0,1
DIGHUM,160,15401,001,Critical Dig Hum,Tom Van Nuenen,under,1,6,8,4,0,0,0,0,0,0,0,0,4,2,2
EA LANG,R1B,13230,001,Reading And Comp,Mark Blum; Mason Hinsdale,under,0,8,2,0,0,0,0,0,0,0,0,0,0,0,0
ECON,1,13133,001,Intro To Economics,Emi Nakamura; Zia Mehmood,under,3,8,9,8,6,4,5,3,3,1,4,1,1,3,1
ECON,100A,13464,001,Microeconomics,Zheng Huang,under,5,8,7,11,9,4,1,3,0,0,0,1,2,3,2
ECON,100B,13472,001,Macroeconomics,Raymond Hawkins,under,5,12,11,8,12,2,2,3,0,0,2,0,0,1,1
ECON,131,14218,001,Public Economics,Tomer Blumkin,under,3,6,2,2,1,3,2,2,2,0,0,0,2,0,0
ECON,136,13477,001,Financial Economics,Raymond Hawkins,under,3,7,7,3,2,1,0,0,0,0,1,0,0,1,1
ECON,140,13478,001,Econometrics,Fernando Hoces De La Guardia Figueroa,under,1,9,15,7,9,4,1,2,0,0,0,2,1,0,0
ECON,151,13265,001,Labor Economics,Scott Carson,under,0,40,25,10,4,7,6,0,1,0,0,0,0,4,0
ECON,155,13936,001,Urban Econ,Tamer Cetin,under,1,0,4,3,2,2,1,0,0,0,0,0,0,2,1
ECON,157,15410,001,Health Economics,Ryan Edwards,under,36,58,25,12,4,4,3,1,2,0,0,0,2,1,0
ECON,N110,13725,001,Game Theory Soc Sci,Zheng Huang,under,7,17,17,20,4,7,3,1,3,1,0,0,2,4,1
EDSTEM,189,13933,001,Integrate Research,Arash Jamshidi,under,3,11,0,1,0,0,0,0,0,0,0,0,0,0,0
EDSTEM,82T,13972,001,K-12 Stem Tutoring,Marlo Warburton,under,3,6,3,1,0,0,0,0,0,0,0,1,0,2,0
EDUC,130,14566,001,Know Learn Math Sci,Lloyd Goldwasser,under,1,9,2,0,0,0,0,0,0,0,0,0,0,0,0
EDUC,C142,15303,001,Ed In Global World,Erin Murphy-Graham; Yi Zhou,under,0,7,4,4,0,2,0,1,0,0,0,0,0,0,0
EDUC,C142,15305,002,Ed In Global World,Erin Murphy-Graham,under,0,6,2,2,1,0,0,0,0,0,0,0,1,1,0
EDUC,C142,15307,003,Ed In Global World,Erin Murphy-Graham,under,0,4,1,1,1,1,0,0,0,0,0,0,0,2,0
EDUC,W140A,14574,001,Art Of Making Mean,Glynda Hull; Meg Everett,under,0,13,0,0,0,0,0,0,0,0,0,0,1,0,0
EDUC,W141,14564,001,Exp Digtl Pedagogy,Jessica Adams-Grigorieff; Glynda Hull,under,0,12,2,2,1,1,1,0,0,0,0,0,2,0,0
EDUC,W144,14585,001,Practicum In Educ,Erin Murphy-Graham; Corrine Aramburo; Ashley Zhou,under,0,16,2,2,0,0,0,0,0,0,0,0,0,0,0
EDUC,W153,14579,001,Research In Educ,Kris Gutierrez; Sandra Jacobo,under,2,12,0,0,0,0,0,0,0,0,0,0,0,1,0
EDUC,W153,15377,002,Research In Educ,Kris Gutierrez; Sandra Jacobo,under,1,9,0,0,0,0,1,1,0,0,0,0,0,1,1
EDUC,W190,14561,001,Crit Studies In Edu,Glynda Hull; Ja'Nya Banks,under,4,12,3,2,2,0,1,0,0,0,0,0,0,0,1
EECS,16A,14498,001,Design Info Dev I,Ana Arias; Yashovardhan Raniwala; Mohsin Sarwari,under,3,10,8,10,11,8,2,3,1,1,1,0,2,3,2
EECS,16B,14510,001,Design Info Dev Ii,Anant Sahai; Moses Won; Divija Hasteer,under,3,2,1,2,7,5,2,4,2,0,2,0,4,0,0
"ENE,RES",101,12994,001,Ecology And Society,Amber Kerr,under,4,3,0,3,5,0,0,0,0,0,0,0,0,1,1
"ENE,RES",170,13026,001,Env Classics,Les Guliasi,under,1,3,1,3,3,0,0,0,0,0,0,0,0,2,0
"ENE,RES",171,13007,001,California Water,Jennifer Stokes-Draut,under,1,12,0,1,1,0,2,0,0,0,0,0,0,2,0
"ENE,RES",C192,13054,001,Businesssustainsoc,David Rochlin,under,0,0,7,4,2,0,0,0,0,0,0,0,0,0,0
"ENE,RES",W100,13006,001,"Energy, Society",Daniel Kammen,under,2,9,4,3,8,4,2,4,0,0,0,0,1,15,1
"ENE,RES",W174,13009,001,Water & Sanitation,Isha Ray,under,0,18,12,3,3,2,2,0,0,1,0,0,0,4,1
ENGIN,29,14466,001,Manufac & Des Comm,Alan Zhang; Hayden Taylor,under,0,1,6,0,3,0,0,0,0,0,0,0,0,0,0
ENGIN,7,15551,001,Intr Computer Prog,Dingyi Sun,under,3,4,6,1,2,3,0,0,0,0,0,0,0,0,0
ENGLISH,117S,13211,001,Shakespeare,David Marno,under,3,10,2,0,0,0,0,1,0,0,0,0,0,1,1
ENGLISH,141,13360,001,Modes Of Writing,Melanie Abrams,under,0,18,3,1,0,0,0,0,0,0,0,0,0,1,0
ENGLISH,165,14366,001,Special Topics,Nathan Atkinson,under,0,8,1,0,2,0,0,0,0,0,0,0,0,0,0
ENGLISH,166,13383,004,Special Topics,Srijani Ghosh,under,2,11,2,0,0,0,0,0,0,1,0,0,0,1,0
ENGLISH,166,13924,001,Special Topics,Kent Puckett; Patrick Delehanty,under,0,10,2,2,2,0,0,0,0,0,0,0,0,0,0
ENGLISH,166,14281,002,Special Topics,Kent Puckett; Ariel Baker-Gibbs,under,0,3,7,1,1,0,1,0,0,0,0,0,0,1,0
ENGLISH,172,13882,001,Lit & Psych,Kent Puckett; Dylan Furcall,under,0,13,3,3,0,0,0,0,0,0,0,0,1,5,0
ENGLISH,176,15336,001,Lit & Pop Cultu,Donna Jones,under,0,15,3,2,2,0,0,0,0,0,0,0,0,1,0
ENGLISH,180Z,13929,001,Science Fiction,Kent Puckett; Miles Drawdy,under,0,4,3,2,2,0,0,0,0,0,0,0,0,2,0
ENGLISH,98BC,15414,001,Drct Grp Stdy,Catherine Flynn,under,0,0,0,0,0,0,0,0,0,0,0,0,0,15,1
ENGLISH,R1A,14073,001,Reading And Comp,Kent Puckett; Eliot D'Silva,under,0,6,4,1,1,0,0,0,0,0,0,0,0,0,0
ENGLISH,R1B,13920,003,Reading And Comp,Kent Puckett; Jason Bircea,under,2,7,2,0,0,0,0,0,0,1,0,0,0,0,0
ENV DES,1,15544,001,Intro To Env Des,Maria Gonzalez,under,14,10,4,0,1,3,0,1,0,0,0,0,1,2,1
ENV DES,152,15827,001,Maps As Social Just,Daniel Rodriguez; Daniel Chatman; Irene Farah Rivadeneyra,under,1,4,2,2,2,0,1,0,0,0,0,0,0,1,0
ENV DES,2,15527,001,Summer Institute,David Orkand; Samantha Hsieh; Isabelle De Metz; Elizabeth Clifton; Evelyn Hair,under,3,9,2,0,0,0,0,0,0,0,0,0,0,7,0
ENV DES,2,15530,003,Summer Institute,David Orkand; Archimedes Faulkner; Michael Larice; Tara Singh; Victoria Mohr Ferron,under,2,17,0,0,0,0,0,0,0,0,0,0,0,6,0
ENV DES,2,15531,004,Summer Institute,David Orkand; Claire Adams; Dana Tinio; Hyun-Choo Sung,under,0,2,3,1,0,0,0,0,0,0,1,0,0,11,0
ENV DES,9,15533,101,Embarc Design,Kimberly Smith; Margaret Kirsch; Alexa Lesley; Brittaney Bluel,under,6,43,15,10,1,0,0,1,0,0,1,0,1,0,0
ENV DES,98,15726,001,Directed Group Stdy,Gabriel Kaprielian,under,3,0,0,0,0,0,0,0,0,0,0,0,0,12,0
ENVECON,104,15453,001,Econ Of Sus Bus Pol,David Mclaughlin,under,4,8,0,0,0,0,0,0,0,0,0,0,0,0,0
ENVECON,105,15473,001,Envir. Data Tools,Daniel Hammer,under,7,9,1,0,0,0,0,0,0,0,1,0,0,2,1
ENVECON,C101,12996,001,Environmental Econ,Jeffrey Perloff; Danial Shariat,under,7,5,4,0,2,0,1,0,0,0,0,0,0,0,0
ENVECON,C118,12997,001,Intro Econometrics,Jeffrey Perloff; Arthur Wardle,under,4,3,1,1,0,0,2,0,1,0,0,0,3,0,0
ENVECON,C151,13001,001,Dev Econ,Jeffrey Perloff; Abdoulaye Cisse,under,7,3,3,2,0,0,0,0,0,0,0,0,0,0,0
ENVECON,C176,13004,001,Climate Change Economics,Jasmin Ansar,under,0,17,9,2,0,0,0,0,0,2,0,0,0,1,0
EPS,20,13141,001,Earthquakes,Noha Farghal,under,14,22,6,3,4,0,0,0,1,0,0,0,0,8,0
EPS,20,14010,002,Earthquakes,Noha Farghal,under,7,22,13,8,11,1,0,1,1,0,0,0,1,13,0
EPS,N82,15705,002,Intro To Oceans,Michelle Jungbluth,under,0,16,13,5,8,4,0,1,0,0,0,0,4,20,2
EPS,N82,15706,001,Intro To Oceans,Michelle Jungbluth,under,0,21,14,7,10,1,4,1,1,0,1,0,2,22,3
EPS,W12,13485,001,The Planets,Burkhard Militzer,under,0,8,2,3,2,2,0,5,0,0,0,0,5,8,1
ESPM,105A,13010,001,Sierra Nevada Ecol,Scott Stephens,under,5,25,5,1,1,0,1,0,0,0,0,0,0,0,0
ESPM,105B,13012,001,For Measurements,Scott Stephens,under,7,15,7,3,1,0,0,3,0,0,0,0,0,1,0
ESPM,105C,13014,001,Silviculture & Util,Robert York,under,3,24,9,2,0,0,0,0,0,0,0,0,0,0,0
ESPM,105D,13016,001,For Mgmt & Assess,Robert York,under,0,14,15,4,4,0,0,0,0,0,0,0,0,0,0
ESPM,117,15053,001,Urban Gard Ecosys,Ana Galvis-Martinez,under,12,4,2,3,0,0,0,0,0,0,0,0,0,0,0
ESPM,15,13059,001,Intro Environ Sci,Christine Gehrig-Downie,under,1,6,7,3,2,2,0,1,0,0,0,0,1,3,1
ESPM,50AC,12963,001,Intro Cult/Res Mgt,Kenneth Worthy,under,0,158,17,5,2,2,1,0,2,0,0,0,2,25,1
ESPM,50AC,13104,002,Intro Cult/Res Mgt,Kenneth Worthy,under,0,65,12,7,8,5,2,1,1,1,0,0,3,14,1
ESPM,72,13057,001,Gis,Christine Gehrig-Downie,under,1,10,3,0,1,0,0,0,1,0,1,0,0,3,0
ESPM,98,13076,002,Directed Group Stdy,Griselda Mora,under,0,0,0,0,0,0,0,0,0,0,0,0,0,13,1
ESPM,98,13080,006,Directed Group Stdy,Griselda Mora,under,0,0,0,0,0,0,0,0,0,0,0,0,0,12,2
ESPM,C103,13064,001,Prin Conserv Biol,Jean Erick Rakotoarisoa,under,1,3,2,1,2,1,0,0,1,0,0,0,0,0,0
ESPM,C167,13062,001,Env Health & De,Kenneth Worthy,under,12,17,3,3,0,0,0,0,0,0,0,0,1,1,0
ESPM,W169,13117,001,Intnatl Env Politic,Katherine O'Neill,under,64,90,21,3,0,0,0,0,0,0,0,0,2,24,2
ETH STD,101A,13142,001,Soc Sci Methods,John Dougherty,under,0,8,2,1,0,0,0,0,0,0,0,0,0,0,0
ETH STD,11AC,14334,001,Intro To Eth Std,Juana Maria Rodriguez; Salvador Gutierrez Peraza; Keith Feldman,under,0,33,17,3,4,4,1,1,0,0,1,1,0,1,0
ETH STD,122AC,14017,001,Eth/Race In Am Film,Raymond Telles,under,0,33,0,1,0,0,0,0,0,0,0,0,0,2,0
ETH STD,135,14018,001,U.S. Immigration,Juan Berumen,under,2,2,3,1,1,1,0,0,1,0,0,0,0,1,0
ETH STD,144AC,14019,001,Racism And U.S. Law,Kathleen Tarr; -,under,1,9,0,1,9,4,0,1,0,0,1,0,1,1,0
ETH STD,180L,13209,001,Topics In Race Law,Francisco Casique,under,0,4,5,0,1,0,0,0,0,0,0,0,0,1,0
ETH STD,180L,13210,002,Topics In Race Law,Michael Chang,under,0,9,4,1,0,1,0,0,0,0,0,0,0,0,1
ETH STD,197,11787,004,Field Study,Luisa Giulianetti,under,0,0,0,0,0,0,0,0,0,0,0,0,0,13,1
ETH STD,N194,14125,002,Transfer Student Tr,Luisa Giulianetti,under,0,22,0,2,0,0,0,0,0,0,0,0,0,0,0
FILM,10,15327,001,Film History & Form,Dolores McElroy,under,0,5,4,2,1,0,0,0,0,0,0,0,1,0,0
FILM,135,13348,001,Experimental Media,Mark Sandberg; Kaitlin Forcier,under,8,10,3,3,0,1,0,0,0,0,0,0,0,1,0
FILM,140AC,14302,001,Special Topics Ac,Emily West,under,7,3,0,0,1,0,0,0,0,0,0,0,0,1,0
FILM,155,13370,001,Media Technologies,Mark Sandberg; Harry Burson,under,0,8,5,4,0,0,0,0,1,0,0,0,0,1,0
FILM,171,15331,001,Film Genre,Mark Sandberg; Pamela Weidman,under,0,8,11,4,0,1,0,0,0,0,0,0,1,9,0
FILM,176,13351,001,Pitch To Production,J Kopell,under,0,5,4,2,0,1,0,0,0,0,0,0,0,0,0
FILM,177,14303,001,Entertainment Law,Stuart Pollok,under,7,3,5,3,4,1,0,0,0,0,0,0,0,7,1
FILM,178,13353,001,Film Professions,Brett Fallentine,under,0,7,5,2,0,1,0,0,0,1,0,0,1,0,1
FILM,20,14140,001,Film & Media Theory,Mark Sandberg; Caleb Murray-Bozeman,under,4,12,5,1,3,1,1,0,1,0,0,0,0,0,0
FILM,45,15328,001,Television Studies,Emily West,under,4,5,0,0,0,0,0,0,0,0,0,0,1,1,0
FILM,85,15329,001,Intro Mov Img Prod,Mark Sandberg; Lazaro Gonzalez,under,5,6,0,2,0,0,0,0,0,0,0,0,0,2,0
FILM,R1A,15482,001,Writing-Film Focus,Mark Sandberg; Matteo Cavelier Riccardi,under,1,9,2,2,0,0,0,0,1,0,0,0,0,0,0
FRENCH,13,15000,001,Intermed Convers,Daniel Hoffmann; Maya Sidhu,under,0,9,0,1,0,0,0,0,0,0,0,0,0,0,0
FRENCH,2,13488,001,Elementary French,Richard Kern; Daniel Hoffmann; Rachel Weiher,under,0,2,2,0,2,1,1,0,1,0,0,0,1,0,0
FRENCH,43A,15002,001,Aspects Fr Culture,Daniel Hoffmann,under,1,21,0,2,0,0,0,0,0,0,0,0,0,1,0
FRENCH,R1A,15309,001,Eng Com With Fr Lit,Richard Kern; Michael Lucey; Rupinder Kaur,under,1,7,0,1,5,0,0,1,0,0,0,0,0,0,0
FRENCH,R1B,14022,002,Eng Com With Fr Lit,Richard Kern; Michael Lucey; Hannah Katznelson,under,1,7,0,1,1,0,0,0,0,0,0,0,2,0,0
GEOG,138,15573,001,Global Environ Poli,Jovan Lewis; Keith Brown,under,0,10,2,0,1,0,1,0,0,0,0,0,3,1,0
GEOG,182,15472,001,Field Study Cities,Seth Lunine,under,2,11,0,0,0,1,0,0,0,0,0,0,0,2,0
GEOG,72AC,13379,001,The Bay Area,Jovan Lewis; Juleon Robinson,under,0,8,2,0,0,0,0,0,0,0,0,0,0,3,0
GEOG,N130,13147,001,Food Environment,James Eckhouse; Jovan Lewis; Christopher Lesser,under,2,15,6,1,0,2,0,0,0,0,0,0,0,4,0
GEOG,N4,14023,001,Wrld Cultures Envts,Jovan Lewis; Anne Lloyd,under,0,7,5,4,0,1,0,1,0,0,0,0,2,4,1
GERMAN,R5B,13153,002,Reading And Comp,Karen Feldman; Sarah Harris,under,0,10,1,1,1,0,0,0,0,0,0,0,0,0,0
GLOBAL,10B,14130,002,Issues Global Stud,Noam Schimmel,under,1,5,6,1,1,1,0,0,0,0,0,0,0,2,0
GLOBAL,153P,14387,003,Topics Peace Confl,Noam Schimmel,under,1,2,15,3,0,0,0,2,0,0,0,0,0,2,0
GLOBAL,N45,15276,001,Survy World History,Andrew Hardy; Candice Goucher,under,0,9,6,4,9,6,0,1,0,0,0,0,0,1,0
GPP,115,13220,001,Global Poverty,Kristopher Kohler,under,0,2,0,4,2,0,1,1,0,0,0,0,0,1,0
GREEK,15,13385,001,The Greek Workshop,Dylan Sailor; John Wein; David Youd; Evan Vance; Russell Helder,under,3,11,2,2,2,0,0,2,0,0,1,0,4,1,0
GWS,129,15296,001,Bodies & Boundaries,Barbara Barnes,under,2,8,2,1,1,0,0,0,0,0,0,0,0,1,0
GWS,130AC,15297,001,Gen Race Nat &,Derrika Hunt; Laura Nelson,under,0,34,8,7,3,2,0,0,0,0,0,0,0,3,0
HISTART,190H,14367,001,Contemporary,Margaretta Lovell; Gregory Levine; Kristine Barrett,under,1,6,2,0,1,0,0,0,0,0,0,0,0,0,0
HISTORY,131B,13293,001,Us Social Fr Civwar,Sandra Smith,under,3,5,10,2,0,0,0,0,0,0,0,0,1,1,1
HISTORY,137AC,14150,001,U.S Immigration,Meg Eppel Gudgeirsson,under,13,9,3,1,1,0,0,0,0,0,0,0,0,20,1
HISTORY,158C,13703,001,Europe 1914-Pres,David Wetzel,under,10,9,0,0,0,2,0,1,0,0,0,0,1,3,0
HISTORY,158D,13249,001,History Of Fascism,Agnieszka Smelkowska,under,0,10,2,0,1,0,0,0,0,0,0,0,0,0,0
HISTORY,7B,13505,001,The Us Civ War Pres,Sandra Smith,under,1,1,5,0,2,2,1,0,1,0,1,0,1,1,1
HISTORY,N100,15312,001,Short Course Topics,Alexis Herr,under,0,11,1,0,0,0,0,1,0,0,0,0,0,5,0
HISTORY,N100G,15924,001,Stdy Abrd Spec Tpcs,Cathryn Carson; Dominic Janes,under,1,12,21,3,0,1,0,0,0,0,0,0,0,28,0
HISTORY,N100G,15925,002,Stdy Abrd Spec Tpcs,Rami Zeedan,under,8,7,1,0,0,1,0,0,0,0,0,0,0,0,0
HISTORY,N100G,15926,003,Stdy Abrd Spec Tpcs,Cathryn Carson; Kelvin Lawrence,under,0,5,4,2,1,2,1,0,0,0,0,0,0,12,2
HISTORY,N100G,15927,004,Stdy Abrd Spec Tpcs,Cathryn Carson; Lutz Gschwind,under,0,3,0,0,4,0,2,1,0,0,1,1,0,4,0
HUM,C132,15487,001,Future Histories,Lincoln Cushing,under,0,16,1,0,1,1,0,0,0,0,0,0,0,0,0
IND ENG,185,14472,001,Challenge Lab,Pamela Induni,under,8,34,13,3,0,0,0,0,0,0,0,0,0,0,0
IND ENG,192,12910,001,Bme Bootcamp,Pamela Induni,under,8,34,13,3,0,0,0,0,0,0,0,0,0,0,0
INTEGBI,108,13859,001,Marine Biology,Bibit Traut,under,1,7,1,1,0,0,0,0,0,0,0,0,1,0,0
INTEGBI,114,13848,001,Infectious Disease,Idelle Cooper,under,3,20,7,4,1,2,0,1,0,0,0,0,0,2,1
INTEGBI,128,13159,001,Sports Medicine,Charles McLaughlin,under,3,9,7,9,6,3,1,0,0,0,0,0,0,1,0
INTEGBI,131,13509,001,Human Anatomy,Kamla Ahluwalia,under,3,6,8,9,5,2,2,1,2,2,0,3,1,3,0
INTEGBI,131L,14947,001,Human Anatomy Lab,Elizabeth Ferrer,under,2,2,0,0,2,1,1,1,1,0,0,0,2,1,1
INTEGBI,131L,14948,002,Human Anatomy Lab,Elizabeth Ferrer; Robert Leija,under,4,6,2,3,2,0,1,0,0,0,0,0,0,1,0
INTEGBI,131L,14949,003,Human Anatomy Lab,Elizabeth Ferrer; Zachary Mclaughlin,under,0,2,2,2,3,2,0,1,0,0,0,2,0,2,0
INTEGBI,141,13510,001,Human Genetics,Nadeesha Perera,under,20,2,1,0,0,1,0,0,0,0,0,0,0,0,0
INTEGBI,31,13700,001,Ecol/Evol Anml Behv,Timothy Markowitz,under,1,5,4,2,0,0,0,2,0,0,0,0,1,1,0
INTEGBI,41,13506,001,Marine Mammals,Timothy Markowitz,under,0,6,1,0,1,1,2,1,0,0,0,0,0,7,1
INTEGBI,51,14959,001,Origins And Evoluti,Eric Harris,under,0,2,3,1,0,0,0,0,0,0,1,0,0,2,1
ISF,100D,14078,001,Technol & Society,Rakesh Bhandari,under,0,10,5,5,0,2,0,0,0,0,0,0,1,6,0
ISF,100H,15310,001,Media & Intntl Rel,Rakesh Bhandari,under,2,2,2,1,4,0,1,1,0,0,0,0,0,0,0
ITALIAN,R5B,15258,001,Reading & Comp,Mia Fuller; Kyle Thomson,under,8,2,0,1,2,0,0,1,0,0,0,0,0,0,0
ITALIAN,R5B,15259,002,Reading & Comp,Mia Fuller; Michiko Arai,under,4,11,0,0,0,0,0,0,0,0,0,0,1,0,0
ITALIAN,R5B,15260,003,Reading & Comp,Mia Fuller; Rhiannon Welch; Daisy Ament,under,2,14,1,1,0,0,0,0,0,0,0,0,0,0,0
JAPAN,10A,13285,001,Interm Japanese,Yuriko Caltabiano,under,0,2,2,1,1,1,0,0,0,0,0,0,0,2,1
JAPAN,10B,14200,001,Interm Japanese,Kayoko Imagawa,under,0,4,2,1,3,0,0,0,0,0,0,0,0,1,0
JAPAN,1A,13283,001,Elementary Japanese,Yukiko Tsuchiya,under,1,9,0,1,1,0,0,0,0,0,0,0,1,3,1
JAPAN,1B,14198,001,Elementary Japanese,Yukiko Tsuchiya,under,0,5,1,0,0,1,0,0,0,0,0,0,0,2,1
JAPAN,7A,13164,001,Premod Japan Lit,Mark Blum; Bonnie McClure,under,4,4,0,0,1,0,1,0,0,0,0,0,0,0,0
JAPAN,7B,14030,001,Modern Japan Lit,Mark Blum; Chelsea Ward,under,0,5,2,2,2,0,0,0,0,0,0,0,0,0,0
JOURN,100,14660,001,News Reporting,Gary Moskowitz,under,1,14,7,2,2,1,0,0,0,0,0,0,0,0,0
JOURN,100,14662,002,News Reporting,Monica Campbell,under,1,8,8,0,5,0,0,0,0,0,0,0,1,0,0
JOURN,100,14668,003,News Reporting,David Thigpen,under,0,5,4,3,4,1,1,1,0,0,0,0,0,0,0
JOURN,110,14661,001,Intro To Multimedia,Scot Tucker,under,0,17,2,2,1,0,0,0,0,0,0,0,0,0,0
JOURN,110,14663,002,Intro To Multimedia,Francesca Fenzi,under,0,20,1,0,0,0,0,0,0,0,0,0,0,0,0
JOURN,110,14669,003,Intro To Multimedia,Richard Koci Hernandez; David Thigpen,under,0,43,0,0,0,0,0,2,0,0,1,0,5,1,1
JOURN,111,14664,001,Social Mdia Journ,David Thigpen; Lakshmi Eassey,under,16,17,7,4,0,6,0,1,0,0,0,0,0,0,0
JOURN,112,15889,001,Intro To Podcasting,David Thigpen; Corey Takahashi,under,6,12,6,2,1,0,0,0,0,0,0,0,0,0,0
JOURN,115,14665,001,Adv Multimedia,David Thigpen; Lakshmi Eassey,under,6,18,5,1,2,0,0,1,0,0,0,0,0,1,0
JOURN,122,14671,001,Future Of Vis Journ,Jeremy Rue; David Thigpen; Nani Walker,under,8,16,5,3,0,1,0,0,0,0,0,0,0,0,0
JOURN,124,14672,001,Intro To Data Journ,David Thigpen; Dana Amihere,under,0,19,8,4,1,0,0,0,0,0,0,0,0,0,0
JOURN,134,14667,001,International Reprt,David Thigpen,under,0,17,10,4,0,1,0,0,0,0,0,0,0,0,0
KOREAN,1A,13244,001,Elementary Korean,Kyongmi Park,under,1,4,4,1,0,0,0,0,0,0,0,0,0,0,0
L & S,1,15423,001,Liberal Arts,Aileen Liu,under,0,0,0,0,0,0,0,0,0,0,0,0,0,37,7
L & S,C12,13987,001,Changemaker,Christyna Serrano; Alex Budak,under,9,30,1,2,2,1,1,0,1,1,0,2,2,11,6
L & S,C196C,15875,001,Changemaker,Christyna Serrano; Alex Budak,under,1,22,4,0,2,3,2,1,2,1,0,1,3,9,1
LATIN,15,13386,001,The Latin Workshop,Dylan Sailor; Kyle Ralston; Daniel Squire; Claire Healy; Liam Deihr,under,6,5,1,0,1,0,0,1,1,0,0,0,2,1,0
LD ARCH,1,15577,001,Draw Green Future,Robert Glass,under,2,3,5,4,1,1,0,0,0,0,0,0,0,1,0
LD ARCH,12,15579,001,Env Sci Sustainable,G Mathias Kondolf; Vicente TINOCO,under,1,1,4,3,2,2,0,0,1,2,0,1,1,0,0
LD ARCH,130,15581,001,Sustain Landscapes,Ian McRae,under,3,3,5,3,1,0,0,0,0,0,0,0,1,1,1
LEGALST,100,14129,001,Foundations Legalst,Yoav Mehozay; Brianne Felsher,under,0,4,7,6,4,1,0,0,0,0,0,0,2,1,0
LEGALST,102,15010,001,Policing & Society,Jonathan Marshall; Maura Ernestina Lievano Nunez; Eduardo Bautista Duran,under,0,2,8,5,2,1,0,0,0,0,0,0,0,0,0
LEGALST,138,13198,001,Sup Ct & Pub Po,Brittany Arsiniega; Laura Ramirez,under,5,10,6,5,8,3,1,1,4,0,0,0,3,0,1
LEGALST,145,13232,001,Law & Economics I,Douglas Sangster; Bruno Meyerhof Salama,under,0,7,1,2,3,1,7,3,2,0,0,0,0,3,0
LEGALST,160,13191,001,Punishment Cult Soc,Alessandro De Giorgi; Nicolas Lezaca,under,5,6,8,2,3,3,1,0,0,0,0,0,0,0,0
LEGALST,168,15009,001,Reproduction & Law,Mark Leinauer; Rafael Henriquez,under,1,4,0,3,2,0,0,0,0,0,0,0,0,0,0
LEGALST,170,15455,001,Criminal Justice,Elizabeth Tejada; Daimeon Shanks,under,0,13,6,1,1,1,1,0,0,0,0,0,0,0,0
LEGALST,182,14064,001,"Law, Politics &",Malcolm Feeley; Anthony Carrasco,under,0,5,5,1,1,2,0,0,0,0,0,0,0,0,0
LINGUIS,100,15004,001,Intro Ling Sci,Peter Jenks,under,6,17,11,9,5,5,3,5,2,2,0,0,4,2,6
LINGUIS,125,15290,001,"Gesture, Cognition",Schuyler Laparle,under,4,5,4,1,0,0,0,1,0,0,0,0,0,0,1
LINGUIS,155AC,13286,001,Language In The Us,Peter Jenks; Colleen Cotter,under,0,6,5,1,0,1,0,0,0,0,0,0,0,0,0
LINGUIS,188,14172,001,Linguistic Data,Peter Jenks; Dmetri Hayes,under,5,2,3,2,0,1,0,0,1,0,0,0,2,1,0
LINGUIS,R1B,13166,001,Endangered Language,Peter Jenks; Oliver Whitmore,under,0,5,2,0,2,1,0,0,0,0,1,0,0,0,0
LINGUIS,R1B,14032,003,Endangered Language,Peter Jenks; Carlos Cisneros,under,0,8,1,1,0,0,0,0,0,0,0,0,0,0,0
LINGUIS,R1B,15003,002,Endangered Language,Peter Jenks; Uknown Pratiti,under,0,3,3,2,1,1,0,0,0,0,0,0,0,0,0
MATH,104,13533,001,Intro To Analysis,Manijeh Bahreini,under,10,6,5,1,3,2,1,1,1,0,1,0,0,0,0
MATH,104,13534,003,Intro To Analysis,Ryan Hass,under,2,4,0,2,5,0,0,2,0,0,1,0,1,4,1
MATH,110,13668,003,Linear Algebra,Norman Sheu,under,2,2,2,2,2,1,0,1,2,0,0,0,3,2,0
MATH,110,13535,001,Linear Algebra,Richard Borcherds; Ansuman Bardalai,under,0,6,0,0,2,0,0,4,0,0,1,0,0,2,1
MATH,110,13676,004,Linear Algebra,Richard Borcherds; Alois Cerbu,under,0,4,2,1,0,2,0,0,0,0,1,0,0,0,0
MATH,113,13539,001,Abstract Algebra,Richard Borcherds; Galen Liang,under,1,4,2,1,3,1,0,2,0,0,0,0,1,0,1
MATH,113,13540,002,Abstract Algebra,Richard Borcherds; Dun Tang,under,6,2,3,2,2,2,0,3,2,0,0,0,0,0,0
MATH,115,13541,001,Intro Number Theory,Richard Borcherds; Thomas Browning,under,2,5,1,2,2,4,0,1,1,0,0,1,0,1,2
MATH,126,13542,001,Intro Part Dif Equa,Richard Borcherds; Nima Moini,under,2,3,3,2,0,1,1,1,2,0,0,0,3,1,0
MATH,185,13547,001,Complex Analysis,Khalilah Beal-Uribe,under,4,4,0,1,0,0,1,0,0,0,0,0,0,0,0
MATH,185,13548,002,Complex Analysis,Khalilah Beal-Uribe,under,8,7,0,0,2,3,0,2,0,0,0,0,2,0,0
MATH,32,14034,001,Precalculus,Michael Leong,under,2,6,2,3,2,1,0,1,0,0,0,0,0,11,2
MATH,96,14036,001,College Algebra,Michael Wong,under,1,8,0,0,0,0,0,0,0,0,0,0,2,24,7
MATH,N10A,13731,001,Methods Of Math,Richard Borcherds; Siqi Huang,under,1,3,0,1,2,2,1,2,1,0,0,0,0,1,1
MATH,N16A,13733,002,Anal Geo & Calc,Richard Borcherds; Arash Farahmand,under,4,6,3,4,5,4,0,2,0,0,0,0,0,0,0
MATH,N16B,13734,001,Anal Geo & Calc,Arun Sharma,under,1,7,2,1,6,0,3,1,2,0,1,1,2,0,0
MATH,N1A,13729,001,Calculus,Arun Sharma,under,0,2,2,0,0,2,0,1,0,0,0,1,2,0,0
MATH,N1A,13730,002,Calculus,Luvreet Sangha,under,0,14,1,1,0,0,0,0,5,0,0,0,3,0,0
MATH,N1A,13745,003,Calculus,Luvreet Sangha,under,0,9,2,4,1,1,1,2,0,0,0,0,2,0,2
MATH,N1B,13742,002,Calculus,Ryan Hass,under,3,4,0,5,5,0,2,1,2,0,1,0,1,1,0
MATH,N1B,13743,003,Calculus,Richard Borcherds; Esme Bajo,under,2,4,2,5,3,0,2,1,0,0,1,0,0,0,1
MATH,N1B,13744,004,Calculus,Manijeh Bahreini,under,6,3,2,1,1,1,1,1,0,0,0,0,0,0,0
MATH,N32,13735,001,Precalculus,Richard Borcherds; Yasaman Yavaribajestani,under,1,4,5,0,1,0,2,0,0,0,0,0,0,1,0
MATH,N53,13736,001,Multivar Calculus,Richard Borcherds; Arash Farahmand,under,3,5,2,0,1,0,0,1,1,0,1,0,0,1,0
MATH,N53,13737,002,Multivar Calculus,Richard Borcherds; Jason Zhao,under,3,2,5,8,0,5,1,1,1,0,0,0,1,2,1
MATH,N53,13738,003,Multivar Calculus,Richard Borcherds; Pranav Trivedi,under,1,3,2,2,2,1,1,1,2,0,0,0,1,0,1
MATH,N53,13739,004,Multivar Calculus,Norman Sheu,under,1,1,1,3,1,1,1,1,1,0,0,0,2,0,0
MATH,N54,13746,002,Lin Alg & Diff Eqns,Richard Borcherds; Zachary McNulty,under,10,6,3,0,3,2,2,0,0,0,1,1,0,0,0
MATH,N54,13747,003,Lin Alg & Diff Eqns,Richard Borcherds; Mitsuki Hanada,under,4,4,4,2,4,1,0,2,2,0,0,0,0,2,1
MATH,N54,13740,001,Lin Alg & Diff Eqns,Richard Borcherds; Isabel Detherage,under,0,6,4,3,2,0,0,1,1,0,2,0,0,0,0
MATH,N55,13753,001,Discrete Math,Richard Borcherds; Shelly Manber,under,3,4,0,2,12,0,3,3,0,0,0,0,1,3,0
MATH,N55,13754,002,Discrete Math,Richard Borcherds; Peter Koroteev,under,2,3,4,2,2,5,0,2,0,0,0,0,0,0,0
MATH,N55,13755,003,Discrete Math,Richard Borcherds; John Lentfer,under,6,5,4,1,0,2,2,2,0,0,3,1,1,2,0
MATH,W128A,13945,001,Numerical Analysis,Per-Olof Persson,under,10,30,24,10,15,11,6,6,7,0,4,2,12,7,5
MATH,W53,13524,001,Multivar Calculus,Thomas Scanlon,under,16,37,29,33,22,17,20,21,23,5,2,1,19,11,2
MATH,W54,13954,001,Lin Alg & Diff Eqns,David Nadler; Kishan Jani,under,40,36,45,35,28,34,23,20,19,0,0,0,28,21,12
MCELLBI,102,13558,001,Surv Biochem & Mobi,Natalia Caporale,under,3,17,12,13,11,12,5,13,9,0,6,0,3,3,1
MCELLBI,104,13680,001,Gen Genom Cell Bio,Christina Lewis,under,0,17,0,0,14,0,0,8,0,0,3,0,1,1,0
MCELLBI,170L,13255,001,Mcellbi Lab,Isabelle Le Blanc,under,5,3,2,2,1,1,0,0,0,0,0,0,0,0,0
MCELLBI,32,13550,001,Intro Human Physiol,Robin Ball,under,2,33,2,6,8,1,0,2,0,0,0,0,0,4,0
MCELLBI,32L,14037,001,Int Human Phys Lab,Robin Ball,under,2,33,0,1,1,0,0,0,0,0,1,0,1,2,0
MCELLBI,55,15447,001,Plagues Pandemics,P Beatty; Justin Nguyen,under,2,16,11,2,10,6,9,5,2,0,0,0,7,18,1
MCELLBI,63,14040,001,Intro Funct Neuro,Arash Ng,under,3,7,2,3,2,0,0,0,0,0,0,0,0,4,0
MCELLBI,C112,13387,001,Gen Microbiology,Geoffrey Vrla,under,0,5,5,2,3,4,0,0,1,0,0,0,0,1,0
MCELLBI,C64,13553,001,Exploring The Brain,Hannah Monday,under,2,7,4,1,7,2,0,0,2,0,0,2,1,3,1
MCELLBI,N184,14378,001,Igi Crispr Lecture,Ross Wilson; Connor Tsuchida,under,0,0,0,0,0,0,0,0,0,0,0,0,0,83,6
MCELLBI,W61,13167,001,Brain Mind Behavior,David Presti,under,0,80,42,22,18,1,1,5,1,0,1,1,0,19,0
MEC ENG,106,14447,001,Fluid Mechanics,Philip Marcus; Jinge Wang,under,2,2,0,5,3,0,0,1,1,0,0,0,0,0,0
MEC ENG,110,14451,001,Intro Product Dev,Ala Moradian,under,9,25,11,0,0,0,0,0,0,0,0,0,0,0,0
MEC ENG,132,14452,001,Dyn System/Feedback,George Anwar,under,3,5,11,5,6,0,2,2,0,0,3,0,0,2,0
MEC ENG,40,14443,001,Thermodynamics,Van Carey; Alanna Cooney,under,2,7,4,4,4,4,1,1,0,0,0,0,1,0,0
MEDIAST,10,15283,001,Intro To Mediast,Josh Jackson,under,0,38,18,9,14,7,3,6,3,1,0,1,0,1,3
MUSIC,139,13213,001,World Topics,David Milnes; Jonathan Wu,under,2,8,0,0,0,1,0,0,0,0,1,0,0,2,0
MUSIC,139,14225,002,World Topics,David Milnes; Jonathan Wu,under,2,6,3,2,1,0,0,0,0,0,0,0,0,0,0
MUSIC,148,15515,001,African Mus Perf,Cornelius Ladzekpo,under,9,47,0,0,0,0,0,0,0,0,0,0,1,1,0
MUSIC,158A,13375,001,Music And Computing,Jonathan Kulpa,under,7,11,2,0,1,0,0,0,0,0,0,0,3,3,0
MUSIC,158A,14088,002,Music And Computing,Jonathan Kulpa,under,6,6,4,1,0,0,0,0,0,0,0,0,0,0,1
MUSIC,25,14141,001,Music Theory,David Milnes; Curtis Dahn,under,6,2,0,0,0,0,0,1,0,0,1,0,0,2,1
MUSIC,25,14413,002,Music Theory,Robert Yamasato,under,1,7,3,0,0,1,0,0,1,0,0,0,1,3,0
MUSIC,26AC,15896,001,American Culture,Carla Brunet,under,52,54,12,5,7,2,1,1,0,1,0,0,3,26,1
MUSIC,29,13372,001,Music Now,Nils Bultmann,under,1,5,1,0,0,0,0,0,0,0,0,0,0,4,0
MUSIC,44,14082,001,Voice Class,Nikolas Nackley,under,8,10,0,0,0,0,0,0,0,0,0,0,0,4,0
MUSIC,44,14083,002,Voice Class,Nikolas Nackley,under,9,12,0,0,0,0,0,0,0,0,0,0,0,2,0
MUSIC,45,13392,001,Beginning Piano 1,Jacqueline Chew,under,2,7,0,0,0,0,0,0,0,0,0,0,0,3,0
MUSIC,46,13197,001,Guitar Performance,David Milnes; Hwa-Chan Yu,under,11,0,3,0,0,0,0,0,0,0,0,0,0,1,0
MUSIC,46,14101,002,Guitar Performance,David Milnes; Hwa-Chan Yu,under,13,2,0,2,0,0,0,0,0,0,0,0,0,3,0
NUSCTX,10,12971,001,Intro Human Nutr,Ashley Reaver,under,1,2,3,0,1,0,1,4,1,0,0,0,0,2,1
NUSCTX,10,13055,002,Intro Human Nutr,Marta Vuckovic,under,2,5,0,1,2,0,0,1,0,0,1,0,1,8,0
NUSCTX,105,15490,001,Mediterranean Nutri,Kristen Rasmussen,under,1,15,1,2,0,0,0,0,0,0,0,0,0,0,0
NUSCTX,W104,13040,001,Food Culture Env,Kristen Rasmussen,under,0,45,9,7,9,3,1,4,1,0,0,0,5,16,4
PB HLTH,118,14691,001,Nutr Developng Ctry,Sarah Zyba,under,0,6,5,0,0,0,0,0,0,0,0,0,0,0,0
PB HLTH,142,14716,001,Intro Prob Stat,Mi-Suk Kang Dufour; Defne Yilmaz; Alma Juarez Armenta; Parishkrita Srivastava; Sylvia Cheng; Iris Yen; Tian Qiu; Nolan Gunter,under,25,23,15,9,3,4,4,0,2,0,0,0,0,0,0
PB HLTH,150D,14692,001,Intro Hlth Pol Mgt,Robin Flagg; Sakara Bakenra,under,1,17,7,3,5,1,0,0,0,0,0,1,0,1,0
PB HLTH,155B,14733,001,Womens Health,Anke Hemmerling; Mara Decker,under,7,9,2,0,0,0,0,0,0,0,0,0,0,1,0
PB HLTH,162A,14714,001,Pub Hlth Microbiol,Fenyong Liu; Eduardo Lujan,under,8,12,7,4,6,3,2,2,2,0,2,0,0,2,0
PB HLTH,177,14713,001,Gis Public Health,Charlotte Smith,under,3,30,3,0,2,0,0,0,0,0,0,0,1,1,0
PB HLTH,N112,14695,001,Global Health N,Arthur Reingold; Audrie Lin; Sai Ramya Maddali; Ifunanya Dibiaezue; Mikail Aliyu; Ashley Mitchell,under,29,21,4,0,0,0,0,0,0,1,0,0,0,2,0
PB HLTH,N150B,14705,001,Human Hlth & Envir,Jay Graham; Maria Alvarez Pineda,under,0,29,0,5,1,0,0,0,0,0,0,0,0,0,0
PHILOS,115,15355,001,Political Philos,Florian Grosser,under,0,4,7,3,3,4,0,0,0,0,0,0,0,1,0
PHILOS,117AC,13247,001,Phil Race Ethnicity,Timothy Crockett,under,1,2,3,1,1,0,0,0,0,0,0,0,2,2,0
PHILOS,12A,13174,001,Intro To Logic,Nicholas Kolodny; Edward Schwartz,under,1,3,0,1,1,0,0,0,0,0,0,0,2,1,2
PHILOS,12A,14151,002,Intro To Logic,Nicholas Kolodny; Erica Klempner,under,3,4,0,2,3,1,0,0,0,0,0,0,1,1,0
PHILOS,132,14050,001,Philosophy Of Mind,James Blackmon,under,5,1,2,3,4,0,0,0,1,0,1,0,2,1,0
PHILOS,160,15405,001,Plato,Vanessa de Harven,under,0,9,4,4,2,2,0,0,0,0,0,0,1,2,0
PHILOS,2,15407,003,Ind Moral/Soc Just,Richard Kim,under,0,12,5,7,2,1,0,0,0,0,0,0,0,8,0
PHILOS,25B,14048,002,Modern Philosophy,Melanie Tate,under,1,5,2,1,1,0,0,0,1,0,0,0,1,1,0
PHILOS,25B,13179,001,Modern Philosophy,Timothy Crockett,under,0,4,3,7,3,1,0,0,0,0,0,0,2,1,0
PHILOS,3,15353,002,Nature Of Mind,Yael Benjamin,under,1,5,4,1,0,0,0,0,0,0,0,0,0,1,0
PHILOS,3,13172,001,Nature Of Mind,Klaus Strelau,under,0,6,6,1,0,0,0,0,0,0,0,0,1,2,0
PHILOS,N188,14324,001,Phenomenology,Florian Grosser,under,0,3,4,7,1,0,0,0,0,0,0,0,0,1,0
PHILOS,W12A,13693,001,Intro To Logic Wbl,Wesley Holliday,under,5,16,6,3,0,3,1,1,1,0,0,0,1,29,0
PHYSICS,105,13828,001,Analytic Mechanics,Chien-I Chiang,under,2,6,5,6,7,2,5,1,0,0,0,0,1,0,0
PHYSICS,137A,13627,001,Quantum Mechanics,Chien-I Chiang,under,0,14,5,8,9,7,4,4,1,0,0,0,1,1,0
PHYSICS,77,13394,001,Intro Comp Tech Phy,Amin Jazaeri,under,1,9,5,1,4,0,1,3,0,0,0,0,5,0,1
PHYSICS,7A,13572,001,Scient Engin Phys,William Golightly,under,3,6,2,3,7,3,2,2,3,0,2,0,0,1,1
PHYSICS,7B,13579,001,Scient Engin Phys,Ronnie Spitzer,under,2,8,8,7,9,8,7,8,1,0,0,0,0,2,0
PHYSICS,8A,13591,001,Intro Physics,William Golightly,under,3,17,8,13,12,12,10,2,5,1,6,1,7,0,1
PHYSICS,8B,13610,001,Intro Physics,Terrence Buehler,under,5,7,9,8,13,8,4,4,8,0,2,0,0,0,1
PHYSICS,W89,13419,001,Intro To Math Phys,Austin Hedeman,under,6,6,6,3,2,3,4,3,0,0,3,0,6,3,0
POL SCI,1,14116,001,Intro American Pol,Thomas Kent; Susan Hyde; Russell Weber,under,0,5,2,4,2,1,1,0,0,1,0,0,0,4,2
POL SCI,109B,15517,001,Topics In Amer Pol,Thomas Kent; David Broockman; Tak Huen Chau; Matthew Easton,under,0,67,23,18,9,8,0,2,3,0,3,2,2,2,1
POL SCI,116O,14220,001,Topics Pol Theory,Daniel Lee; Joshua Freed,under,0,6,2,3,4,1,0,0,0,0,0,0,4,0,0
POL SCI,141C,14098,001,Pol Govt East Eur,Jason Wittenberg; Otto Kienitz,under,0,3,6,1,3,2,1,1,0,0,0,0,0,0,0
POL SCI,149I,14363,001,Topics In Area Stdy,Susan Hyde; Konrad Posch; Michael Sun,under,1,1,2,1,1,1,0,1,0,0,1,0,0,1,0
POL SCI,5,15557,001,Intro To Intern Rel,Amy Gurowitz; Catlan Reardon,under,0,7,5,8,8,2,0,0,1,0,0,0,4,8,0
POL SCI,W135,13629,001,Game Theory,Sean Gailmard; Alexander Stephenson,under,7,10,1,2,2,0,2,0,1,0,0,0,3,2,3
POL SCI,W145A,13631,001,Poli Dev India,Pradeep Chhibber; Pranav Gupta,under,0,4,9,5,17,3,0,0,0,0,0,0,1,9,1
POL SCI,W164A,13937,001,Pol Psych Involve,David Broockman; Jacqueline Colao; Britt Leake,under,0,21,38,14,4,11,4,1,0,0,0,0,5,0,1
POL SCI,W3,13763,001,Intro Emp Quan Met,Jason Wittenberg; Adan Martinez,under,3,7,1,1,8,3,3,2,0,0,0,0,1,1,2
POLECON,N100,13318,001,Theory Of Pol Econ,Richard Ashcroft,under,0,1,3,4,2,2,1,0,0,0,0,0,0,0,0
POLECON,N101,13202,001,Contemp Theo Pol Ec,Richard Ashcroft,under,0,4,3,4,0,1,0,0,0,0,0,0,0,0,0
PORTUG,120,15571,001,Azorean Lit & Cultr,Estelle Tarica,under,3,18,0,0,1,0,0,0,0,0,0,0,0,2,0
PSYCH,101,13779,001,Res & Data Anal,Amanda Perez-Ceballos,under,18,12,3,3,2,1,0,1,1,0,2,0,3,0,0
PSYCH,130M,15300,001,Psycpathol Lifespan,Angela Johnson,under,3,14,4,1,5,1,0,1,0,0,0,0,0,2,0
PSYCH,136,14054,001,Human Sexuality,James McHale,under,0,38,16,2,2,0,0,0,0,0,0,0,0,0,0
PSYCH,137,14376,001,Mind-Body & Health,Ephrem Fernandez; -,under,0,59,12,6,7,6,0,2,2,0,0,0,5,10,5
PSYCH,138,14380,001,Globl Mental Health,Nancy Liu,under,0,10,1,4,1,2,2,2,0,0,0,0,0,1,0
PSYCH,139,14205,001,Clinical Case Study,Amy Banas; James McHale,under,0,30,2,2,5,0,0,3,1,0,0,0,0,0,0
PSYCH,142,15242,001,App Early Dev Psych,Emma Armstrong-Carter,under,5,10,5,0,0,0,0,0,0,0,0,0,1,0,0
PSYCH,149,15243,001,Early Dev & Lrn Sem,Margaret Bridges,under,0,13,6,1,0,0,0,0,0,0,0,0,1,0,0
PSYCH,149A,15244,001,Ed&Ls Practicum,Kelly Campbell,under,4,14,2,0,0,0,0,0,0,0,0,0,1,0,0
PSYCH,149B,15245,001,Cntxt Of Early Devp,Margaret Bridges; Devanshi Unadkat,under,3,11,3,1,1,0,0,0,0,0,0,0,1,0,0
PSYCH,149D,15246,001,Ec Policy,Kristen Burmester,under,3,11,4,1,0,0,0,0,0,0,0,0,1,0,0
PSYCH,166AC,14069,001,Cultural Psychology,Sara Gorchoff,under,7,22,12,1,3,1,0,3,2,0,0,1,1,1,0
PSYCH,170,15301,001,Clinic/Counsel Prof,Nancy Liu,under,0,14,7,3,1,1,1,1,0,0,0,0,1,1,0
PSYCH,3,14052,001,How The Brain Works,Robin Ball,under,1,19,11,4,10,4,1,2,0,0,0,0,5,8,2
PSYCH,4,14115,001,Emotional Intellige,Davina Chan,under,20,31,4,5,7,3,3,6,1,1,1,1,2,17,9
PSYCH,5,14288,001,Tech Vs. Psych,Elias Aboujaoude; -,under,1,4,5,5,1,1,1,0,2,0,1,0,3,6,4
PSYCH,6,14053,001,Stress And Coping,Andres Martinez,under,17,53,23,7,0,0,1,1,0,0,0,0,1,10,1
PSYCH,7,14289,001,Person In Big Data,Peter Hurtubise,under,0,4,3,2,1,0,1,0,0,0,0,0,0,0,0
PSYCH,C64,13634,001,Exploring The Brain,Hannah Monday,under,1,6,1,1,4,1,2,1,2,0,0,1,0,3,0
PSYCH,N110,14202,001,Introd Biol Psych,Davina Chan,under,4,12,0,1,4,1,1,3,2,0,1,0,4,1,0
PSYCH,N140,13185,001,Development Psych,Rachel Schmale,under,7,39,21,7,15,6,7,6,4,3,1,0,6,8,5
PSYCH,N150,13186,001,Personality Psych,Oliver John; Ryan Lundell-Creagh,under,9,13,4,5,3,1,3,0,1,0,2,0,2,3,0
PSYCH,N160,14055,001,Social Psychology,Sara Gorchoff,under,7,12,7,5,8,0,0,1,2,0,0,0,3,4,1
PSYCH,N162,15561,001,Human Happiness,Eugene Hightower,under,5,2,14,12,18,5,1,3,0,0,0,0,0,6,0
PSYCH,N180,14056,001,Indust/Organ Psych,Christian Wright,under,0,28,1,0,0,0,0,0,0,0,0,0,0,0,0
PSYCH,W1,13633,001,General Psychology,Christopher Gade; Megan Chan,under,10,14,9,8,10,10,7,13,2,0,3,0,3,16,0
PUB POL,W184,14611,001,"Energy, Society",Daniel Kammen,under,1,0,4,0,3,0,0,1,0,0,0,0,1,11,0
RHETOR,116,14293,001,Culture And Society,Michael Dalebout; Nathan Atkinson,under,1,5,1,2,0,1,0,1,0,0,0,0,1,0,0
RHETOR,2,15325,001,Public Speaking,Michael Dalebout,under,0,6,2,1,1,1,2,0,0,0,0,0,0,1,0
RHETOR,R1A,13337,001,Craft Of Writing,Richard Grijalva,under,0,5,5,0,1,0,0,0,0,0,0,0,0,0,0
SCANDIN,R5B,15257,003,Reading & Comp,Tim Tangherlini; Donna Isobel Boles,under,1,8,2,0,1,0,0,1,0,0,0,0,0,0,0
SCANDIN,R5B,15069,004,Reading & Comp,Jonas Wellendorf; Michael Lawson,under,0,12,1,2,0,0,0,0,0,0,0,0,1,0,0
SCANDIN,R5B,15256,002,Reading & Comp,Tim Tangherlini; Liam Waters,under,0,8,5,1,0,0,0,0,0,0,0,0,0,0,0
SLAVIC,50,13679,001,Rus/E Eur/Euras Cul,Lyubov Golburt; Dominick Lawton,under,0,11,6,1,1,1,0,0,1,0,0,0,0,1,1
SLAVIC,R5B,13640,001,Reading And Comp,Karina Mccorkle; Lyubov Golburt,under,0,5,7,1,1,0,0,1,0,0,0,0,0,0,0
SLAVIC,R5B,14128,003,Reading And Comp,Maria Whittle-Shaw; Lyubov Golburt,under,0,3,4,3,3,1,0,0,0,0,0,0,0,0,0
SLAVIC,R5B,15032,004,Reading And Comp,Zachary Johnson,under,0,8,1,1,1,0,0,0,0,0,0,0,0,0,0
SOC WEL,116,15387,001,Current Topics,Susan Stone; Brita Bookser,under,6,2,2,0,1,0,0,0,0,0,0,0,0,3,1
SOC WEL,125,15518,001,Social Work Sports,Linda Burton; Demond Hill,under,0,11,0,0,0,0,0,0,0,0,0,0,0,1,0
SOCIOL,111AC,15271,001,Socio Of The Family,Charles Sarno,under,3,4,3,2,3,0,0,0,0,0,0,0,0,1,0
SOCIOL,113AC,15273,001,Education,Peter Hurtubise,under,0,7,3,2,3,0,0,0,0,0,0,0,0,1,0
SOCIOL,130,13275,001,Soc Inequalities,Thien-Huong Ninh,under,0,8,1,3,3,0,2,0,0,0,1,0,0,1,2
SOCIOL,140,13315,001,Polit & Soc Cha,Laleh Behbehanian,under,0,7,9,3,6,1,2,0,0,0,0,0,0,1,0
SOCIOL,150,13189,001,Social Psych,John Kaiser,under,8,13,6,2,6,1,0,0,0,0,0,0,1,1,0
SOCIOL,160,15274,001,Sociol Of Culture,Jerome Baggett,under,0,12,2,2,7,6,0,4,1,0,4,0,7,0,0
SOCIOL,167,14186,001,Virtual Communities,Edwin Lin,under,1,13,5,2,2,0,0,1,0,0,0,0,1,1,0
SOCIOL,190,11969,001,Sem & Res In So,Laura Enriquez; Joohyun Park,under,1,6,3,6,0,0,0,1,0,0,0,0,0,0,0
SOCIOL,190,15402,002,Sem & Res In So,Laura Enriquez; Carmen Brick,under,0,2,3,3,1,3,0,0,0,0,0,0,1,0,0
SOCIOL,5,13641,001,Eval Of Evidence,Edwin Lin,under,11,13,4,2,2,1,1,0,0,0,0,0,1,0,0
SPANISH,1,13644,001,Elem Spanish,Miriam Hernandez-Rodriguez; Ana Tello,under,0,9,2,1,0,0,1,0,0,0,0,0,0,2,1
SPANISH,121,15478,001,Cont Span Hist/Cult,Estelle Tarica,under,4,9,3,0,0,0,0,0,0,0,0,0,0,0,0
SPANISH,122,15570,001,Spanish Civilizatn,Estelle Tarica,under,2,11,3,0,0,0,0,0,0,0,0,0,0,0,0
SPANISH,135,14062,001,Hispanic Literature,Justin Berner,under,0,9,4,2,1,0,0,0,0,0,0,0,0,1,0
SPANISH,16,15567,001,Cultura Contemp,Victoria Robertson,under,0,0,0,0,0,0,0,0,0,0,0,0,0,26,1
SPANISH,179,15372,001,Topics Hisp Ling,Justin Davidson; Gabriella Licata,under,8,11,0,3,1,0,1,1,0,0,0,0,1,0,0
SPANISH,2,13645,001,Elem Spanish,Maria Ochoa-Villicana; Miriam Hernandez-Rodriguez,under,0,1,2,1,0,1,2,1,0,0,1,0,1,4,0
SPANISH,25,14184,001,Read And Analysis,Miriam Hernandez-Rodriguez; Victor Quiroz,under,1,4,4,4,2,0,0,0,0,0,0,0,0,1,0
SPANISH,4,13647,001,Intermed Spanish,Miriam Hernandez-Rodriguez; Luis Barco,under,0,1,4,1,2,0,0,0,0,0,0,0,0,4,0
SPANISH,N102C,15569,001,Advanced Compositio,Estelle Tarica,under,4,12,0,0,0,0,0,0,0,0,0,0,0,0,0
SPANISH,N3,15565,001,Intermed Spanish,Victoria Robertson; Lorena Mancilla Corona,under,0,3,4,0,0,0,0,0,0,0,0,0,0,6,0
SPANISH,N4,15566,001,Intermed Spanish,Victoria Robertson,under,1,5,1,1,0,0,0,0,0,0,0,0,0,6,0
STAT,134,13656,001,Concepts Of Prob,Daniel Raban; Sandrine Dudoit; Mriganka Basu Roy Chowdhury,under,6,8,4,5,4,6,8,4,5,0,0,0,6,1,0
STAT,2,13648,001,Intro To Stat,Adam Lucas,under,2,16,11,16,9,12,10,9,10,0,0,0,5,4,3
STAT,2,14094,002,Intro To Stat,Maureen Lahiff,under,5,6,16,14,8,7,1,0,0,0,0,0,0,6,0
STAT,20,13651,001,Intro Prob Stat Cal,Jeremy Sanchez,under,8,12,13,6,9,4,0,4,0,0,4,0,3,0,1
STAT,21,15422,001,Intro Prob Stat Bus,Daniel Raban; Sandrine Dudoit; Tae Joo Ahn; Seunghoon Paik,under,46,33,24,21,27,12,11,5,0,3,0,0,14,6,4
THEATER,10,14930,001,Fund. Of Acting I,Patrick Russell,under,6,12,1,0,0,0,0,0,0,0,0,0,0,0,0
THEATER,117AC,14935,001,California Stories,Shannon Steen,under,2,2,1,1,3,1,1,2,0,0,0,0,0,3,0
THEATER,118AC,14933,001,"Perf, Tv, Soc Media",Abigail De Kosnik; Jared Robinson; Vincente Perez; Aparna Nambiar; Dahlia Butler; Karol Alzate Londono,under,51,68,20,10,5,5,2,2,0,0,0,0,4,10,1
THEATER,5,14241,006,Public Speaking,Michael Mansfield,under,3,6,8,0,3,2,0,0,0,0,0,0,1,0,0
THEATER,5,14936,008,Public Speaking,Mark Rafael,under,3,13,2,0,0,0,0,0,0,0,0,0,0,1,0
THEATER,5,14063,001,Public Speaking,Mark Rafael,under,0,18,4,2,0,0,0,0,0,0,0,0,0,0,0
THEATER,5,14234,005,Public Speaking,Nancy Carlin,under,0,25,1,0,0,0,0,0,0,0,0,0,0,0,0
THEATER,5,14242,007,Public Speaking,Lisa Porter,under,0,7,3,0,0,0,0,0,1,0,0,0,1,2,0
THEATER,5,14934,002,Public Speaking,Chelsea Gregory,under,0,21,1,0,2,0,0,0,0,0,0,0,0,0,0
UGBA,101A,15904,001D,Microeconomic Analy,Stephen Bianchi,under,2,9,2,2,4,1,0,2,2,0,0,0,0,0,0
UGBA,101B,14758,001A,Macroeconomics,John Gonzales,under,0,6,7,5,4,2,1,0,2,0,0,0,0,1,0
UGBA,102A,14760,01AP,Fin Accounting,Veselina Dinova,under,1,3,6,3,2,3,0,0,0,0,0,0,0,2,0
UGBA,102A,14827,03DS,Fin Accounting,John Briginshaw,under,3,6,7,7,4,2,1,2,1,0,1,0,1,0,0
UGBA,102A,14761,002A,Fin Accounting,Tiffany Rasmussen,under,0,6,4,2,2,1,1,1,0,0,0,0,0,4,0
UGBA,102A,14828,04AO,Fin Accounting,Xiao-Jun Zhang,under,0,18,27,33,42,7,3,2,2,0,2,0,2,11,0
UGBA,102B,14833,002D,Managerial Acct,Gary Pieroni,under,1,8,2,4,1,3,2,1,3,1,2,0,2,0,0
UGBA,102B,14764,01AP,Managerial Acct,Leslie Vaughan,under,0,4,8,1,2,2,0,1,0,0,1,0,0,2,2
UGBA,103,14835,002D,Intro To Finance,Avinash Verma,under,2,4,6,5,1,0,0,0,0,0,0,0,0,5,0
UGBA,103,14766,003A,Intro To Finance,John Gonzales,under,0,6,1,0,3,5,1,0,0,0,0,0,0,1,0
UGBA,104,14769,001A,Business Analytics,Richard Huntsinger,under,10,21,11,5,6,7,0,1,0,0,0,0,0,0,0
UGBA,105,14770,001A,Leading People,Janet Brady,under,1,6,9,9,6,3,0,0,0,0,0,0,1,1,0
UGBA,105,14837,02DS,Leading People,Holly Schroth,under,1,8,5,7,8,2,1,1,1,0,0,0,0,0,0
UGBA,106,14771,001A,Marketing,Janet Brady,under,2,9,10,14,8,0,0,0,0,0,0,0,2,2,0
UGBA,106,14840,03DS,Marketing,Wasim Azhar,under,1,8,10,16,0,0,0,0,0,0,0,0,0,0,0
UGBA,106,14839,2D,Marketing,Mohammed Nadeem,under,0,10,18,11,14,0,1,0,0,0,0,0,0,3,0
UGBA,107,14772,001A,Soc & Pol Eth Env,Alan Ross,under,0,4,2,4,3,0,2,0,0,0,1,0,0,1,0
UGBA,120AA,14843,01DP,Int Fin Acct 1,Erick Bell,under,0,10,5,2,0,2,0,0,0,0,0,0,0,1,0
UGBA,120AB,14780,01AP,Int Fin Accnting 2,Francis Stanton,under,1,5,2,2,0,0,0,0,0,0,0,0,0,1,0
UGBA,121,14859,01DP,Fed Inc Tax Acctg,Eric Ryan; Kousha Modanlou,under,0,0,3,2,0,2,1,0,1,0,0,0,0,4,0
UGBA,122,14786,1A,Fin Info Analysis,Francis Stanton,under,2,4,2,0,2,2,0,0,0,0,0,0,0,3,0
UGBA,122,14847,02DP,Fin Info Analysis,John Briginshaw,under,3,2,2,2,4,0,0,0,0,0,0,0,1,3,0
UGBA,126,14779,01AP,Auditing,Tiffany Rasmussen; Kousha Modanlou,under,0,4,2,4,1,1,0,0,0,0,0,0,0,1,0
UGBA,131,14850,001D,Corp Fin Analysis,Avinash Verma,under,3,4,1,3,3,0,0,0,0,0,0,0,2,1,0
UGBA,133,14852,002D,Investments,Arash Namvar,under,1,5,5,4,6,0,0,0,0,0,0,0,0,3,0
UGBA,133,14774,001A,Investments,Samuel Olesky,under,0,2,5,8,5,0,0,0,0,0,0,0,0,1,0
UGBA,136F,14854,001D,Behavioral Finance,Konstantin Magin,under,0,9,4,0,1,0,0,1,0,0,1,0,2,1,1
UGBA,137,14855,001D,Spec Topics In Fin,Konstantin Magin,under,0,6,1,0,1,0,0,0,0,0,0,0,1,0,1
UGBA,146,14787,1A,Project Management,Omar Romero-Hernandez,under,0,4,7,5,2,0,0,1,0,0,0,0,0,9,0
UGBA,147,14784,001A,Spec Topics In Oitm,Richard Huntsinger,under,0,12,13,4,2,0,0,1,0,0,0,0,0,0,0
UGBA,152,14776,001A,Negotiation,Cort Worthington,under,0,10,7,3,7,0,0,0,0,0,0,0,0,0,0
UGBA,152,15790,001D,Negotiation,Timothy Dayonot,under,0,7,12,0,0,0,0,0,0,0,0,0,0,10,0
UGBA,154,14861,1D,Power & Politic,Edward Kass,under,1,2,6,7,0,0,0,0,0,0,0,0,0,1,0
UGBA,155,14777,001A,Leadership,Daniel Mulhern; Laura Andersen,under,1,9,2,1,2,0,0,0,0,0,0,0,0,1,0
UGBA,160,15810,01A,Customer Insights,William Fanning,under,0,4,1,1,3,0,0,0,0,0,0,0,0,2,0
UGBA,165,14778,001A,Advertise Strategy,William Fanning,under,0,7,8,6,2,0,2,1,0,0,0,0,0,0,0
UGBA,178,14856,001D,Intro Internatl Bus,Daniel Himelstein,under,0,7,26,11,4,0,0,0,0,0,0,0,0,2,0
UGBA,178,14857,002D,Intro Internatl Bus,Daniel Himelstein,under,0,4,21,10,1,0,0,0,0,0,0,0,0,3,0
UGBA,192S,14788,1A,Business & Sustain,Omar Romero-Hernandez,under,0,2,5,0,0,0,0,0,0,0,0,0,0,3,0
UGBA,193C,14858,001,Practical Training,Erika Walker,under,0,0,0,0,0,0,0,0,0,0,0,0,0,29,1
UGBA,196,11874,001D,Spec Topics Bus Adm,Ryan Sloan,under,0,26,1,0,0,0,0,0,0,0,0,0,0,0,0
UGBA,196,11875,004D,Spec Topics Bus Adm,Todd Fitch,under,0,26,1,0,0,0,0,0,0,0,0,0,0,0,0
UGBA,196,11876,003D,Spec Topics Bus Adm,Ryan Sloan,under,0,24,3,0,0,0,0,0,0,0,0,0,0,0,0
UGBA,196,11877,002D,Spec Topics Bus Adm,Todd Fitch,under,0,22,4,0,0,0,0,0,0,0,0,0,0,0,0
UGBA,196SA,15708,01A,Bus Models Sustain,Andrew Isaacs,under,0,1,4,2,1,1,0,0,0,0,0,0,0,1,0
UGBA,196SB,15709,01A,Innov Entre Sustain,Darcelle Lahr,under,4,6,0,0,0,0,0,0,0,0,0,0,0,0,0
UGBA,196SC,15710,01D,Invest Sustain,Anne Simpson,under,1,5,4,6,1,0,0,0,0,0,0,0,0,0,0
UGBA,C12,15468,01D,Changemaker,Christyna Serrano; Alex Budak,under,5,24,2,4,2,0,0,0,1,1,0,0,0,7,1
UGBA,C155,14804,01B,Leadership,Daniel Mulhern; Laura Andersen,under,1,41,13,0,3,1,2,0,1,0,0,0,1,38,9
UGBA,C192R,14821,01C,Businesssustainsoc,David Rochlin,under,0,1,7,6,1,0,0,0,0,0,0,0,0,1,0
UGBA,C196C,15876,01D,Changemaker,Christyna Serrano; Alex Budak,under,3,19,11,0,0,1,1,2,0,2,0,1,8,5,1
UGIS,C151,13416,001,Leadership,Daniel Mulhern; Laura Andersen,under,1,9,1,1,0,1,0,0,0,0,0,0,2,14,2
UGIS,W158,13402,001,Global Citizenship,Jeroen Dewulf; Elise Volkmann,under,0,35,21,1,1,2,0,1,0,0,0,0,1,17,2
CYBER,W200,15583,001,Cybersec In Context,Tiffany Rad,grad,9,5,0,0,0,0,0,0,1,0,0,0,0,0,0
CYBER,W200,15599,002,Cybersec In Context,Kim Jones,grad,6,2,2,0,0,0,0,0,0,0,0,0,0,0,0
CYBER,W202,15584,001,Cryptography,Aaron Crouch; Nahid Farhady Ghalaty,grad,1,7,0,2,1,1,0,0,0,0,0,0,0,0,0
CYBER,W202,15598,002,Cryptography,Matthew Holmes; Nahid Farhady Ghalaty,grad,3,4,2,1,0,2,0,0,0,0,0,0,0,0,0
CYBER,W204,15585,001,Software Security,Jennia Hizver,grad,8,2,0,0,0,0,0,0,0,0,0,0,0,0,0
CYBER,W204,15593,002,Software Security,Jennia Hizver,grad,6,1,0,0,0,0,0,0,0,0,0,0,0,0,0
CYBER,W204,15766,003,Software Security,Jennia Hizver,grad,8,1,0,0,0,0,0,0,0,0,0,0,0,0,0
CYBER,W206,15594,001,Cybersecurity Prgrm,Rosalind McCullough,grad,0,4,3,1,0,0,1,0,0,0,0,0,0,0,0
CYBER,W206,15764,002,Cybersecurity Prgrm,Serena Villalobos,grad,0,6,4,1,0,0,0,0,0,0,0,0,0,0,0
CYBER,W207,15595,001,Ml For Cybersec,Clarence Chio,grad,4,5,1,0,0,0,0,0,0,0,0,0,0,0,0
CYBER,W210,15586,001,Network Security,Pascal Issa; Angela Orebaugh,grad,2,6,4,0,0,0,1,1,0,0,0,0,0,0,0
CYBER,W210,15767,002,Network Security,Pascal Issa; Patrick Thomas,grad,4,3,2,1,0,0,0,0,0,0,1,0,0,0,0
CYBER,W211,15587,001,Os Security,Matthew Garrett,grad,5,7,1,0,0,0,0,0,0,0,0,0,0,0,0
CYBER,W215,15591,001,Usable Security,Saranga Komanduri,grad,13,1,0,0,0,0,0,0,0,0,0,0,0,0,0
CYBER,W220,15588,001,Managing Cyber Risk,Alissa Abdullah,grad,9,3,2,0,0,0,0,0,0,0,0,0,0,0,0
CYBER,W233,15592,001,Privacy Engineering,Samantha Chiu,grad,1,1,1,0,2,0,0,0,0,0,0,0,0,0,0
CYBER,W242,15589,001,Gov'T & Nat'L Sec,Andrew Reddie,grad,0,7,3,1,1,0,0,0,0,0,0,0,0,0,0
CYBER,W295,15590,001,Capstone,Ryan Liu; Sekhar Sarukkai,grad,2,11,5,0,0,0,0,0,0,0,0,0,0,0,0
DATASCI,255,15768,001,Ml Sys Eng,James York-Winegar,grad,9,2,1,0,0,0,0,0,0,0,0,0,0,0,0
DATASCI,255,15769,002,Ml Sys Eng,James York-Winegar,grad,4,7,1,0,0,0,0,0,0,0,0,0,0,0,0
DATASCI,281,15779,001,Computer Vision,Rachel Brown,grad,5,6,1,0,1,0,1,0,0,0,0,0,0,0,0
DATASCI,281,15780,002,Computer Vision,Shruti Agarwal,grad,4,11,0,0,0,0,0,0,0,0,0,0,0,0,0
DATASCI,W200,15637,001,Datasci Programming,Michael Pritchard,grad,3,7,1,0,1,1,0,0,0,0,0,0,0,0,0
DATASCI,W200,15660,003,Datasci Programming,Mumin Khan,grad,4,4,0,0,0,2,0,0,0,0,0,0,0,0,0
DATASCI,W200,15661,004,Datasci Programming,Mumin Khan,grad,7,1,1,0,2,0,0,0,0,0,0,0,0,0,0
DATASCI,W200,15662,005,Datasci Programming,Tracy Huang,grad,10,1,1,1,1,0,0,0,0,0,0,0,0,0,0
DATASCI,W200,15663,006,Datasci Programming,Tracy Huang,grad,4,3,2,1,0,0,0,0,0,0,0,0,0,0,0
DATASCI,W200,15664,007,Datasci Programming,Michael Pritchard,grad,2,8,1,0,1,0,0,0,0,0,0,0,0,0,0
DATASCI,W200,15638,002,Datasci Programming,Sridevi Pudipeddi,grad,0,7,0,4,0,0,1,0,0,0,0,0,0,0,0
DATASCI,W201,15606,003,Res Dsgn Data Analy,Anna Zaitsev,grad,3,9,0,1,0,0,0,0,0,0,0,0,0,0,0
DATASCI,W201,15607,004,Res Dsgn Data Analy,Anna Zaitsev,grad,8,4,1,0,0,0,0,0,0,0,0,0,0,0,0
DATASCI,W201,15667,008,Res Dsgn Data Analy,Conor Healy,grad,1,9,0,0,1,0,0,0,0,0,0,0,0,0,0
DATASCI,W201,15604,001,Res Dsgn Data Analy,Elena Petrov,grad,0,12,1,0,0,0,0,0,0,0,0,0,0,0,0
DATASCI,W201,15605,002,Res Dsgn Data Analy,Carlos Rivera,grad,0,12,1,0,0,0,0,0,0,0,0,0,0,0,0
DATASCI,W201,15608,005,Res Dsgn Data Analy,Sahab Aslam,grad,0,8,2,0,1,0,0,0,0,0,0,0,0,0,0
DATASCI,W201,15610,007,Res Dsgn Data Analy,Brooks Ambrose,grad,0,6,5,1,0,0,0,0,0,0,0,0,0,0,0
DATASCI,W201,15668,009,Res Dsgn Data Analy,JP Dolphin,grad,0,7,4,0,0,0,0,0,0,0,0,0,0,0,0
DATASCI,W203,15626,001,Stat For Data Sci,Paul Laskowski,grad,1,3,6,2,2,0,0,0,0,0,0,0,0,0,0
DATASCI,W203,15628,003,Stat For Data Sci,Mark Labovitz,grad,1,2,5,1,4,0,0,0,0,1,0,0,0,0,0
DATASCI,W203,15629,004,Stat For Data Sci,Mark Labovitz,grad,3,3,2,2,3,1,0,0,0,0,0,0,0,0,0
DATASCI,W203,15675,009,Stat For Data Sci,Gunnar Kleemann,grad,1,5,0,3,1,1,0,1,0,0,0,0,1,0,0
DATASCI,W203,15627,002,Stat For Data Sci,Sushovan Majhi,grad,0,2,5,3,2,0,1,0,0,0,0,0,0,0,0
DATASCI,W203,15630,005,Stat For Data Sci,Sushovan Majhi,grad,0,2,3,6,1,0,0,0,0,0,0,0,0,0,0
DATASCI,W203,15631,006,Stat For Data Sci,Bill Chung,grad,0,5,3,0,0,0,0,0,0,0,0,0,1,0,0
DATASCI,W203,15673,007,Stat For Data Sci,Gunnar Kleemann,grad,0,5,4,3,0,0,0,0,0,0,0,0,0,0,0
DATASCI,W203,15674,008,Stat For Data Sci,Gunnar Kleemann,grad,0,4,6,2,0,0,0,0,0,0,0,0,0,0,0
DATASCI,W203,15676,010,Stat For Data Sci,Bill Chung,grad,0,4,1,2,1,0,0,1,0,0,0,0,0,0,0
DATASCI,W205,15640,001,Fund. Data Eng,Doris Schioberg,grad,3,12,0,0,0,0,0,0,0,0,0,0,0,0,0
DATASCI,W205,15643,004,Fund. Data Eng,Vinicio De Sola,grad,3,12,0,0,0,0,0,0,0,0,0,0,0,0,0
DATASCI,W205,15644,005,Fund. Data Eng,Shiraz Chakraverty,grad,7,9,0,0,0,0,0,0,0,0,0,0,0,0,0
DATASCI,W205,15645,006,Fund. Data Eng,Doris Schioberg,grad,4,10,0,0,0,0,0,0,0,0,0,0,0,0,0
DATASCI,W205,15679,007,Fund. Data Eng,Kevin Crook,grad,3,14,0,0,0,0,0,0,0,0,0,0,0,0,0
DATASCI,W205,15680,008,Fund. Data Eng,Doris Schioberg,grad,6,9,0,0,0,0,0,0,0,0,0,0,0,0,0
DATASCI,W205,15682,010,Fund. Data Eng,Kevin Crook,grad,2,13,0,0,0,0,0,0,0,0,0,0,0,0,0
DATASCI,W205,15683,011,Fund. Data Eng,Kevin Crook,grad,2,13,0,1,0,0,0,0,0,0,0,0,0,0,0
DATASCI,W205,15642,003,Fund. Data Eng,Korin Reid,grad,0,14,0,0,0,0,0,0,0,0,0,0,1,0,0
DATASCI,W207,15647,002,Applied Mach Learn,Cornelia Ilin,grad,2,15,0,0,0,0,0,0,0,0,0,0,0,0,0
DATASCI,W207,15648,003,Applied Mach Learn,Cornelia Ilin,grad,1,15,0,0,0,0,0,0,0,0,0,0,0,0,0
DATASCI,W207,15651,006,Applied Mach Learn,Amit Bhattacharyya,grad,1,14,0,0,0,0,0,0,0,0,0,0,0,0,0
DATASCI,W207,15772,011,Applied Mach Learn,Cornelia Ilin,grad,2,12,0,1,0,0,0,0,0,0,0,0,1,0,0
DATASCI,W207,15649,004,Applied Mach Learn,John Santerre,grad,0,12,1,0,1,0,0,0,0,0,0,0,0,0,0
DATASCI,W207,15685,007,Applied Mach Learn,Ishaani Priyadarshini,grad,0,13,1,0,0,0,0,0,0,0,0,0,0,0,0
DATASCI,W207,15686,008,Applied Mach Learn,Ishaani Priyadarshini,grad,0,12,1,0,0,0,0,0,0,0,0,0,0,1,0
DATASCI,W207,15687,009,Applied Mach Learn,Ishaani Priyadarshini,grad,0,11,3,0,0,0,0,0,0,0,0,0,0,0,0
DATASCI,W209,15601,002,Data Viz/Comm,Andrew Reagan,grad,3,9,2,0,0,0,0,0,0,0,0,0,0,0,0
DATASCI,W209,15602,003,Data Viz/Comm,Mak Ahmad,grad,11,2,1,0,0,0,0,0,0,0,0,0,0,0,0
DATASCI,W209,15603,004,Data Viz/Comm,Mak Ahmad,grad,13,0,2,0,0,0,0,0,0,0,0,0,0,0,0
DATASCI,W209,15600,001,Data Viz/Comm,Clinton Brownley,grad,0,12,1,0,0,1,0,0,0,0,0,0,0,0,0
DATASCI,W209,15781,005,Data Viz/Comm,Clinton Brownley,grad,0,15,1,0,0,0,0,0,0,0,0,0,0,0,0
DATASCI,W209,15782,006,Data Viz/Comm,Annette Greiner,grad,0,13,2,0,0,0,0,0,0,0,0,0,0,0,0
DATASCI,W210,15652,001,Capstone,Alberto Todeschini; Puya Vahabi,grad,3,10,3,0,0,0,0,0,0,0,0,0,0,0,0
DATASCI,W210,15653,002,Capstone,Alberto Todeschini; Puya Vahabi,grad,5,7,5,0,0,0,0,0,0,0,0,0,0,0,0
DATASCI,W210,15654,003,Capstone,David Steier; Juanjie Joyce Shen,grad,0,10,2,3,0,0,0,0,0,0,0,0,0,0,0
DATASCI,W210,15655,004,Capstone,David Steier; Juanjie Joyce Shen,grad,0,11,5,0,0,0,0,0,0,0,0,0,0,0,0
DATASCI,W210,15656,005,Capstone,Alberto Todeschini; Frederick Nugen,grad,0,6,9,0,0,0,1,0,0,0,0,0,0,0,0
DATASCI,W210,15783,007,Capstone,Alberto Todeschini; Elena Petrov,grad,0,10,4,0,0,3,0,0,0,0,0,0,0,0,0
DATASCI,W210,15784,008,Capstone,Alberto Todeschini; Puya Vahabi,grad,0,12,2,0,1,0,0,0,0,0,0,0,0,0,0
DATASCI,W231,15659,001,Behind The Data,Morgan Ames; Jared Maslin; Kim Darnell; Alicia Takaoka,grad,3,14,0,0,0,0,0,0,0,0,0,0,0,0,0
DATASCI,W231,15690,098,Behind The Data,Morgan Ames; Jared Maslin; Kim Darnell; Alicia Takaoka,grad,5,17,0,0,0,0,0,0,0,0,0,0,0,0,0
DATASCI,W231,15697,002,Behind The Data,Morgan Ames; Jared Maslin; Kim Darnell; Alicia Takaoka,grad,3,12,1,0,0,0,0,0,0,0,0,0,0,0,0
DATASCI,W233,15693,001,Privacy Engineering,Samantha Chiu,grad,1,4,1,2,0,0,0,0,0,0,0,0,0,0,0
DATASCI,W241,15623,003,Exp & Causal Infer,Scott Guenther,grad,1,7,3,1,0,1,0,1,0,0,0,0,0,0,0
DATASCI,W241,15621,001,Exp & Causal Infer,David Wheeler,grad,0,12,2,0,0,0,0,0,0,0,0,0,0,0,0
DATASCI,W241,15622,002,Exp & Causal Infer,Scott Guenther,grad,0,7,1,0,0,0,0,0,1,0,0,0,0,0,0
DATASCI,W241,15624,004,Exp & Causal Infer,David Wheeler,grad,0,9,1,1,0,0,1,0,0,0,0,0,0,0,0
DATASCI,W241,15625,005,Exp & Causal Infer,Conor Healy,grad,0,9,3,1,0,0,0,0,0,0,0,0,0,0,0
DATASCI,W241,15775,006,Exp & Causal Infer,Conor Healy,grad,0,4,1,0,0,0,0,0,0,0,0,0,0,0,0
DATASCI,W251,15633,002,Deep Learning Cloud,Ryan DeJana; Robert DesAulniers,grad,6,5,0,0,0,0,0,0,0,0,0,0,0,0,0
DATASCI,W251,15634,003,Deep Learning Cloud,Prabhakar Attaluri; Ryan DeJana,grad,9,1,0,0,0,1,0,0,0,0,0,0,0,0,0
DATASCI,W261,15616,001,Mach Lrn At Scale,James Shanahan,grad,3,5,3,1,1,0,0,0,0,0,0,0,0,0,0
DATASCI,W261,15619,004,Mach Lrn At Scale,Vinicio De Sola,grad,2,9,2,0,0,0,0,0,0,0,0,0,0,0,0
DATASCI,W261,15620,005,Mach Lrn At Scale,Vinicio De Sola,grad,2,9,2,0,0,0,0,0,0,0,0,0,0,0,0
DATASCI,W261,15777,006,Mach Lrn At Scale,Vinicio De Sola,grad,3,6,2,1,1,0,0,0,0,0,0,0,0,0,0
DATASCI,W261,15617,002,Mach Lrn At Scale,James Shanahan,grad,0,4,2,1,1,0,0,0,0,0,0,0,0,0,0
DATASCI,W261,15618,003,Mach Lrn At Scale,Ramakrishna Gummadi,grad,0,3,2,2,1,0,0,0,0,0,0,0,0,0,0
DATASCI,W261,15778,007,Mach Lrn At Scale,Ramakrishna Gummadi,grad,0,3,3,4,1,0,0,0,0,1,0,0,0,0,0
DATASCI,W266,15611,001,Nlp Deep Learning,Joachim Rahmfeld,grad,1,4,4,1,3,0,0,0,0,0,0,0,0,0,0
DATASCI,W266,15612,002,Nlp Deep Learning,Natalie Ahn,grad,0,5,1,4,2,0,0,0,0,0,0,0,0,0,0
DATASCI,W266,15614,004,Nlp Deep Learning,Mark Butler,grad,0,1,3,4,4,0,0,0,0,0,0,0,1,0,0
DATASCI,W266,15615,005,Nlp Deep Learning,Michael Tamir; Paul Spiegelhalter,grad,0,3,4,2,3,0,0,0,0,0,0,0,0,0,0
DATASCI,W266,15692,006,Nlp Deep Learning,James Kunz,grad,0,6,4,0,2,0,0,0,0,0,0,0,0,0,0
DATASCI,W266,15613,003,Nlp Deep Learning,Daniel Cer,grad,0,0,3,5,0,0,0,0,0,0,0,0,1,0,0
DATASCI,W271,15635,001,Adv Data Sci Stats,Majid Makinayeri; Vinod Bakthavachalam,grad,1,6,4,1,1,0,2,0,0,0,0,0,0,0,0
DATASCI,W271,15636,002,Adv Data Sci Stats,Majid Makinayeri; Vinod Bakthavachalam,grad,0,6,2,1,2,0,0,0,0,0,0,0,0,0,0
ECON,204,14371,001,Math Tools For Econ,Christina Shannon,grad,0,7,4,1,3,1,0,2,0,0,0,0,0,3,0
EDUC,222B,15458,001,Foun Bil Educ Span,Elisa Salasin; Yared Portillo,grad,1,12,0,0,0,0,0,0,0,0,0,0,0,0,0
EDUC,224,14558,001,Intro Block-Based,Thomas Philip; Brendan Henrique,grad,8,1,0,0,0,0,0,0,0,0,0,0,0,0,0
EDUC,227,14553,001,Ethnic Studies K-12,Aimee Riechel,grad,4,17,6,0,0,0,0,0,0,0,0,0,0,0,0
EDUC,228,14556,002,Design For Learning,Nives Wetzel De Cediel,grad,1,25,0,0,0,0,0,0,0,0,0,0,0,0,0
EDUC,228B,14559,001,Intro To Python,Stephen Wright,grad,0,7,0,0,7,0,0,1,0,0,0,0,0,0,0
EDUC,229A,14560,001,Cs Active Methods,Hodari Toure,grad,1,13,1,0,0,0,0,0,0,0,0,0,0,0,0
EDUC,231A,14548,001,"Teaching, Learning",Kyle Beckham; Pa Vue,grad,5,16,3,0,0,1,0,0,0,0,0,0,0,0,0
EDUC,231A,14550,002,"Teaching, Learning",Kyle Beckham,grad,8,13,3,1,1,0,0,0,0,0,0,0,0,0,0
EDUC,266C,15237,001,School Site Finance,Luz Cazares,grad,0,29,1,0,0,0,0,0,0,0,0,0,0,0,0
EDUC,271F,14571,001,Teach/Lrn Ed Lead 2,Jabari Mahiri; Rebecca Cheung,grad,0,13,1,0,0,0,0,0,0,0,0,0,0,0,0
EDUC,277B,15234,001,System Ed Reform Ii,Lihi Rosenthal,grad,0,11,1,0,0,0,0,0,0,0,0,0,0,0,0
EDUC,392C,14551,002,Art Integration,Nives Wetzel De Cediel,grad,1,27,0,0,0,0,0,0,0,0,0,0,0,0,0
ENV DES,201,15786,1,Urban Design Fundam,Evan Elder,grad,0,8,0,3,0,0,0,0,0,0,0,0,0,0,0
ENV DES,251,15787,1,Discourses Urban De,Christopher Calott,grad,0,8,3,0,0,0,0,0,0,0,0,0,0,0,0
EWMBA,236G,14822,011F,Dsg Fin Mdls Th Wrk,Jennifer Herbert-Creek,grad,0,7,13,16,4,0,0,0,0,0,0,0,0,0,0
EWMBA,236H,14865,011F,Fin Statement Model,Jennifer Herbert-Creek,grad,0,5,14,10,4,0,0,0,0,0,0,0,0,0,0
EWMBA,236M,14866,001F,Turnarounds,Peter Goodson,grad,2,7,5,9,2,0,0,0,0,0,0,0,0,0,0
EWMBA,252,14809,001,"Negot, Conflict Res",Holly Schroth,grad,7,15,12,7,11,3,1,1,2,1,0,0,0,0,0
EWMBA,269,14811,001,Pricing,Wasim Azhar,grad,0,2,5,7,0,0,0,0,0,0,0,0,0,0,0
EWMBA,277,15831,001F,Spec Topics In Bpp,David Harris; Whitney Hischier,grad,0,2,16,4,3,0,0,0,0,0,0,0,0,0,0
EWMBA,290T,12771,002,Spec Top Inn/Desgn,Gregory La Blanc,grad,1,5,7,5,3,0,0,0,0,0,0,0,0,0,0
EWMBA,290T,12774,001,Spec Top Inn/Desgn,Angele Beausoleil,grad,1,2,4,6,0,0,0,0,0,0,0,0,0,0,0
EWMBA,290T,12772,003,Spec Top Inn/Desgn,Sam Ha,grad,0,3,9,14,2,0,0,0,0,0,0,0,0,0,0
EWMBA,295T,15832,001F,Topics In Entrpnr,Abhishek Nagaraj,grad,4,1,16,18,4,0,0,0,0,0,0,0,0,0,0
EWMBA,296,11529,011,Special Topics,Alison Meyer,grad,0,3,7,5,4,0,0,0,0,0,0,0,0,0,0
MFE,230D,14791,001,Deriv: Quant Meth,Eric Reiner,grad,4,8,20,24,12,0,0,0,0,0,0,0,0,0,0
MFE,230I,14816,001,Fixed Income Markts,Richard Stanton,grad,4,20,21,28,9,2,0,1,0,0,0,0,0,0,0
MFE,230P,14864,001,Financial Data Sci,Giuseppe Calafiore,grad,0,9,18,34,18,3,1,0,0,0,0,0,0,0,0
MFE,293,11732,001,Individual Study,Jacob Gallice,grad,0,4,2,2,0,0,0,0,0,0,0,0,0,0,0
OPTOM,430A,14674,001,Optometry Clinics,Stephen Chun; Carl Jacobsen; Deborah Orel-Bixler; Christina Wilmer; Marlena Chu; Meredith Whiteside; Anne Mika Moy; Jorge Cuadros; Kathryn Johnson; Lillian Wang; Kathy Tran; Sarah Singh; Melissa Valdellon; Yen-Linh Vu; Jennifer Hui Fisher; Karen Molina; Yu-Tai Wu; Kuniyoshi Kanai; Harry Green; Cheyenne Gengler; Alfred Vong; Angela Shahbazian; Pam Satjawatcharaphong; Melanie Mason; Anne Tasaki; Siavash Assar; Sarah Arneal; Patrick Clark; Celia Gong; Stefanie Chan; Ghazal Naseri; Ruth Shoge; Lily Kim; Nicole Mercho; Liandra Marlise Jung; Elizabeth Doty,grad,0,0,22,27,0,0,0,0,0,0,0,0,0,0,0
OPTOM,430A,14684,002,Optometry Clinics,Stephen Chun; Carl Jacobsen; Deborah Orel-Bixler; Christina Wilmer; Marlena Chu; Meredith Whiteside; Anne Mika Moy; Jorge Cuadros; Kathryn Johnson; Lillian Wang; Kathy Tran; Sarah Singh; Melissa Valdellon; Yen-Linh Vu; Jennifer Hui Fisher; Karen Molina; Yu-Tai Wu; Kuniyoshi Kanai; Harry Green; Cheyenne Gengler; Alfred Vong; Angela Shahbazian; Pam Satjawatcharaphong; Melanie Mason; Anne Tasaki; Siavash Assar; Sarah Arneal; Patrick Clark; Celia Gong; Stefanie Chan; Ghazal Naseri; Ruth Shoge; Lily Kim; Nicole Mercho; Liandra Marlise Jung,grad,0,0,22,27,0,0,0,0,0,0,0,0,0,0,0
OPTOM,432,14680,001,Clinical Topics,Carl Jacobsen; Glen Ozawa,grad,2,13,11,11,10,1,0,0,0,0,1,0,0,0,0
OPTOM,440A,14675,001,Adv Optom Clinic,Christina Wilmer; Elizabeth Doty,grad,0,23,29,17,0,0,0,0,0,0,0,0,0,0,0
OPTOM,440A,14685,002,Adv Optom Clinic,Christina Wilmer,grad,0,23,29,17,0,0,0,0,0,0,0,0,0,0,0
OPTOM,441A,14676,001,Specialty Clinics,Christina Wilmer; Elizabeth Doty,grad,0,23,29,17,0,0,0,0,0,0,0,0,0,0,0
OPTOM,441A,14686,002,Specialty Clinics,Christina Wilmer,grad,0,23,29,17,0,0,0,0,0,0,0,0,0,0,0
PB HLTH,292,12041,001,M.P.H. Seminar,Anke Hemmerling,grad,9,8,3,0,0,0,0,0,0,0,0,0,0,0,0
PB HLTH,N250A,14737,001,Epi Methods,Saron Goitom; Catie Oldenburg; Isabel Munoz; Wan Nurul Naszeerah; Laura King,grad,20,17,13,5,6,6,0,0,0,0,0,0,0,0,1
PB HLTH,W200E,14693,001,Hpm Breadth,Laura Sanavio; Timothy Brown; Aaron Tierney; Meghana Gadgil; Sergio Leon; Madeline Adee; Ijeoma Uche,grad,0,87,11,9,18,2,0,0,0,0,3,0,0,0,0
PB HLTH,W205,14736,001,Program Planning,Kevin Lee; Sharon O'Hara; Brigid Cakouros; Ifunanya Dibiaezue,grad,9,29,18,2,2,1,0,0,0,0,0,0,0,1,0
PB HLTH,W206,14715,001,Mat&Child Nutrition,Cindy Leung; Carly Truett,grad,8,20,6,0,2,0,0,0,0,0,0,0,0,0,0
PB HLTH,W219,15802,002,Survey Methods,Jylana Sheats; Kyli Gallington; Deepthi Nair,grad,32,4,4,0,0,0,0,0,0,0,0,0,1,0,0
PB HLTH,W220M,15803,001,Hp Methods,Irina Titova Lopatin; Lizzie Jekanowski; Mariel Vargas Mendoza,grad,0,31,3,0,0,2,0,0,0,0,0,0,0,0,0
PB HLTH,W223,14739,001,Strategy Hc Org,Emma Dolan; Julie Brown; Renee Clarke,grad,4,12,16,1,2,0,0,0,0,0,0,0,0,0,0
PB HLTH,W257,14702,001,Pub Health Prepare,Eric Gebbie; Ashika John; Michelle Larson,grad,0,10,2,2,0,0,0,0,0,0,0,0,0,1,0
PB HLTH,W268,15804,001,Wash For Hlth & Dev,Anoop Jain; Jay Graham; Scarlet Bliss,grad,3,26,2,0,0,0,0,0,0,0,0,0,0,0,0
PB HLTH,W289,14694,001,Interdis Health,Kira Jeter; Tracy Hine; Amy Slater; Kevin Lee; Jodi Halpern; Alma Juarez Armenta; Vishalli Loomba; Emily Winer; Jessa Culver; Tamara Abrams,grad,73,15,5,1,3,0,0,0,0,0,0,0,0,0,0
PUB AFF,201,15945,002,Policy Challenges,Jane Mauldon; Hector Cardenas Suarez; Erika Weissinger,grad,1,19,2,4,1,0,0,0,0,0,0,0,0,0,0
PUB AFF,205,14627,001,Policy Frameworks,Jane Mauldon,grad,4,18,8,3,1,0,0,0,0,0,0,0,0,0,0
PUB AFF,215,14589,001,Econ For Pol Makers,Daniel Acland,grad,3,12,7,1,0,0,0,0,0,0,0,0,0,0,0
PUB AFF,215,14596,002,Econ For Pol Makers,Daniel Acland,grad,5,6,5,1,0,0,0,0,0,0,0,0,0,0,0
PUB AFF,225,14624,001,Policy Comm,Randall Rentschler; Brenda Kahn,grad,4,3,1,0,0,0,0,0,0,0,0,0,0,0,0
PUB AFF,235,14591,001,Research Methods,Sarah Anzia,grad,1,13,4,3,2,0,0,0,0,0,0,0,0,0,0
PUB AFF,235,14595,002,Research Methods,Sarah Anzia,grad,2,10,4,2,1,0,0,0,0,0,0,0,0,0,0
PUB AFF,245,14629,001,Inferential Stats,Rucker Johnson; Raghav Raghunathan,grad,3,11,1,1,1,0,0,0,0,0,0,0,0,1,0
PUB AFF,245,14635,002,Inferential Stats,Larry Rosenthal; Raghav Raghunathan,grad,18,6,1,0,0,0,0,0,0,0,0,0,0,0,0
PUB AFF,245,14647,003,Inferential Stats,Larry Rosenthal; Raghav Raghunathan,grad,10,5,3,0,0,0,0,0,0,0,0,0,0,0,0
PUB AFF,274,14641,001,Storytelling,Doy Charnsupharindr,grad,4,21,1,0,0,0,0,0,0,0,0,0,0,1,0
PUB AFF,287,14601,001,Strategic Planning,Lawrence Magid; Todd Achilles; Kiran Jain; Alexander Yeh,grad,4,19,0,0,0,0,0,0,0,0,0,0,0,0,0
PUB AFF,287,14602,002,Strategic Planning,Lawrence Magid; Todd Achilles; Kiran Jain; Alexander Yeh,grad,2,16,0,0,1,0,0,0,0,0,0,0,0,0,0
PUB AFF,290,14599,002,Spec Topics Pub Aff,Jane Mauldon; Lawrence Magid; Todd Achilles; Kiran Jain; Alexander Yeh,grad,4,19,0,0,0,0,0,0,0,0,0,0,0,0,0
PUB AFF,290,14607,003,Spec Topics Pub Aff,Lawrence Magid; Todd Achilles; Kiran Jain; Alexander Yeh,grad,2,16,0,0,1,0,0,0,0,0,0,0,0,0,0
PUB AFF,290,14658,005,Spec Topics Pub Aff,Hector Cardenas Suarez,grad,2,4,0,0,0,0,0,0,0,0,0,0,0,1,0
PUB AFF,290,15944,007,Spec Topics Pub Aff,Edward Helme,grad,4,3,1,2,0,0,0,0,0,0,0,0,0,0,0
PUB AFF,290,15950,008,Spec Topics Pub Aff,Johanna Innamorato,grad,6,10,0,0,0,0,0,0,0,0,0,0,0,2,0
PUB AFF,290,15954,010,Spec Topics Pub Aff,Darcelle Lahr,grad,1,10,0,0,0,0,0,0,0,0,0,0,0,0,0
PUB AFF,290,15955,011,Spec Topics Pub Aff,Ashley Adams,grad,3,2,0,0,0,0,0,0,0,0,0,0,0,0,0
PUB AFF,290,15956,012,Spec Topics Pub Aff,Hector Cardenas Suarez,grad,4,6,2,0,0,0,0,0,0,0,0,0,0,0,0
PUB AFF,290,15958,014,Spec Topics Pub Aff,Lawrence Magid,grad,3,5,2,0,0,0,0,0,0,0,0,0,0,2,0
PUB AFF,290,15959,015,Spec Topics Pub Aff,Ziyang Fan,grad,1,15,3,0,0,0,0,0,0,0,0,0,0,1,0
PUB AFF,290,15961,016,Spec Topics Pub Aff,Hector Cardenas Suarez,grad,3,5,2,0,0,0,0,0,0,0,0,0,0,0,0
PUB AFF,290,15963,018,Spec Topics Pub Aff,Meredith Sadin,grad,3,10,0,0,0,0,0,0,0,0,0,0,0,2,0
PUB AFF,290,15943,006,Spec Topics Pub Aff,Brent Copen,grad,0,4,0,0,1,2,0,0,0,0,0,0,0,2,0
PUB AFF,290,15951,009,Spec Topics Pub Aff,Matthew Ranen,grad,0,23,0,0,0,0,0,0,0,0,0,0,0,3,0
PUB AFF,290,15962,017,Spec Topics Pub Aff,Daniel Lindheim,grad,0,15,0,0,0,0,0,0,0,0,0,0,0,1,0
RDEV,209,15751,1,Devmt Arch Urbanism,Benjamin Grant,grad,5,7,10,7,4,1,2,0,0,0,0,0,0,0,0
RDEV,210,15750,1,Re Econ Mkt Analy,Paul Peninger; Alexander Quinn,grad,7,22,5,2,0,1,0,0,0,0,0,0,0,0,0
RDEV,220,15752,1,Rdev Finance,Ricardo Capretta,grad,0,7,7,8,14,0,0,0,0,0,0,0,0,0,0
RDEV,230,15721,001,Rdev Partnerships,Jane Lin; Leo Ma,grad,0,16,17,11,1,0,0,0,0,0,0,0,0,0,0
RDEV,235,15923,1,Re Cap Mkts,Carl Shannon,grad,13,25,4,2,1,0,0,0,0,0,0,0,0,0,0
RDEV,240,15747,1,Professional Rdev,Caleb Inman,grad,21,16,4,2,3,2,0,0,0,0,0,0,0,0,0
RDEV,277,15754,1,Resil Urban Dev,Stephen Engblom,grad,0,7,17,11,1,0,0,0,0,0,0,0,0,0,0
RDEV,290,15909,1,Spec Topics Re Dev,Ricardo Capretta,grad,0,7,7,8,14,0,0,0,0,0,0,0,0,0,0
SOC WEL,212,14746,001,Child Development,Susan Stone; Anthony Gomez,grad,0,6,0,0,1,0,0,0,0,0,0,0,0,0,0
SOC WEL,250T,14743,001,Sw Practice In Schl,Patrick Mulkern,grad,0,8,1,0,0,0,0,0,0,0,0,0,0,0,0
SOC WEL,265N,15556,001,Narrative Practices,Claudette Mestayer,grad,13,1,0,0,0,0,0,0,0,0,0,0,0,0,0
SOC WEL,W232,14744,001,Soc Work And Educ,Patrick Mulkern,grad,0,8,6,0,1,0,0,0,0,0,0,0,0,1,0
XMBA,201B,15792,001,Macro/Global Econ,Donald Hanna,grad,17,16,12,13,3,4,0,0,0,0,0,0,0,0,0
XMBA,204,15793,001,Operations Mgt,Sudheer Gupta; Sumit Patankar; Lokesh Mandava,grad,0,16,17,24,8,0,0,0,0,0,0,0,0,0,0
XMBA,209,15794,001,Corporate Strategy,Gregory La Blanc,grad,1,28,8,23,5,0,0,0,0,0,0,0,0,0,0
XMBA,290T,15795,001,Topics In Inno/Des,Sara Beckman; Vivek Rao; David Riemer; Kursat Hosel,grad,0,40,22,1,0,0,1,0,0,0,0,0,0,0,0
XMBA,291R,15796,001,Building Trust,Jennifer Caleshu; Rajiv Ball,grad,0,8,18,37,2,0,0,0,0,0,0,0,0,0,0
