Abbreviation,CourseNum,CCN,SectionNum,CourseDesc,Instructor,Level,A+,A,A-,B+,B,B-,C+,C,C-,D+,D,D-,F,P,NP
AFRICAM,4A,10140,001,Africa:  Hist & Cul,G. Ugo Nwokeji,under,2,1,1,1,3,0,1,0,0,0,0,0,0,1,0
AFRICAM,4B,10150,001,Africa:  Hist & Cul,Arif Gamal,under,4,10,9,5,2,1,0,0,0,0,0,0,1,1,0
AFRICAM,115,10175,001,Lang Soc Iss Africa,Sam Mchombo,under,3,9,4,0,0,0,0,0,0,0,0,0,0,0,0
AFRICAM,W124,10180,001,Pol Phil M L King,Charles Henry,under,5,8,4,1,1,0,0,1,2,0,1,0,3,14,9
AMERSTD,101AC,11505,001,Us Cultures In Time,Justin Gomer,under,1,8,2,1,1,1,2,0,0,0,0,0,0,2,0
AMERSTD,182E,11513,001,Sf Urban Field Geog,Paul Groth,under,1,19,2,0,1,0,0,0,0,0,0,0,0,3,0
AMERSTD,188E,11535,001,Sports & Am Culture,George Thomas; Kathleen Moran,under,5,15,11,2,0,0,1,2,0,1,1,1,2,18,0
AMERSTD,188F,11540,001,Amer. Pop. Music,Timothy Rowe,under,9,13,5,7,10,0,4,13,5,0,3,0,6,26,0
AMERSTD,188G,11545,001,Pop Culture: Shop,Kristen Loutensock,under,1,30,11,9,14,0,0,0,0,0,0,0,2,26,0
ANTHRO,1,12105,001,Intro To Bio Anthro,Sabrina Agarwal,under,7,7,5,4,3,0,0,0,0,0,0,0,0,1,0
ANTHRO,2AC,12130,002,Intro Archaeology,Kimberly Christensen,under,7,8,3,2,1,0,0,1,3,0,0,0,0,0,0
ANTHRO,3AC,12185,001,Intro Soc/Cult Ac,Arpita Roy,under,2,10,11,10,5,2,0,1,0,0,0,0,1,2,0
ANTHRO,R5B,12215,003,Reading & Comp,Jerry Zee; Mary Berry,under,1,6,2,0,1,0,0,1,0,0,0,0,2,0,0
ANTHRO,105,12230,001,Primate Evolution,Kathaeryne Soluri,under,3,7,5,0,0,1,2,0,0,0,0,0,0,3,0
ANTHRO,106,12235,001,Primate Behavior,Stephanie Etting,under,1,6,1,0,2,1,1,1,0,0,1,0,0,1,1
ANTHRO,114,12240,001,Hist/Anthro Thought,Arpita Roy,under,2,26,9,4,0,1,0,1,0,0,0,0,0,2,0
ANTHRO,119,12265,002,Med Anthro Topics,Christopher Roebuck,under,4,5,3,3,0,0,1,0,0,0,0,0,2,0,1
ANTHRO,121AC,12270,001,Amercn Materl Cultr,Kimberly Christensen,under,6,6,1,0,0,0,0,0,0,0,0,0,0,3,0
ANTHRO,134A,12290,001,Archeo Field Meth,Laurie Wilkie,under,3,6,0,0,0,0,0,0,0,0,0,0,0,1,0
ANTHRO,140,12295,001,Anthro Of Food,Mio Owens,under,1,10,4,1,0,0,0,0,0,0,0,0,1,0,0
ANTHRO,169B,12303,001,Res Theo/Meth Soc,Jason Price,under,1,2,5,1,0,0,0,0,0,0,0,0,0,1,0
ARABIC,10,13005,001,Intens Elem Arabic,Soufiane Chami,under,2,3,0,1,0,0,0,0,0,0,0,0,0,7,0
ARCH,101,13330,002,Case Stds In Arch,Mark Anderson,under,2,9,0,0,0,0,0,0,0,0,0,0,0,0,0
ARCH,108,13340,001,Arch Internship,Mark Schatz,under,1,15,3,0,0,0,0,0,0,0,0,0,0,3,0
ARCH,124B,13375,002,3-D Computer Tech,Carlos Sandoval Olascoaga,under,1,3,0,1,0,0,0,0,1,0,0,0,1,4,1
ARCH,149,13405,001,Spec Top Erg Envir,Brendon Levitt,under,4,10,6,1,0,0,0,0,1,0,0,0,0,2,0
ART,8,14005,001,Intro Vis Thinking,Erin Johnson,under,4,7,10,0,1,0,0,0,0,0,0,0,0,0,0
ART,8,14010,002,Intro Vis Thinking,Drucilla Anderson,under,12,7,1,0,1,0,0,0,0,0,0,0,0,0,0
ART,8,14015,003,Intro Vis Thinking,Sean Talley,under,4,11,3,1,0,0,0,0,0,0,0,0,0,4,1
ART,8,14020,004,Intro Vis Thinking,Sahar Khoury,under,4,14,3,1,0,0,0,0,0,0,0,0,0,0,0
ART,12,14025,001,Lang Of Draw,Indira Morre,under,4,7,3,0,0,0,0,0,0,0,0,0,0,0,0
ART,12,14030,002,Lang Of Draw,Dusadee Huntrakul,under,3,5,0,1,0,0,0,0,0,0,0,0,0,1,0
ART,W23AC,14035,001,American Cybercultr,Greg Niemeyer,under,23,23,2,0,1,0,0,0,0,0,0,0,1,18,2
ART,102,14045,101,Approaches To Ptng,Alicia Mccarthy,under,16,2,1,0,0,0,0,0,0,0,0,0,0,1,0
ART,132,14060,001,App To Sculp Ceram,Ehren Tool,under,2,9,1,0,0,0,0,0,0,0,0,0,0,0,0
HISTART,R1B,14610,002,Visual Experience,Marcelo Sousa; Margaretta Lovell,under,1,5,1,1,1,1,0,0,0,0,0,0,0,0,0
ASAMST,R2B,15240,002,Reading&Composition,Anna Leong; Margaret Rhee,under,1,10,0,1,0,0,0,0,0,0,0,0,1,0,1
ASAMST,121,15255,001,Chinese Amer Hist,Harvey Dong,under,3,5,2,2,0,0,0,0,0,0,0,0,0,0,0
ASAMST,124,15260,001,Filipino Amer Hist,Maria Barrios-Leblanc,under,3,12,1,0,0,1,0,0,0,0,0,0,0,0,0
ASAMST,138,15265,001,Topics Asn Pop Cult,Hannah Michell,under,4,5,0,4,2,1,0,0,0,0,0,0,0,0,0
ASAMST,141,15275,001,Law In Asam Commun,Thomas Fleming,under,1,5,4,3,1,0,0,0,0,0,0,0,0,2,0
ASAMST,172,15285,001,Asian Amer Lit,Fae Ng,under,2,6,2,0,0,0,0,0,0,0,0,0,1,1,0
ASTRON,10,16305,001,General Astronomy,Thomas Bay,under,7,5,6,2,0,1,0,0,0,0,0,0,1,5,0
ASTRON,10,16320,002,General Astronomy,Thomas Bay,under,2,7,5,1,2,2,2,1,0,0,0,1,1,6,0
BIOLOGY,1A,17505,001,General Biology Lec,Carol Gilson; James Baxter; Michael Meighan,under,1,15,13,14,17,15,16,13,15,0,2,2,5,0,2
BIOLOGY,1AL,17540,001,General Biology Lab,Carol Gilson; James Baxter; Michael Meighan,under,3,12,16,9,13,14,10,15,13,0,0,2,4,0,1
BIOLOGY,1B,17575,001,General Biology,Alan Shabel,under,9,16,41,38,33,18,20,17,14,2,4,2,2,3,1
UGBA,102A,18150,003,Intro Fin Account,Rada Brooks,under,6,6,6,7,4,4,4,2,1,0,0,0,0,6,0
UGBA,102A,18160,004,Intro Fin Account,Gary Pieroni,under,1,8,9,12,7,5,2,3,1,1,0,0,0,5,5
UGBA,102A,18170,005,Intro Fin Account,John Briginshaw,under,4,11,12,11,4,2,1,0,2,0,1,0,0,0,0
UGBA,102B,18180,001,Intro Manager Acct,Dennis Geyer,under,1,8,0,0,10,8,0,3,0,0,0,0,0,3,1
UGBA,102B,18190,002,Intro Manager Acct,Dennis Geyer,under,5,17,2,5,9,1,0,4,2,0,0,0,2,4,1
UGBA,103,18210,002,Intro To Finance,Avinash Verma,under,5,14,12,11,8,4,3,1,0,0,0,0,0,1,1
UGBA,105,18225,002,Intro Org Behavior,Holly Schroth,under,1,9,17,11,4,5,1,0,0,0,0,0,0,0,0
UGBA,106,18230,001,Marketing,Meir Karlinsky,under,2,5,6,2,2,10,5,2,4,2,1,0,0,16,1
UGBA,106,18235,002,Marketing,Meir Karlinsky,under,1,4,8,3,2,12,1,2,0,4,1,0,2,6,10
UGBA,106,18250,005,Marketing,Wasim Azhar,under,1,10,19,14,4,0,0,0,0,0,0,0,0,0,0
UGBA,120A,18280,001,Int Financial Acct,Francis Stanton,under,2,6,3,0,5,0,0,0,0,0,0,0,1,1,0
UGBA,120A,18290,002,Int Financial Acct,Gary Pieroni,under,3,4,3,3,2,4,1,1,0,0,0,0,1,4,1
UGBA,120B,18300,001,Adv Fin Accounting,Tiffany Rasmussen,under,3,4,2,2,0,1,1,0,0,0,0,0,0,2,0
UGBA,122,18310,001,Fin Info Analysis,Francis Stanton,under,3,10,7,0,13,2,0,1,0,0,0,0,0,6,0
UGBA,127,18320,001,Spec Topics In Acct,Maria Nondorf,under,1,6,5,2,1,0,0,0,0,0,0,0,0,2,0
UGBA,127,18330,003,Spec Topics In Acct,Satyaraj Berde,under,1,4,1,1,6,4,3,3,0,0,0,0,0,10,0
UGBA,127,18335,004,Spec Topics In Acct,John Briginshaw,under,3,5,4,4,0,2,0,0,0,0,0,0,0,7,0
UGBA,131,18350,001,Corp Fin Analysis,Avinash Verma,under,7,13,11,7,4,1,2,0,0,0,0,0,1,4,2
UGBA,133,18370,001,Investments,Samuel Olesky,under,1,12,10,10,5,3,2,1,1,0,2,0,0,13,2
UGBA,133,18380,002,Investments,Arash Namvar,under,2,33,1,3,6,3,0,6,0,0,1,0,1,8,0
UGBA,178,18430,001,Intro Internatl Bus,Daniel Himelstein,under,1,9,25,44,7,0,0,0,0,0,0,0,1,8,1
UGBA,178,18435,002,Intro Internatl Bus,Daniel Himelstein,under,2,7,24,11,5,2,0,0,0,0,1,2,0,6,2
CHEM,1A,21005,001,General Chemistry,Marlin Halim,under,4,17,4,8,3,11,7,10,5,7,4,7,10,7,4
CHEM,1AL,21015,001,General Chem Lab,Peter Marsden,under,11,82,29,3,0,0,0,0,0,0,0,0,3,2,0
CHEM,W1A,21060,001,General Chemistry,Zerubba Levi,under,2,4,0,2,5,1,3,4,0,0,1,0,7,3,1
CHEM,1B,21065,001,General Chemistry,Lindsay Sperling,under,4,12,2,9,9,2,1,6,0,0,0,0,0,0,0
CHEM,3A,21100,001,Chem Struct React,Steven Pedersen,under,1,35,31,39,39,31,29,39,43,0,4,0,22,6,8
CHEM,3B,21165,001,Chem Struct React,Neil Viernes,under,5,44,10,32,17,21,46,1,15,0,4,0,7,3,1
CHEM,3BL,21170,001,Organic Chem Lab,Neil Viernes,under,12,116,36,16,6,2,0,0,0,0,0,0,2,1,0
CHICANO,20,24220,001,Intro Chicano Cult,Alberto Ledesma,under,2,29,10,9,9,1,0,1,0,0,0,0,0,1,0
CHICANO,50,24255,001,Intro Chicano Hist,Alex Saragoza; Edgar Mojica,under,10,29,10,8,1,0,0,0,0,0,1,0,0,5,0
CHICANO,110,24310,001,Latina/O Phil & Rel,Pedro Di Pietro,under,1,5,4,3,1,0,0,0,0,0,0,0,0,1,0
CHICANO,159,24325,001,Mexican Immigration,Alex Saragoza; Edgar Mojica,under,3,2,7,0,0,0,0,0,0,0,0,0,0,1,0
CHICANO,172,24330,001,Chicano & Educ Syst,Blas Guerrero,under,1,3,6,2,1,0,0,1,0,0,0,0,1,0,0
CY PLAN,110,25105,001,Intro To City Plng,Paul Waddell,under,2,4,12,6,4,6,5,0,0,0,0,0,0,1,1
CY PLAN,113B,25110,001,Commty & Econ Dev,-,under,5,15,6,2,2,0,0,0,0,0,0,0,1,4,0
CY PLAN,114,25115,001,Intro Urb Reg Trans,Paul Waddell,under,1,7,4,12,18,0,2,0,0,0,0,0,0,4,0
CY PLAN,118AC,25120,001,The Urban Comm,Paul Waddell,under,1,10,2,2,2,0,2,0,1,0,0,0,0,1,0
COLWRIT,6F,26546,001,Esl Listen Speak,Margi Wald; Ruth Acker,under,1,0,3,4,1,0,0,0,0,0,0,0,0,4,0
COLWRIT,8,26715,010,Engl As Second Lang,Brandon Spars; Margi Wald,under,2,9,2,1,1,0,0,0,0,0,0,0,0,4,0
COLWRIT,9C,26785,001,Esp Acad Writing,Jordan Ruyle; Margi Wald,under,2,2,3,3,2,0,0,0,0,0,0,0,0,6,0
COLWRIT,9C,26803,005,Esp Acad Writing,Ellen Rosenfield; Margi Wald,under,1,8,2,0,0,0,0,0,0,0,0,0,0,2,1
COLWRIT,9E,26815,001,Esp Business Engl,David Wiese; Margi Wald,under,2,4,1,2,2,0,0,0,0,0,0,0,0,4,0
COLWRIT,9E,26830,004,Esp Business Engl,Barbara Mcclain; Margi Wald,under,3,9,1,0,1,0,0,0,0,0,0,0,2,3,0
COLWRIT,9F,26835,001,Esp Business Speak,Barbara Mcclain; Margi Wald,under,4,2,1,1,2,1,1,1,0,0,0,0,1,1,0
COLWRIT,9F,26840,002,Esp Business Speak,David Wiese; Margi Wald,under,2,4,1,2,1,1,0,0,0,0,0,0,0,6,0
COLWRIT,9K,26895,001,Esp Human Rights,Margi Wald; Rachel Kotok,under,3,4,5,1,2,0,1,0,0,0,0,0,0,0,0
COLWRIT,9L,26915,003,Esp Engl Thru Film,Jordan Ruyle; Margi Wald,under,1,7,1,4,4,0,0,0,0,0,0,0,0,1,0
COLWRIT,9N,26935,002,Esp Legal English,Gabrielle Goodwin; Margi Wald,under,2,4,6,2,3,0,0,0,0,0,0,0,1,1,0
COLWRIT,9O,26943,001,Esp Legal Writing,Gabrielle Goodwin; Margi Wald,under,1,6,0,0,0,0,0,0,0,0,0,0,0,3,0
COLWRIT,9R,26950,002,Esp Oral Present,Margi Wald; Rachel Kotok,under,2,8,3,0,0,0,0,0,0,0,0,0,0,5,0
COLWRIT,9V,27010,001,Esp Engl Sci Engin,John Mcclain; Margi Wald,under,1,10,6,1,0,0,0,0,0,0,0,0,0,3,0
COLWRIT,6G,27055,102,Esl Digital Writing,Margi Wald; Michelle Baptiste,under,1,8,0,1,0,0,0,0,0,0,0,0,0,3,0
COLWRIT,6E,27065,101,Esl Grammar Editing,Margi Wald; Matthew Barclay,under,2,7,2,4,0,0,0,0,0,0,0,0,0,3,0
COLWRIT,6C,27085,101,Esl Business Vocab,Linda O'Roke; Margi Wald,under,1,11,1,0,0,0,0,0,0,0,0,0,0,4,0
COLWRIT,6C,27090,102,Esl Business Vocab,Angela Blackwell; Margi Wald,under,2,2,3,4,3,4,0,0,0,0,0,0,0,1,0
COLWRIT,6A,27110,102,Esl Acad Speaking,Margi Wald; Ruth Acker,under,1,4,4,5,0,0,0,0,0,0,0,0,0,3,0
COMPSCI,10,28305,001,Beauty Joy Computng,Sean Morris,under,6,3,4,3,6,2,1,2,2,0,0,0,7,12,2
COMPSCI,61A,28330,001,Str Interp Cmp Prgs,Daniel Garcia; Eric Tzeng; Steven Tang,under,15,26,21,20,44,28,7,9,6,1,7,4,8,24,17
COMPSCI,61BL,28395,001,Data Strs Prog Meth,Michael Clancy,under,27,94,39,32,32,26,13,8,4,0,6,0,7,13,6
COMPSCI,61C,28430,001,Machine Structures,Daniel Garcia; Justin Hsia,under,4,30,10,19,26,9,7,9,4,0,5,0,18,1,1
COMPSCI,70,28475,001,Discrete Math&Prob,Daniel Garcia; Thomas Watson,under,6,30,14,26,33,27,17,15,6,1,2,2,5,3,5
DUTCH,177,30705,001,Dutch Art Hist/Lit,Jeroen Dewulf,under,5,15,4,0,1,0,0,0,0,0,0,0,0,0,0
EPS,20,30910,001,Earthquakes,William Hawley,under,2,3,4,3,3,0,2,1,0,0,1,0,0,7,0
EPS,80,30925,002,Environ Earth Sci,Stephen Andrews,under,1,2,5,19,18,4,8,9,1,0,3,0,4,15,3
EA LANG,105,31505,001,Romantic Values,John Wallace,under,1,7,3,1,1,0,0,0,0,0,0,0,1,2,0
ECON,1,32005,001,Intro To Economics,David Romer; Lanwei Yang,under,1,24,33,30,35,26,22,16,12,0,2,0,8,4,3
ECON,100B,32085,001,Macro Analysis,Raymond Hawkins,under,2,8,17,18,16,13,7,3,4,0,2,0,2,7,2
ECON,119,32120,001,Psych And Econ,Alisa Tazhitdinova; David Romer,under,2,12,4,6,8,4,2,4,0,0,0,0,2,2,0
ECON,136,32125,001,Financial Economics,David Romer; Stephen Bianchi,under,1,5,4,3,10,3,0,2,3,0,1,0,0,4,3
ECON,155,32158,001,Urban Econ,David Romer; Marquise Mcgraw,under,1,15,12,5,3,2,0,0,0,0,0,0,1,1,1
ECON,N175,32163,001,Econ Demography,David Romer; Mark Borgschulte,under,1,7,8,5,4,1,0,2,1,0,1,0,0,1,0
ECON,N181,32165,001,Internat'L Trade,Asrat Tesfayesus,under,1,4,5,5,3,4,2,0,1,0,0,0,4,2,2
EDUC,N140,33335,001,Issues In Literacy,Glynda Hull; John Scott,under,1,11,2,0,1,0,0,0,0,0,0,0,1,0,1
EL ENG,40,35705,001,Int Micro Circuits,Clark Nguyen; Meghdad Hajimorad,under,1,4,13,10,13,12,6,4,0,0,0,1,0,3,0
EL ENG,42,35740,001,Intro Digit Elec,Constance Chang-Hasnain,under,1,9,6,1,4,1,3,6,2,0,4,0,0,0,1
EL ENG,100,35785,001,Elec Tech For Eng,Constance Chang-Hasnain,under,1,25,9,13,23,6,13,4,3,2,3,0,2,0,1
ENGIN,W7,36833,001,Intr Computer Prog,Andrew Packard; Panayiotis Papadopoulos,under,2,19,13,22,16,8,8,4,4,0,0,0,12,3,5
CIV ENG,C30,37405,001,Intro Solid Mechncs,Chun Il Kim,under,2,2,1,2,4,0,2,1,2,0,0,0,0,0,1
CIV ENG,120,37415,001,Structural Engrg,Abolhassan Astaneh-Asl,under,3,4,7,2,0,1,0,1,0,0,0,0,0,0,0
CIV ENG,130N,37420,001,Mech Of Structures,Clement Barthes,under,6,6,7,4,4,0,4,0,0,0,1,0,2,0,0
IND ENG,190A,38603,001,Advance Topics Ieor,Kenneth Singer,under,10,12,4,0,0,0,0,0,0,0,0,0,0,0,0
IND ENG,190C,38604,001,Advance Topics Ieor,Kenneth Singer,under,10,12,4,0,0,0,0,0,0,0,0,0,0,0,0
MEC ENG,40,39805,001,Thermodynamics,David Rich,under,3,5,1,2,7,5,4,3,2,0,0,0,2,0,0
MEC ENG,C85,39815,001,Intro Solid Mechncs,Chun Il Kim,under,2,3,1,3,1,4,2,2,1,3,0,0,0,1,0
MEC ENG,104,39850,001,Engr Mechanics Ii,Oliver O'Reilly,under,2,4,2,3,9,1,2,1,0,5,1,0,0,0,0
MEC ENG,109,39860,001,Heat Transfer,David Lettieri,under,1,8,6,8,5,4,4,3,2,1,1,0,1,1,1
MEC ENG,132,39880,001,Dyn System/Feedback,George Anwar,under,1,4,5,2,2,2,5,3,0,0,1,0,0,0,0
MEC ENG,135,39885,001,Des Mprc-Bd Mec Sys,George Anwar,under,4,10,5,1,3,0,0,0,0,0,0,0,0,2,0
ENGLISH,N117S,41565,001,Shakespeare,Oliver Arnold,under,8,7,9,8,9,4,0,1,0,0,0,0,1,6,0
ENGLISH,N132,41575,001,American Novel,Mitchell Breitwieser,under,3,6,6,8,12,11,3,2,0,0,0,0,0,3,1
ENGLISH,N173,41595,001,Lang & Lit Films,Mitchell Breitwieser,under,3,18,9,7,5,0,0,0,0,0,0,0,1,3,0
ENGLISH,N180H,41605,001,Short Story,Zachary Gordon,under,1,4,9,7,3,1,0,0,0,0,0,0,0,3,1
ENV DES,1,42105,001,People & Env Des,W Martin,under,4,13,10,7,1,1,1,1,0,0,0,0,1,2,0
ENV DES,9,42133,001,Intro To Env Des,Kimberly Suczynski,under,1,4,4,3,0,2,0,1,0,0,0,0,0,0,0
ESPM,105B,43160,001,For Measurements,Kevin O'Hara,under,1,6,14,6,12,0,0,1,0,0,0,0,0,0,0
ESPM,105C,43165,001,Silviculture & Util,Kevin O'Hara,under,1,9,3,2,19,4,0,2,0,0,0,0,0,0,0
ESPM,169,43175,001,Intnatl Env Politic,Katherine O'Neill,under,5,9,6,2,0,0,0,0,0,0,0,0,0,1,0
ETH STD,11AC,43805,001,Theories/Concepts,Keith Feldman,under,1,2,1,3,2,0,1,0,0,0,0,0,0,1,1
ETH STD,21AC,43815,001,Comp Surv Ethnic Gr,Alex Saragoza,under,1,13,13,2,7,1,0,0,0,0,0,0,1,4,1
ETH STD,101B,43858,002,Humanities Methods,Keith Feldman,under,7,4,4,0,0,2,0,0,2,0,0,0,0,0,0
ETH STD,122AC,43870,001,Eth/Race In Am Film,Christine Kwon,under,3,8,12,10,2,0,2,0,0,0,1,0,1,11,1
ETH STD,122AC,43875,002,Eth/Race In Am Film,Christine Kwon,under,8,10,10,6,1,1,0,1,0,0,0,0,1,10,0
ETH STD,N180,43900,001,Sel Top Es Std Abrd,Carlos Munoz,under,8,8,12,5,5,0,0,0,0,0,0,0,0,2,0
ETH STD,N180,43905,002,Sel Top Es Std Abrd,Ramon Grosfoguel,under,8,9,10,15,2,3,0,0,0,0,0,0,0,4,0
ETH STD,N180,43910,003,Sel Top Es Std Abrd,Hatem Bazian,under,3,12,3,4,0,0,0,0,0,0,0,0,0,0,0
FILM,R1B,44815,002,Writing-Film Focus,Jeffrey Skoller; Norman Gendelman,under,4,3,8,0,2,0,0,0,0,0,0,0,1,1,0
FILM,25B,44835,001,History Of Film,Emily Carpenter,under,4,2,3,1,3,2,0,0,0,0,0,0,2,1,1
FILM,108,44865,002,Film Genre,Jeffrey Skoller; Justin Vaccaro,under,1,2,2,4,1,0,1,0,0,0,0,0,0,2,0
FILM,151,44895,002,Auteur Theory,Eileen Jones,under,4,12,5,7,3,2,1,1,1,0,0,0,2,3,0
FRENCH,3,45435,001,Intermediate French,Desiree Pries; Maia Beyler-Noily,under,3,5,1,1,0,1,0,0,0,0,0,0,1,4,0
FRENCH,43A,45470,001,Aspects Fr Culture,Sarah Roberts,under,2,7,1,3,0,0,0,0,0,0,0,0,0,2,0
GWS,111,46020,002,Special Topics,Bonnie Ruberg; Juana Rodriguez,under,3,3,7,2,1,1,0,0,2,0,0,0,2,1,0
GEOG,4,46610,001,Wrld Cultures Envts,Greta Marchesi; Nathan Sayre,under,2,5,4,1,4,1,0,0,0,0,1,0,0,3,0
GEOG,N20,46615,001,Globalization,Robert Acker,under,2,8,6,9,5,5,0,3,1,0,1,0,1,12,5
GEOG,50AC,46625,001,California,Diana Negrin; Nathan Sayre,under,1,3,2,0,4,1,0,0,0,0,0,0,0,2,0
GEOG,70AC,46630,001,Urban Experience,Javier Arbona,under,1,7,1,3,1,1,1,1,0,0,0,0,0,6,0
GEOG,130,46635,001,Food Environment,Nathan Sayre; Nicole List,under,1,2,8,3,10,4,6,0,2,0,0,0,1,3,1
GEOG,138,46640,001,Global Environ Poli,Diana Negrin; Nathan Sayre,under,9,15,7,5,1,0,0,1,0,0,0,0,1,1,1
GERMAN,1,47205,001,Elementary German 1,Nikolaus Euba; Stephanie Peltner,under,2,2,5,1,0,0,0,0,0,0,0,0,0,3,0
GERMAN,4,47245,001,Intermed German Ii,Carolyn Hawkshaw; Nikolaus Euba,under,2,6,1,0,0,2,0,0,0,0,0,0,0,3,0
GERMAN,R5B,47270,004,Reading And Comp,Emina Musanovic; Estelle Tarica,under,1,9,4,0,3,0,0,0,0,0,0,0,0,0,0
HISTORY,N106A,48980,001,The Roman Republic,Laura Pfuntner,under,2,4,3,1,1,2,0,0,0,1,0,0,0,2,0
HISTORY,136AC,49015,001,Gender 20th C Us,Sandra Smith,under,2,3,2,3,1,1,0,0,0,0,0,0,0,3,0
HISTORY,162A,49030,001,Eur Diplo 1648-1914,David Wetzel,under,1,9,4,0,1,1,0,1,2,0,0,0,1,2,0
INFO,155,49820,001,Intro Hi-Level Pgm,Paul Laskowski,under,3,9,7,7,5,3,1,0,0,0,0,0,0,3,1
INFO,181,49825,001,Tech & Poverty,Coye Cheshire; Elisa Oreglia; Neha Kumar,under,1,3,3,2,1,0,0,1,0,0,0,0,0,11,0
INTEGBI,117,50485,001,Medical Ethnobotany,Thomas Carlson,under,8,26,5,11,13,8,4,6,4,1,2,1,0,15,3
INTEGBI,117LF,50490,001,Med Ethnobotany Lab,Seth Kauppinen; Thomas Carlson,under,2,5,2,3,2,2,0,3,1,0,0,0,0,2,1
INTEGBI,117LF,50500,003,Med Ethnobotany Lab,Irin Pansawira; Thomas Carlson,under,2,12,2,1,2,1,2,1,1,0,0,0,0,1,0
INTEGBI,128,50510,001,Sports Medicine,Charles Mclaughlin,under,5,15,6,8,15,3,5,2,5,0,0,0,1,3,0
INTEGBI,131,50535,001,Human Anatomy,Thomas Carlson,under,5,34,9,13,18,4,6,8,3,0,0,1,4,12,4
INTEGBI,131L,50540,001,Human Anatomy Lab,Ashley Poust; Thomas Carlson,under,2,3,1,3,5,0,1,4,0,0,1,0,0,2,0
INTEGBI,131L,50555,004,Human Anatomy Lab,Alfred Vong; Thomas Carlson,under,3,8,3,0,3,0,0,1,0,0,0,0,1,0,0
INTEGBI,132,50560,001,Surv Human Physiol,Katherine Brakora,under,9,17,4,4,12,3,6,3,1,0,2,0,0,1,1
INTEGBI,132L,50575,003,Mammal Physiol Lab,Chi-An Emhoff; Heather French,under,1,6,2,7,6,0,0,0,0,0,0,0,0,0,0
INTEGBI,141,50580,001,Human Genetics,Gemma Niermann,under,1,52,3,14,44,0,4,8,1,1,1,0,2,2,0
ISF,100C,51510,001,Word And Image,Nancy Urban,under,3,6,1,5,4,1,1,0,0,0,0,0,2,0,0
ISF,W187,51520,001,Exprientl Lm Org Ct,Joel Clark,under,1,16,6,4,0,0,0,0,0,0,0,0,1,9,1
IAS,107,51915,001,Inter Macro Theory,Estefania Santacreu-Vasut,under,11,10,7,3,5,2,1,0,0,0,0,0,1,1,0
IAS,196,51935,001,Special Research,Alan Karras,under,4,6,9,5,4,0,0,0,0,0,0,0,1,18,0
IAS,196,51940,002,Special Research,Alan Karras,under,2,3,0,1,0,0,1,1,0,0,0,1,0,23,5
ITALIAN,R5B,52515,001,Reading & Comp,Albert Ascoli; Marina Romani,under,1,3,2,1,2,1,1,0,0,0,0,0,0,0,0
ITALIAN,R5B,52520,101,Reading & Comp,Albert Ascoli; Soledad Anatrone,under,3,8,2,1,1,0,0,0,0,0,0,0,0,0,0
JAPAN,1,53005,001,Elem Japan Intens,Ikuko Yuasa; Maki Takata; Noriko Knickerbocker,under,1,5,4,2,2,1,0,0,0,0,0,0,0,1,3
KOREAN,1,54205,001,Elem Korean-Intens,Kijoo Ko; Shin Young Park,under,3,3,2,0,0,0,0,0,0,0,0,0,0,4,0
LATIN,15,54810,001,The Latin Workshop,Giovanni Ferrari; John Lanier,under,3,7,3,0,1,0,0,0,0,0,0,0,0,6,1
LEGALST,109,56120,001,Aim/Limit Crim Law,Richard Perry,under,2,12,11,7,7,1,2,1,0,0,0,0,1,5,0
LINGUIS,R1B,57005,001,Endangered Language,Jennifer Johnson; Line Mikkelsen,under,2,4,3,3,3,0,1,1,0,0,0,0,0,0,0
LINGUIS,23,57020,001,Language And Sex,Rosemary Beam De Azcona,under,1,5,1,1,2,0,1,0,0,0,0,0,1,2,0
LINGUIS,55AC,57025,001,American Languages,Rosemary Beam De Azcona,under,2,7,0,0,0,1,0,0,0,0,0,0,1,2,0
LINGUIS,C105,57050,001,Mind And Language,Line Mikkelsen; Matthew Goss,under,2,2,1,0,1,1,1,0,1,0,1,0,0,3,1
LINGUIS,C146,57060,001,Lang Acquisition,Melinda Woodley; Susanne Gahl,under,5,9,9,1,2,3,2,1,0,0,0,0,2,2,0
MATH,1A,58405,001,Calculus,Andrea Jedwab,under,3,7,2,4,3,5,2,2,3,0,1,0,2,0,0
MATH,1A,58415,002,Calculus,Conrad Hengesbach,under,3,3,1,5,5,5,4,1,2,0,0,0,4,0,0
MATH,1B,58425,001,Calculus,Aditya Adiredja; Francis Christ,under,2,7,2,1,4,5,3,4,1,0,2,0,6,1,2
MATH,1B,58435,002,Calculus,Francis Christ; Shawn Mcdougal,under,5,2,2,8,1,2,1,5,1,0,0,1,3,0,4
MATH,1B,58455,004,Calculus,Alexander Zorn; Francis Christ,under,3,6,2,2,7,3,2,3,2,0,0,0,0,0,1
MATH,16A,58465,001,Anal Geo & Calculus,Francis Christ; Keon Choi,under,3,7,3,1,5,0,2,0,1,0,0,0,2,2,2
MATH,16A,58485,003,Anal Geo & Calculus,Francis Christ; Massoud Malek,under,2,3,2,3,1,2,2,1,0,1,0,0,1,1,0
MATH,16B,58495,001,Anal Geo & Calculus,Francis Christ; Yi-Chang Chen,under,3,3,3,1,5,4,3,1,3,0,1,0,0,0,0
MATH,16B,58505,002,Anal Geo & Calculus,Francis Christ; Winnie Wong,under,2,3,6,2,5,0,0,5,0,1,0,1,3,0,0
MATH,16B,58515,003,Anal Geo & Calculus,Benoit Dherin,under,5,3,3,2,4,1,0,1,0,0,0,0,0,0,0
MATH,32,58525,001,Precalculus,Adam Lesnikowski; Francis Christ,under,1,8,2,4,4,2,1,0,0,0,2,0,0,2,0
MATH,53,58580,002,Multivar Calculus,Esther Lamken,under,2,4,3,2,2,4,0,4,2,0,2,0,2,1,3
MATH,53,58590,003,Multivar Calculus,Alexander Shapiro; Francis Christ,under,2,2,5,0,5,3,2,3,4,0,0,0,2,3,1
MATH,53,58600,004,Multivar Calculus,Francis Christ; Thunwa Theerakarn,under,2,4,4,1,4,4,3,4,1,0,2,0,3,2,1
MATH,53,58610,005,Multivar Calculus,Andreas Voellmer; Francis Christ,under,4,6,4,5,3,2,4,2,1,0,0,0,2,0,0
MATH,53,58620,006,Multivar Calculus,Francis Christ; Kevin Wray,under,3,11,1,5,4,0,8,4,0,2,0,0,1,1,2
MATH,54,58630,001,Lin Alg & Diff Eqns,Francis Christ; Long Jin,under,2,12,0,6,6,5,0,4,0,0,0,0,1,2,0
MATH,54,58640,002,Lin Alg & Diff Eqns,Richard Ketchersid,under,1,9,3,2,3,2,3,4,2,0,0,0,2,0,1
MATH,54,58650,003,Lin Alg & Diff Eqns,Dominic Mccarty; Francis Christ,under,5,5,6,7,2,5,0,3,1,0,0,0,0,1,0
MATH,54,58660,004,Lin Alg & Diff Eqns,Cody Mitchell; Francis Christ,under,1,2,1,0,7,2,3,1,4,1,5,0,4,0,3
MATH,54,58670,005,Lin Alg & Diff Eqns,Francis Christ; Khoa Nguyen,under,3,4,3,5,5,3,1,3,2,0,1,0,2,1,1
MATH,54,58690,007,Lin Alg & Diff Eqns,Mark Rinker,under,4,5,5,2,5,1,1,2,1,0,1,0,3,0,2
MATH,54,58698,008,Lin Alg & Diff Eqns,Francis Christ; Jason Ferguson,under,1,4,9,5,3,5,1,1,3,2,1,0,0,1,0
MATH,55,58700,001,Discrete Math,Francis Christ; Xiang Li,under,2,4,5,3,3,2,4,1,1,0,0,0,4,2,3
MATH,55,58710,002,Discrete Math,Francis Christ; Noah Forman,under,2,5,2,4,5,1,1,3,0,2,1,0,0,3,2
MATH,96,58720,001,College Algebra,Michael Leong,under,1,8,6,7,15,4,4,3,0,0,1,0,0,24,24
MATH,104,58825,001,Intro To Analysis,Alexandru Hening; Francis Christ,under,5,3,1,1,2,4,1,3,1,0,0,0,8,2,1
MATH,104,58835,002,Intro To Analysis,Francis Christ; Lawrence Evans,under,2,2,2,4,6,1,0,4,0,0,2,2,5,1,4
MATH,110,58845,001,Linear Algebra,Francis Christ; James Mcivor,under,6,7,3,2,4,4,1,1,0,0,1,0,2,4,1
MATH,110,58855,002,Linear Algebra,Daniel Sparks; Francis Christ,under,3,7,4,3,3,3,0,2,1,0,0,0,3,2,2
MATH,113,58865,001,Abstract Algebra,Antonio Montalban,under,3,5,3,6,2,2,1,4,3,2,0,0,2,1,1
MATH,113,58875,002,Abstract Algebra,Alex Kruckman; Francis Christ,under,2,6,2,4,3,2,1,2,2,0,1,0,4,1,1
MATH,115,58885,001,Intro Number Theory,Francis Christ; Jesse Elliott,under,2,1,4,5,4,2,2,5,1,0,2,0,5,1,1
MATH,128A,58905,001,Numerical Analysis,Francis Christ; Jed Duersch,under,2,4,5,4,2,4,3,3,2,0,0,0,2,2,0
MATH,128A,58915,002,Numerical Analysis,Francis Christ; Thanh Vu,under,1,2,6,4,2,4,2,6,1,0,0,0,2,0,2
MATH,185,58925,001,Complex Analysis,Benjamin Johnson,under,2,5,6,5,6,0,1,1,0,3,0,1,4,0,0
MATH,185,58935,002,Complex Analysis,David Kaspar; Francis Christ,under,1,2,4,1,2,1,1,1,0,0,1,0,4,1,1
M E STU,120,66305,001,Select Topic Me Std,Sami Chetrit,under,7,4,3,3,2,0,0,0,0,0,0,0,0,4,0
MCELLBI,32,67205,001,Intro Human Physiol,Robin Ball; Terry Machen,under,4,9,6,2,10,2,1,3,0,0,0,0,2,0,2
MCELLBI,32L,67220,001,Int Human Phys Lab,Robin Ball,under,3,30,7,1,2,0,0,0,0,0,0,0,0,1,0
MCELLBI,W61,67250,001,Brain Mind Behavior,David Presti,under,1,17,8,16,14,7,0,22,9,0,2,0,14,14,9
MCELLBI,63,67255,001,Intro Funct Neuro,Joseph Reyes,under,1,55,6,5,7,0,1,1,0,0,0,0,0,19,1
MCELLBI,102,67315,001,Surv Biochem & Mobi,Natalia Caporale,under,2,27,30,25,34,15,22,25,14,0,9,0,6,3,3
MUSIC,20A,68310,002,Basic Musicianship,Benjamin Brinner; Rachana Vajjhala,under,4,2,3,0,4,1,0,0,0,0,0,0,0,7,2
MUSIC,20A,68315,003,Basic Musicianship,Benjamin Brinner; Matthew Schumaker,under,8,10,7,0,1,0,0,0,1,0,0,0,0,4,1
MUSIC,N26AC,68330,001,Music In Amer Cul,Benjamin Brinner; Kendra Salois,under,6,9,4,2,0,4,2,1,1,1,0,0,0,9,0
MUSIC,N26AC,68335,002,Music In Amer Cul,Carla Brunet,under,2,18,3,5,5,4,1,1,4,0,0,0,2,8,0
MUSIC,N27,68338,001,Intro West Music,Benjamin Brinner; Rachel Vandagriff,under,6,4,1,1,0,0,0,0,0,0,0,0,0,3,0
MUSIC,44,68339,001,Voice Class,Candace Johnson,under,18,2,1,1,0,0,0,0,0,0,0,0,0,5,0
MUSIC,128R,68355,001,Jazz In America,David Milnes,under,4,8,3,2,2,0,0,0,0,0,0,0,0,1,0
MUSIC,128R,68360,002,Jazz In America,David Milnes,under,6,10,2,0,2,0,0,0,0,0,0,0,0,1,0
MUSIC,143,68395,001,Gospel Chorus,Doniel Wilson,under,12,25,4,0,0,0,0,0,0,0,1,1,1,1,0
MUSIC,N148,68398,001,African Mus Perf,Cornelius Ladzekpo,under,10,38,0,0,0,0,0,0,0,0,0,0,0,1,0
NATAMST,R1B,69025,001,"Reading,Composition",Angela Aguilar; Shari Huhndorf,under,4,5,1,0,0,0,0,0,0,0,0,0,0,0,0
NE STUD,193,69625,001,Archae Field School,Benjamin Porter,under,4,6,2,0,0,0,0,0,0,0,0,0,0,0,0
NWMEDIA,150AC,70505,001,New Media Amer Cult,David Bates; Jennifer Schradie,under,1,2,1,3,4,0,0,0,1,0,0,0,1,3,0
NUSCTX,10,70815,002,Intro Human Nutr,Ruth Schrager,under,3,19,4,5,17,3,1,8,6,2,0,2,3,21,4
PACS,127,71820,001,Hr And Global Poli,Annie Fukushima,under,3,6,6,4,4,2,0,0,1,0,0,0,1,5,0
PACS,150,71830,001,Conflict Resolution,Karenjot Bhangoo Randhawa,under,1,5,6,3,1,1,0,0,0,0,0,0,1,5,1
PHILOS,12A,72355,001,Intro To Logic,Justin Bledin; Paolo Mancosu,under,5,9,4,1,4,0,1,0,2,0,0,0,3,3,5
PHILOS,12A,72365,002,Intro To Logic,Erica Klempner; Paolo Mancosu,under,3,5,3,3,3,1,0,1,0,2,0,0,2,5,2
PHILOS,153,72445,001,Chinese Philosophy,Justin Tiwald,under,1,6,9,5,0,0,0,0,2,0,0,0,0,0,0
PHYSICS,7A,73505,001,Scient Engin Phys,Ruza Markov,under,3,9,2,8,11,7,5,7,2,0,2,0,2,0,0
PHYSICS,7C,73585,001,Scient Engin Phys,Timothy Shokair,under,3,6,3,10,7,5,3,3,4,0,2,0,0,0,0
PHYSICS,8A,73610,001,Intro Physics,William Golightly,under,10,14,9,17,17,15,12,12,9,0,2,2,4,0,4
PHYSICS,8B,73705,001,Intro Physics,Terrence Buehler,under,4,26,16,23,19,24,15,23,15,0,3,0,4,0,1
PHYSICS,137A,73835,001,Quantum Mechanics,Charles Wohl,under,2,13,6,10,10,5,2,2,6,0,1,0,5,1,1
PLANTBI,C112,74613,001,Gen Microbiology,Kathleen Ryan,under,1,1,1,0,2,2,2,0,0,2,0,0,0,0,0
POL SCI,2,75930,001,Intro Comparat Pol,Michael Fish,under,11,4,8,9,5,3,1,2,1,0,0,0,3,4,0
POL SCI,3,75955,001,Empirical Analysis,Laura Stoker,under,3,6,8,8,12,12,4,5,5,0,2,0,9,0,1
POL SCI,150,76035,001,Amer Legal System,Sean Farhang,under,6,30,16,11,8,5,5,2,0,1,0,0,0,3,0
POL SCI,N164A,76060,001,Psych Of Politics,Laura Stoker,under,9,18,15,11,12,5,3,7,2,1,2,1,7,0,2
PSYCH,1,78205,001,General Psychology,Christopher Gade,under,6,27,17,17,23,19,11,11,10,7,4,0,12,22,5
PSYCH,3,78220,001,How The Brain Works,Natalia Caporale,under,8,18,1,6,5,11,2,5,5,1,3,2,6,25,5
PSYCH,48,78228,001,Brain Development,Natalia Caporale,under,2,9,3,3,0,1,0,2,2,0,0,0,0,3,2
PSYCH,101,78280,001,Res & Data Analysis,Christopher Gade,under,12,17,7,1,3,1,2,1,0,0,0,0,1,0,0
PSYCH,107,78305,001,Buddhist Psychology,Davina Chan,under,14,59,3,1,4,0,1,1,0,0,1,0,0,6,0
PSYCH,110,78315,001,Introd Biol Psych,Natalia Caporale,under,2,14,12,13,15,10,5,8,4,1,2,0,3,3,0
PSYCH,139,78348,001,Clinical Case Study,Janelle Caponigro,under,11,6,5,3,7,2,4,0,0,1,0,0,0,11,5
PSYCH,140,78350,001,Development Psych,Amy Strage,under,34,44,6,5,1,2,0,1,1,0,1,0,0,4,0
PSYCH,C143,78368,001,Lang Acquisition,Melinda Woodley; Susanne Gahl,under,7,6,11,4,2,0,0,1,0,0,1,0,1,2,1
PSYCH,150,78370,001,Personality Psych,Oliver John,under,10,24,8,14,12,7,6,2,2,2,0,0,3,12,4
PSYCH,156,78378,001,Human Emotion,Daniel Cordaro,under,6,8,2,4,5,5,5,3,0,0,0,1,0,7,1
PSYCH,160,78380,001,Social Psychology,Christopher Gade,under,10,21,24,4,7,6,5,4,1,1,2,0,3,9,1
PB HLTH,141,79315,001,Intro Biostat,Maureen Lahiff,under,8,49,19,7,2,1,0,0,0,0,0,0,0,8,0
PB HLTH,150D,79340,001,Intro Hlth Pol Mgt,Joan Bloom,under,13,19,6,5,2,2,0,0,0,0,0,0,0,0,0
PB HLTH,162A,79350,001,Pub Hlth Microbiol,Peter Dailey,under,2,7,7,10,12,7,2,4,0,0,7,0,7,1,2
RHETOR,10,80815,001,Reason And Argument,Amy Jamgochian,under,3,11,2,2,1,1,0,0,0,0,0,0,1,2,1
RHETOR,130,80875,001,Novel Into Film,Eileen Jones,under,2,2,2,1,1,1,0,0,0,0,0,0,1,1,0
SCANDIN,R5B,82020,101,Reading & Comp,Elisabeth Ward,under,2,4,3,1,1,2,0,0,0,0,0,0,0,0,0
SOC WEL,10,82605,001,Intro To Sw/World,Jill Berrick,under,3,5,2,3,6,2,1,1,0,0,0,0,0,1,0
SOC WEL,20,82610,001,Confronting,Jennifer Lawson; Jill Berrick,under,1,5,3,1,1,2,2,1,1,0,0,1,0,3,1
SOC WEL,110,82635,001,Soc Wk As A Prof,Luna Calderon,under,3,13,11,10,3,4,0,0,0,0,0,0,0,0,0
SOC WEL,112,82655,001,Soc Welfare Policy,Charlie Ferguson,under,3,11,6,8,8,3,4,0,0,2,1,0,1,0,1
SOC WEL,116,82685,001,Current Topics,Jill Berrick; Kelly Whitaker,under,5,6,2,2,0,0,1,0,1,1,0,0,0,0,0
SOC WEL,148,82690,001,Sub Abuse Trmt,Amanda Reiman,under,1,17,8,6,4,3,0,1,1,0,0,0,0,2,0
SOC WEL,175AC,82700,001,Dialogue Diversity,Valerie Edwards,under,3,5,1,2,0,1,1,0,1,0,0,0,0,4,1
SOCIOL,C115,83235,001,Soc Of Hlth & Med,Zita Barrueto,under,1,2,1,2,2,2,0,0,0,0,0,0,1,0,0
SOCIOL,130,83245,001,Soc Inequalities,Szonja Ivester,under,1,14,18,5,3,1,2,0,1,1,0,0,0,0,0
SOCIOL,140,83260,001,Polit & Soc Change,Laleh Behbehanian,under,2,10,9,5,2,1,1,0,0,0,0,0,1,4,1
SOCIOL,152,83265,001,Deviance & Soc Cont,Laura Enriquez; Nicholas Adams,under,1,5,9,4,6,1,0,1,1,0,0,0,1,1,0
SOCIOL,160,83270,001,Sociol Of Culture,Jill Bakehorn,under,1,4,4,2,6,2,1,2,1,0,0,0,2,2,1
SOCIOL,167,83275,001,Virtual Communities,Timothy King,under,4,16,7,9,2,0,1,2,0,0,0,0,0,5,1
SOCIOL,190,83280,001,Sem & Res In Sociol,Dylan Riley,under,1,5,2,0,4,3,2,0,2,1,1,0,1,0,0
"S,SEASN",120,83805,001,"Topics S,Seasn",Maria Barrios-Leblanc,under,5,12,1,0,0,1,0,0,0,0,0,0,0,0,0
SPANISH,N4,84540,001,Intermed Spanish,Victoria Robertson,under,3,7,2,0,0,0,1,0,0,0,0,0,0,5,0
SPANISH,135,84580,001,Hispanic Literature,Ana Mateos,under,1,3,3,1,2,1,0,0,0,0,0,0,0,0,0
SPANISH,135,84585,003,Hispanic Literature,Laura Garcia-Moreno,under,1,7,7,4,1,1,0,0,0,0,0,0,0,0,1
STAT,2,85230,001,Intro To Stat,Michael Wong,under,1,11,8,8,6,6,10,13,2,0,1,0,4,4,5
STAT,20,85250,001,Intro Prob Stat Cal,Philip Stark; Tessa Childers-Day,under,3,7,8,3,14,5,5,10,5,0,0,0,1,0,0
STAT,W21,85265,001,Intro Prob Stat Bus,Shobhana Murali Stoyanov,under,25,57,43,36,37,16,9,6,2,1,1,0,67,0,10
STAT,133,85300,001,Computing Data,Victoria Stodden,under,5,6,10,3,1,1,1,0,0,0,0,0,1,4,1
STAT,134,85310,001,Concepts Of Prob,Michael Leong,under,1,9,11,2,11,2,2,11,3,1,2,0,8,5,3
STAT,135,85325,001,Concepts Of Stat,Philip Labo,under,1,0,8,4,12,8,0,3,0,0,0,0,2,3,1
STAT,155,85340,001,Game Theory,Benoit Dherin,under,1,18,0,1,17,4,2,7,0,2,0,0,5,1,0
THEATER,R1B,86010,001,Performce & Writing,Brandi Catanese; Ivan Ramos,under,1,2,1,1,0,0,1,0,0,0,2,0,2,1,0
THEATER,N10,86015,001,Intro To Acting,John Fisher,under,2,11,3,1,0,0,0,0,0,0,0,0,0,1,0
THEATER,25AC,86030,001,Drama Of Am Culture,Joanne Taylor,under,1,10,1,2,2,0,0,0,0,0,0,0,0,1,0
THEATER,113A,86035,001,Irish Theater,Charlotte Mcivor; J Christine Nicholson,under,6,7,3,2,0,0,0,0,0,0,0,0,0,1,0
VIS STD,185X,86505,001,Word And Image,Katie Hawkinson,under,3,9,6,2,1,0,0,0,0,0,0,0,0,1,0
VIS STD,187A,86520,001,Freehand Drawing,Katie Hawkinson,under,5,4,3,1,0,0,1,0,0,0,0,0,0,1,0
AFRICAM,R1AN,10105,001,R & C Sum Bdg,Lindsey Herbert,under,0,3,4,4,3,1,1,0,0,0,0,0,0,0,0
AFRICAM,R1B,10110,001,Freshmn Composition,Aparajita Nanda,under,0,3,3,0,1,2,0,1,0,0,0,0,1,1,0
AFRICAM,R1B,10120,002,Freshmn Composition,Aparajita Nanda,under,0,4,3,2,1,4,0,0,0,0,0,0,0,0,0
AFRICAM,R1B,10130,003,Freshmn Composition,Aparajita Nanda,under,0,2,3,3,0,1,3,1,0,0,0,0,1,0,0
AFRICAM,39D,10160,001,Fresh/Soph Seminar,Cara Stanley,under,0,2,3,3,1,3,1,2,0,0,0,0,0,1,0
AFRICAM,39E,10165,001,Fresh/Soph Seminar,John Patton,under,0,1,3,4,3,4,0,0,0,0,0,0,0,3,0
AFRICAM,W111,10170,001,"Race, Class & Gen",Stephen Small,under,0,11,15,9,4,5,0,4,0,0,0,0,3,20,3
AFRICAM,139,10185,001,Sel Top:Africam Soc,Jarvis Givens; Nailah Suad-Bakari,under,0,3,11,2,0,0,2,0,1,0,0,0,0,0,0
AFRICAM,159,10190,001,Spec Top Afam Lit,Frederick Vincent,under,0,8,2,0,0,0,0,0,0,0,0,0,0,1,0
AFRICAM,159,10200,003,Spec Top Afam Lit,Brandi Catanese; Christina Bush,under,0,4,2,3,2,0,1,2,0,0,0,0,0,4,0
AMERSTD,181B,11510,001,Visual Culture,Leigh Raiford,under,0,5,2,1,1,3,1,1,0,0,6,1,5,15,0
AMERSTD,182G,11515,001,Alcatraz,Christopher Petrella; Kathleen Moran,under,0,6,1,2,3,2,0,2,0,0,0,0,1,8,2
AMERSTD,188C,11525,001,Food Culture In Us,Catherine Covey,under,0,16,5,3,1,3,1,2,1,0,3,0,5,15,7
AMERSTD,188D,11530,001,Sf Detectives,Justin Gomer,under,0,7,0,0,1,0,0,0,0,0,1,0,7,10,0
AMERSTD,188J,11555,001,Comic Book Nation,Michael Cohen,under,0,16,1,0,3,0,0,3,0,0,1,0,2,7,1
AMERSTD,188K,11560,001,American Horrors,Michael Cohen; William Hutson,under,0,8,4,1,1,1,0,1,0,1,1,0,3,9,3
ANTHRO,2AC,12125,001,Intro Archaeology,Kimberly Christensen,under,0,6,3,2,3,0,0,0,0,0,1,0,0,3,0
ANTHRO,3,12165,001,Intro Soc/Cult Anth,Mariane Ferme,under,0,10,7,3,0,3,0,0,0,0,0,0,0,0,0
ANTHRO,R5B,12220,004,Reading & Comp,Janelle Lamoreaux; Mary Berry,under,0,7,3,4,0,0,0,0,0,0,0,0,1,0,0
ANTHRO,162AC,12300,001,Topics In Folklore,Jo Conrad,under,0,3,3,2,2,1,1,2,0,0,0,0,1,1,2
ARABIC,30,13015,001,Intermed Arabic,Nasser Al-Khoury,under,0,6,1,1,0,2,0,0,0,0,0,0,0,1,0
ARCH,100B,13305,001,Fund Of Arch Design,Darell Fields,under,0,2,4,3,2,1,1,1,0,0,0,0,1,0,0
ARCH,101,13320,001,Case Stds In Arch,Alejandro Salazar-Jasbon,under,0,9,1,3,2,1,0,0,0,0,0,0,0,0,0
ARCH,124A,13360,001,3-D Computer Tech,Aaron Levine,under,0,3,0,2,0,0,0,0,0,0,0,0,0,4,3
ARCH,124A,13365,002,3-D Computer Tech,Aaron Levine,under,0,1,1,3,1,0,0,1,0,0,0,0,3,3,1
ART,102,14040,001,Approaches To Ptng,John Mcnamara,under,0,21,1,0,0,0,0,0,0,0,0,0,0,0,0
ART,119,14055,001,Gpca,Anuradha Vikram,under,0,8,5,0,0,0,1,0,0,0,0,0,0,0,0
ART,N160,14065,001,Found Digital Photo,Noritaka Minami,under,0,6,4,1,1,0,0,0,0,0,0,0,0,2,0
ART,N160,14070,101,Found Digital Photo,Kari Orvik,under,0,15,4,0,0,1,0,0,0,0,0,0,0,4,0
HISTART,R1B,14605,001,Visual Experience,Margaretta Lovell; Samantha Henneberry,under,0,3,3,0,3,0,0,1,0,0,0,0,1,0,0
HISTART,R1B,14630,008,Visual Experience,Jordan Rose,under,0,1,3,3,4,1,2,1,0,0,0,0,2,0,0
HISTART,11,14645,001,Intr To Western Art,Aglaya Glebova; Andrew Stewart,under,0,2,5,4,5,3,1,1,0,0,0,0,6,4,3
HISTART,108,14653,001,Cities And The Arts,Kailani Polzak; Margaretta Lovell,under,0,4,1,2,1,0,1,1,1,0,0,0,1,1,0
HISTART,N182,14655,001,Hist Of Photography,Justin Underhill,under,0,7,5,3,6,1,0,0,0,1,0,0,0,7,1
HISTART,187AC,14660,001,American Art/Ac,Edwin Harvey; Margaretta Lovell,under,0,2,5,3,4,5,0,0,0,0,1,0,3,5,0
ASAMST,R2A,15205,002,Reading&Composition,Anna Leong; Julie Underhill,under,0,2,1,1,2,1,1,0,0,1,0,0,0,1,0
ASTRON,W12,16335,001,The Planets,Burkhard Militzer,under,0,8,7,2,3,5,2,3,1,0,0,0,6,35,9
BUDDSTD,154,17955,001,Death Dreams Vision,Jacob Dalton,under,0,1,5,3,2,0,0,0,0,0,0,0,0,1,0
UGBA,101A,18105,001,Microeconomic Analy,Thomas Mccullough,under,0,5,3,9,5,3,5,3,0,0,0,0,1,3,0
UGBA,101B,18115,001,Macroeconomics,Steven Wood,under,0,8,11,21,13,11,12,4,4,0,1,4,6,9,9
UGBA,102A,18130,001,Intro Fin Account,Suneel Udpa,under,0,11,23,11,5,2,3,0,0,0,0,0,1,4,0
UGBA,102A,18140,002,Intro Fin Account,Suneel Udpa,under,0,9,18,6,8,2,5,3,0,0,0,0,0,8,0
UGBA,103,18200,001,Intro To Finance,John Gonzales,under,0,25,17,9,16,5,4,3,5,0,1,0,2,9,14
UGBA,105,18220,001,Intro Org Behavior,Holly Schroth,under,0,8,5,3,6,1,3,0,0,2,0,0,0,2,0
UGBA,106,18240,003,Marketing,David Robinson,under,0,5,5,3,13,3,4,6,5,0,4,0,2,7,2
UGBA,106,18245,004,Marketing,David Robinson,under,0,4,4,10,3,4,11,5,5,0,3,0,0,4,1
UGBA,107,18255,001,Soc & Pol Eth Env,Alan Ross,under,0,11,9,7,3,4,1,0,0,0,0,0,0,7,1
UGBA,118,18260,001,International Trade,John Gonzales,under,0,7,3,5,5,7,4,2,1,0,1,0,3,7,0
UGBA,118,18270,002,International Trade,Steven Wood,under,0,3,5,8,5,5,4,10,2,0,1,0,1,8,2
UGBA,127,18325,002,Spec Topics In Acct,Satyaraj Berde,under,0,4,1,1,0,1,0,0,0,0,0,0,0,5,0
UGBA,127,18340,005,Spec Topics In Acct,Wendell Hutchinson,under,0,3,2,1,3,1,1,0,0,0,0,0,0,7,0
UGBA,132,18360,001,Fin Instit & Mrkts,Samuel Olesky,under,0,6,8,6,8,8,0,3,3,1,0,0,0,7,0
UGBA,136F,18390,001,Behavioral Finance,Konstantin Magin,under,0,7,0,0,14,0,0,1,0,0,0,0,1,8,0
UGBA,137,18395,001,Spec Topics In Fin,Konstantin Magin,under,0,1,1,0,20,0,0,0,0,0,0,0,0,4,1
UGBA,151,18400,001,Mgmt Human Resourcs,Brenda Fellows,under,0,4,7,1,0,4,5,4,2,0,0,0,1,29,0
UGBA,152,18405,001,Negotiation,Cort Worthington,under,0,10,8,2,2,0,0,0,0,0,2,0,0,9,0
UGBA,160,18410,001,Consumer Behavior,William Fanning,under,0,7,6,9,6,11,5,7,1,1,0,0,2,4,1
UGBA,162,18415,001,Brand Mgt&Strategy,Judy Hopelain,under,0,11,9,9,1,2,0,0,0,0,0,0,1,2,0
UGBA,165,18420,001,Advertise Strategy,William Fanning,under,0,9,6,15,6,2,1,7,2,1,0,0,0,11,4
UGBA,175,18425,001,Legal Aspects,Alan Ross,under,0,5,4,5,8,0,3,4,0,0,0,0,1,4,1
UGBA,190T,18440,001,Topics Innov/Design,Omar Romero-Hernandez,under,0,4,3,1,1,3,0,0,0,0,0,0,2,10,2
UGBA,191C,18445,001,Comm For Leaders,Ericka Lutz,under,0,3,19,10,2,1,0,0,0,0,0,0,2,9,0
UGBA,192T,18460,001,Topics In Csr,Omar Romero-Hernandez,under,0,3,2,1,2,1,0,0,0,0,0,0,1,19,0
CHEM,N3AL,21105,001,Organic Chem Lab,Steven Pedersen,under,0,176,102,25,2,1,0,1,0,0,2,0,0,1,1
CHICANO,135C,24315,001,Latino Doc Film,Raymond Telles,under,0,32,6,1,3,0,0,0,0,0,0,0,0,2,0
CHINESE,1,24505,001,Elem Chinese Intens,Damien Donnelly; Shao Wen Song,under,0,5,4,2,1,0,0,0,0,0,0,0,0,3,0
CHINESE,105,24540,001,Business Chinese,I-Hao Li,under,0,15,10,2,0,0,0,0,0,0,0,0,0,0,0
CLASSIC,10A,25505,001,Intro Greek Civ,Yasmin Syed,under,0,11,5,1,1,1,1,0,0,0,0,0,1,5,0
CLASSIC,10B,25515,001,Intro Roman Civ,Dylan Sailor; Jared Hudson,under,0,2,4,5,2,0,0,1,0,0,0,0,1,1,0
CLASSIC,28,25525,001,Classic Myths,Anthony Bulloch,under,0,10,15,6,5,1,1,0,0,0,0,0,0,5,3
COG SCI,N1,26105,001,Intro To Cog Sci,Paul Li,under,0,6,9,8,6,3,0,2,0,0,0,1,2,5,0
COG SCI,C101,26110,001,Mind And Language,Line Mikkelsen; Matthew Goss,under,0,2,1,2,3,2,0,1,0,0,0,0,2,0,1
COG SCI,C103,26120,001,History Of Info,Blake Johnson,under,0,4,0,3,3,2,0,0,1,0,0,0,0,2,0
COLWRIT,R1A,26505,001,College Writing 1a,Mary Grover,under,0,2,2,1,3,0,1,2,0,0,0,0,1,0,0
COLWRIT,6G,26547,101,Esl Digital Writing,Amanda Fox; Margi Wald,under,0,7,0,2,0,0,0,0,0,0,0,0,0,3,0
COLWRIT,6H,26548,101,Esl Writing,Margi Wald; Teri Crisp,under,0,5,5,1,0,0,0,0,0,0,0,0,0,6,0
COLWRIT,6H,26549,102,Esl Writing,Katie Manchester Ha; Margi Wald,under,0,7,5,0,0,0,0,0,0,0,0,0,0,4,0
COLWRIT,8,26675,002,Engl As Second Lang,Ivona Xiezopolski; Margi Wald,under,0,3,5,0,1,1,1,1,0,0,0,0,0,1,0
COLWRIT,8,26680,003,Engl As Second Lang,Margi Wald; Peter Vahle,under,0,3,3,2,3,0,0,0,0,0,0,0,1,4,0
COLWRIT,8,26685,004,Engl As Second Lang,Gabriela Segade; Margi Wald,under,0,2,3,4,5,0,0,0,0,0,0,0,1,2,0
COLWRIT,8,26690,005,Engl As Second Lang,Chisako Asakawa; Margi Wald,under,0,2,3,4,1,0,0,0,1,0,0,0,0,3,0
COLWRIT,8,26695,006,Engl As Second Lang,Jill Bond; Margi Wald,under,0,2,1,1,2,1,1,0,0,0,0,0,3,4,0
COLWRIT,8,26705,008,Engl As Second Lang,Joyce Podevyn; Margi Wald,under,0,1,3,1,0,1,2,0,1,0,0,0,0,1,1
COLWRIT,8,26710,009,Engl As Second Lang,David Skolnick; Margi Wald,under,0,5,5,0,0,0,0,0,0,0,0,0,0,8,0
COLWRIT,8,26720,011,Engl As Second Lang,David Frasca; Margi Wald,under,0,6,0,4,4,0,1,1,0,0,0,0,0,2,0
COLWRIT,8,26730,013,Engl As Second Lang,Margi Wald; Thomas Mcnichol,under,0,4,6,0,1,1,0,0,0,0,0,0,0,5,0
COLWRIT,9A,26760,001,Esp Acad Research,Chisako Asakawa; Margi Wald,under,0,2,2,3,2,0,0,1,1,0,0,0,0,6,0
COLWRIT,9B,26765,001,Esp Acad Vocab,James Seger; Margi Wald,under,0,14,0,0,0,0,0,0,0,0,0,0,0,1,0
COLWRIT,9C,26790,002,Esp Acad Writing,Margi Wald; Nancy Hunt,under,0,9,2,0,0,0,0,0,0,0,0,0,0,3,0
COLWRIT,9C,26795,003,Esp Acad Writing,Candace Khanna; Margi Wald,under,0,2,3,3,0,2,0,1,0,0,0,0,0,2,0
COLWRIT,9C,26800,004,Esp Acad Writing,Jason Sofianos; Margi Wald,under,0,8,3,0,0,0,0,0,0,0,0,0,0,4,0
COLWRIT,9D,26813,001,Esp Broadwy Musical,David Frasca; Margi Wald,under,0,3,5,4,3,1,1,0,0,0,0,0,0,4,0
COLWRIT,9E,26820,002,Esp Business Engl,Margi Wald; Nancy Hunt,under,0,15,1,0,0,0,0,0,0,0,0,0,0,1,0
COLWRIT,9E,26825,003,Esp Business Engl,James Seger; Margi Wald,under,0,11,0,0,0,0,0,0,0,0,0,0,0,4,0
COLWRIT,9F,26845,003,Esp Business Speak,Margi Wald; Peter Vahle,under,0,1,2,6,4,2,0,0,0,0,0,0,0,0,0
COLWRIT,9G,26850,001,Esp Consumerism,Katie Manchester Ha; Margi Wald,under,0,8,6,1,1,1,0,0,0,0,0,0,0,1,0
COLWRIT,9I,26865,001,Esp Conflict Res,Barrie Roberts; Margi Wald,under,0,14,3,0,0,0,0,0,0,0,0,0,0,1,0
COLWRIT,9I,26870,002,Esp Conflict Res,Margi Wald; Melody Noll,under,0,3,2,2,1,2,0,0,0,0,0,0,1,4,0
COLWRIT,9L,26905,001,Esp Engl Thru Film,Jeff Mcclelland; Margi Wald,under,0,2,9,3,1,0,0,0,0,0,0,0,1,1,0
COLWRIT,9L,26910,002,Esp Engl Thru Film,Candace Khanna; Margi Wald,under,0,1,3,3,6,0,1,0,0,0,0,0,1,1,0
COLWRIT,9M,26920,001,Esp Engl Thru Lit,Margi Wald; Sybil Marcus,under,0,4,8,3,1,1,0,0,0,0,0,0,0,1,0
COLWRIT,9N,26930,001,Esp Legal English,Margi Wald; Robert Downey,under,0,4,4,3,0,0,0,0,0,0,0,0,1,5,0
COLWRIT,9R,26945,001,Esp Oral Present,Jeff Mcclelland; Margi Wald,under,0,5,4,7,0,0,0,0,0,0,0,0,1,0,0
COLWRIT,9S,26960,001,Esp Pronunciation,Margi Wald; Melody Noll,under,0,4,2,3,2,3,0,0,0,0,0,0,0,0,0
COLWRIT,9U,26985,001,Esp Tv Culture Comm,Katie Manchester Ha; Margi Wald,under,0,6,5,2,0,0,0,0,0,0,0,0,0,3,0
COLWRIT,9U,26990,002,Esp Tv Culture Comm,Margi Wald; Thomas Mcnichol,under,0,8,4,0,0,0,0,0,1,0,1,0,1,2,0
COLWRIT,140A,27015,001,Read Creative Writ,James Mattson,under,0,14,0,0,0,0,0,1,0,0,0,0,0,0,0
COLWRIT,140A,27025,003,Read Creative Writ,Catherine Oakes,under,0,6,1,0,0,0,0,0,0,0,0,0,0,4,0
COLWRIT,140B,27040,003,Sem-Wksp Creat Writ,Faith Adiele,under,0,6,1,0,0,0,0,0,0,0,0,0,0,4,0
COLWRIT,141,27048,001,Wkspcreatwrit:Novel,Benjamin Hale,under,0,9,0,0,0,0,0,0,0,0,0,0,0,3,0
COLWRIT,141,27049,002,Wkspcreatwrit:Novel,David Lau,under,0,10,0,0,0,0,0,0,0,0,0,0,0,2,0
COLWRIT,6B,27095,101,Esl Academic Vocab,Amanda Fox; Margi Wald,under,0,6,3,3,0,1,0,0,0,1,0,1,0,4,0
COLWRIT,6B,27100,102,Esl Academic Vocab,Margi Wald; Teri Crisp,under,0,13,2,0,0,0,0,0,0,0,0,0,0,3,0
COLWRIT,6A,27105,101,Esl Acad Speaking,Harry Seng; Margi Wald,under,0,1,0,2,4,2,1,3,0,0,0,0,0,4,0
COLWRIT,6A,27125,103,Esl Acad Speaking,Ellen Rosenfield; Margi Wald,under,0,13,3,0,0,0,0,0,0,0,0,0,0,2,0
COLWRIT,6F,27130,103,Esl Listen Speak,Margi Wald; Michelle Baptiste,under,0,15,1,1,0,0,0,0,0,0,0,0,0,3,0
COM LIT,N60AC,27915,001,Lit Amer Cultures,Jessie Hock; Robert Kaufman,under,0,7,1,1,3,2,0,0,1,0,0,0,0,2,2
COM LIT,N60AC,27920,002,Lit Amer Cultures,Laura Wagner; Robert Kaufman,under,0,8,1,2,0,1,0,0,0,0,0,0,1,3,0
EPS,W12,30905,001,The Planets,Burkhard Militzer,under,0,3,5,2,0,0,0,2,0,0,0,0,0,15,5
EPS,80,30920,001,Environ Earth Sci,Stephen Andrews,under,0,4,2,5,4,3,2,3,1,0,0,0,6,16,1
EPS,80,30928,003,Environ Earth Sci,Stephen Andrews,under,0,4,7,5,2,1,1,0,0,1,0,0,0,9,1
EPS,N82,30930,001,Intro To Oceans,Rebecca Verity,under,0,12,0,0,6,0,0,2,0,0,4,0,0,17,4
EPS,N82,30935,002,Intro To Oceans,Jim Pettigrew,under,0,16,0,0,15,0,0,6,0,0,2,0,3,22,6
ECON,100A,32050,001,Micro Analysis,Scott Carson,under,0,37,15,16,20,17,11,8,8,6,2,2,8,7,4
ECON,N110,32110,001,Game Theory Soc Sci,David Romer; Youssef Benzarti,under,0,11,11,10,8,2,4,5,0,0,0,0,4,5,2
ECON,140,32130,001,Econometrics,Scott Carson,under,0,33,15,13,12,10,10,1,5,0,2,2,3,0,1
EDUC,N40AC,33303,001,Experiencing Educ,Hodari Toure,under,0,24,23,0,0,0,0,0,0,0,0,0,1,0,0
EDUC,183,33345,001,High School In Amer,Daniel Perlstein,under,0,7,2,1,1,2,0,0,0,0,0,0,0,0,0
ENGIN,120,36835,001,Prin Of Engr Econom,Ilan Adler,under,0,12,13,17,16,7,4,3,0,0,0,0,3,2,1
MEC ENG,191K,39890,001,Prof Communication,Marcel Kristel,under,0,13,1,2,0,0,0,0,0,0,0,0,0,1,0
ENGLISH,N1A,41505,001,Reading And Comp,Susan Schweik; Wendy Xin,under,0,4,1,4,2,0,0,1,0,0,0,0,1,0,0
ENGLISH,R1AN,41520,001,1st-Yr Read & Comp,Luisa Giulianetti,under,0,2,1,5,6,3,0,0,0,0,0,0,0,0,0
ENGLISH,N1B,41525,001,1st-Yr Read & Comp,Adrian Acu; Susan Schweik,under,0,2,1,2,1,2,0,0,0,0,0,0,1,1,1
ENGLISH,N125D,41570,001,20th Century Novel,Donna Jones,under,0,1,2,6,10,9,3,1,0,0,0,0,2,8,2
ENGLISH,N135,41580,001,Lit Amer Cultures,Genaro Padilla,under,0,6,9,13,1,0,0,0,0,0,0,0,1,2,0
ENGLISH,N141,41585,001,Modes Of Writing,Melanie Chandra,under,0,9,21,13,4,0,0,0,0,0,0,0,1,2,0
ENGLISH,N166,41590,001,Special Topics,Hertha Wong,under,0,8,7,5,2,0,2,0,0,0,0,0,0,1,0
ENGLISH,N180A,41600,001,Autobiography,Hertha Wong,under,0,4,4,6,2,1,0,0,1,0,0,0,0,0,0
ENV DES,11A,42135,001,Intro Vis Rep Draw,Michelle Chang,under,0,1,3,1,3,1,0,0,0,0,1,0,0,1,0
ENV DES,11B,42150,001,Intro To Design,Raveevarn Choksombatchai,under,0,4,2,5,4,1,0,0,1,0,0,0,0,0,1
ESPM,50AC,43105,001,Intro Cult/Res Mgt,Kenneth Worthy,under,0,22,4,7,2,2,1,0,2,0,0,0,7,9,1
ESPM,105A,43155,001,Sierra Nevada Ecol,Kevin O'Hara,under,0,12,14,8,4,2,0,0,0,0,0,0,0,0,0
ESPM,105D,43170,001,For Mgmt & Assess,Kevin O'Hara,under,0,16,13,11,0,0,0,0,0,0,0,0,0,0,0
ETH STD,101A,43845,001,Soc Sci Methods,Joshua Troncoso,under,0,2,3,5,0,0,1,0,1,0,0,0,1,0,0
ETH STD,136,43885,001,Immigrant Women,Joanne Rondilla,under,0,6,2,3,0,2,0,0,0,0,0,0,1,1,0
ETH STD,144AC,43890,001,Racism And U.S. Law,Michael Chang,under,0,3,2,1,1,0,0,0,0,0,0,0,0,3,0
FILM,R1B,44805,001,Writing-Film Focus,Jeffrey Skoller; Sanjay Hukku,under,0,1,2,2,1,0,0,1,1,0,1,1,2,0,0
FILM,25A,44825,001,History Of Film,Jeffrey Skoller; Patrick Ellis,under,0,3,6,2,1,0,1,1,0,0,0,1,1,1,1
FILM,100,44845,001,Film Theory,Kristopher Fallon,under,0,2,4,1,7,7,3,1,0,0,1,0,0,1,0
FRENCH,1,45405,001,Elementary French,Jeffrey Kezman; Seda Chavdarian,under,0,3,0,2,0,1,0,1,1,0,0,0,0,2,0
FRENCH,1,45410,002,Elementary French,Seda Chavdarian; Zane Burris,under,0,7,0,1,0,0,0,0,0,0,0,0,0,3,0
FRENCH,R1B,45425,002,Eng Com With Fr Lit,Debarati Sanyal; Travis Wilds,under,0,6,4,1,1,1,0,0,0,0,0,0,0,0,0
FRENCH,4,45440,001,Adv Int French,Desiree Pries; Olga Sylvia,under,0,4,1,1,1,2,0,0,0,1,0,0,0,1,0
FRENCH,35,45465,001,Prac Phon Listn Com,David Rafoni; Richard Kern,under,0,4,1,1,3,0,0,0,0,0,0,0,0,5,0
GWS,14,46005,001,Gen Sex Rac Glo Pol,Laura Fantone,under,0,4,0,1,2,3,0,0,0,0,0,0,1,2,0
GWS,50AC,46010,001,Gender In Amer Cult,Christine Quinan,under,0,9,7,5,0,0,0,0,0,0,0,0,1,5,0
GEOG,1,46605,001,Global Environmt Ch,James Wanket,under,0,3,6,4,3,1,1,2,0,0,0,0,1,2,0
GERMAN,1,47210,002,Elementary German 1,Nikolaus Euba; Tara Hottman,under,0,8,4,2,1,0,0,0,0,0,0,0,1,1,0
GERMAN,2,47220,001,Elementary German 2,Erik Born; Nikolaus Euba,under,0,4,4,1,1,1,0,0,0,0,0,0,0,4,1
GERMAN,3,47235,001,Intermed German I,Nikolaus Euba; Seth Meyer,under,0,3,4,0,0,0,0,0,0,0,0,0,0,3,0
GERMAN,R5B,47255,001,Reading And Comp,Estelle Tarica; Melissa Etzler,under,0,7,4,3,1,1,0,0,2,0,0,0,0,0,1
GERMAN,R5B,47260,002,Reading And Comp,Courtney Johnson; Estelle Tarica,under,0,2,9,2,1,1,2,0,0,0,0,0,0,1,0
GERMAN,R5B,47265,003,Reading And Comp,Estelle Tarica; Mason Allred,under,0,4,7,0,4,1,1,0,0,0,0,0,0,0,0
GREEK,15,47905,001,The Greek Workshop,David Crane; Giovanni Ferrari,under,0,5,3,1,1,2,0,0,0,0,0,0,0,14,0
HISTORY,7B,48920,001,The Us Civ War Pres,Robert Chester,under,0,6,6,6,5,3,1,2,1,0,0,0,1,7,2
HISTORY,N109C,48983,001,Mid East 1750-Pres,Geoff Hamm,under,0,6,4,2,1,0,0,0,0,0,0,0,0,1,1
HISTORY,N119A,48985,001,Postwar Japan,Andrew Barshay,under,0,8,5,0,3,2,0,0,0,0,0,0,0,7,0
HISTORY,N124A,48995,001,U.S. Late 19th-1940,Gabriel Milner,under,0,3,1,3,1,1,1,0,0,0,0,0,0,2,0
HISTORY,N124B,49000,001,U.S. Wwii-Vietnam,Mackenzie Moore,under,0,2,2,3,4,1,0,0,2,1,0,0,3,0,0
HISTORY,127AC,49005,001,California,Robert Chester,under,0,2,4,1,7,0,1,1,0,0,0,0,2,5,0
HISTORY,N131B,49010,001,U.S. Social History,Christopher Shaw,under,0,5,3,1,4,1,3,1,1,0,0,0,2,3,2
HISTORY,N151C,49020,001,"Britain, 1848-2000",John Corbally,under,0,2,5,3,2,1,2,0,0,0,0,0,1,1,2
HISTORY,N158C,49025,001,Europe 1914-Pres,David Wetzel,under,0,11,13,3,7,3,0,0,0,0,0,0,1,7,0
HISTORY,C192,49035,001,History Of Info,Blake Johnson,under,0,1,3,4,2,0,0,0,0,0,0,0,1,3,1
INFO,153,49810,001,Web Arch & Inf Mgt,Dhawal Mujumdar; Philipp Gutheim,under,0,5,8,9,5,2,1,1,0,0,0,0,0,7,0
INTEGBI,87,50405,001,Intro Res Meth Bio,Lisa Margerum,under,0,12,0,1,0,0,0,0,0,0,0,0,0,4,1
INTEGBI,116L,50470,001,Medical Parasit,Judith Sakanari,under,0,18,11,5,6,1,2,0,0,0,0,0,0,0,0
INTEGBI,117LF,50495,002,Med Ethnobotany Lab,Kevin Tam; Thomas Carlson,under,0,8,0,3,3,1,2,4,0,0,2,0,0,0,0
INTEGBI,117LF,50505,004,Med Ethnobotany Lab,Brittany Ng; Thomas Carlson,under,0,10,6,1,2,0,2,0,1,0,0,1,0,1,0
INTEGBI,C129L,50525,001,Human Physiol Assmt,Sue Johannessen,under,0,7,0,4,4,4,0,0,0,0,0,0,0,0,0
INTEGBI,131L,50545,002,Human Anatomy Lab,Sargis Pogosjans; Thomas Carlson,under,0,2,3,5,4,1,3,0,1,0,0,0,0,0,0
INTEGBI,131L,50550,003,Human Anatomy Lab,Sarah Werning; Thomas Carlson,under,0,8,5,2,2,1,2,0,0,0,0,0,0,0,1
INTEGBI,132L,50565,001,Mammal Physiol Lab,Chi-An Emhoff; Nicholas Orozco,under,0,4,6,4,6,0,0,0,0,0,0,0,0,0,0
INTEGBI,132L,50570,002,Mammal Physiol Lab,Alexander Chow; Chi-An Emhoff,under,0,6,7,4,2,2,0,0,0,1,0,0,0,0,0
ISF,100A,51505,001,Soc Thry Cult Anlys,Rakesh Bhandari,under,0,12,2,4,3,1,3,0,0,1,0,0,0,2,0
ISF,100F,51515,001,Theoriz Modrn Capit,Rakesh Bhandari,under,0,6,0,2,1,1,1,0,0,0,0,0,0,0,0
ISF,W187,51525,002,Exprientl Lm Org Ct,Joel Clark,under,0,22,4,2,1,0,0,0,0,0,0,0,1,12,5
ISF,W187,51530,003,Exprientl Lm Org Ct,Joel Clark,under,0,18,3,0,0,0,0,0,0,0,0,0,0,15,1
ISF,W187,51540,005,Exprientl Lm Org Ct,Joel Clark,under,0,7,1,0,0,0,0,0,0,0,0,0,2,4,6
IAS,45,51905,001,Survy World History,Joseph Bohling,under,0,9,6,6,10,4,7,5,1,1,0,0,2,0,0
IAS,106,51910,001,Inter Micro Theory,Calanit Kamala,under,0,6,3,11,7,2,1,0,0,0,1,0,0,0,0
IAS,120,51923,002,Selected Topics,Scott Bailey,under,0,4,3,4,2,1,2,0,0,0,0,0,1,19,0
IAS,150,51925,001,Adv Std In Ias,Tamirace Al Fakhoury Muehlbacher; Tara Graham,under,0,3,5,1,2,0,0,0,0,0,0,0,0,7,0
ITALIAN,70,52530,001,Italian Cinema,Albert Ascoli; Luis Valladares,under,0,5,2,2,0,0,0,0,0,0,0,0,0,1,0
JAPAN,10,53035,001,Inter Japan Intens,Ikuko Yuasa; Yuriko Caltabiano,under,0,4,1,2,1,1,0,0,0,0,0,0,0,4,1
JAPAN,100,53045,001,Adv Japanese Intens,Kayoko Imagawa; Noriko Knickerbocker,under,0,6,0,1,1,1,0,1,0,0,0,0,0,0,0
LD ARCH,130,54510,001,Sustain Landscapes,Kimberlee Stryker,under,0,20,6,4,2,1,0,0,0,0,0,0,0,2,0
LD ARCH,131,54513,001,Implem Sustain Land,Kimberlee Stryker,under,0,9,0,0,0,0,0,0,0,0,0,0,0,1,0
LEGALST,104AC,56105,001,Youth Just & Cult,Michael Musheno,under,0,6,5,8,8,2,1,3,3,0,0,0,0,2,1
LEGALST,132AC,56135,001,Immgrtn & Citiznshp,Letitia Volpp,under,0,5,4,3,5,3,0,0,0,0,0,0,0,1,0
LEGALST,160,56150,001,Punishment Cult Soc,Elizabeth Brown,under,0,5,5,4,2,0,0,1,0,0,0,0,0,2,1
LEGALST,177,56165,001,Am Legal Const Hist,Robert Brown,under,0,3,2,5,0,1,0,1,0,0,0,0,0,0,0
LEGALST,182,56180,001,"Law, Politics & Soc",Malcolm Feeley,under,0,3,9,9,5,1,3,1,1,0,0,0,3,4,0
LEGALST,189,56195,001,Feminist Jurisprud,Kathryn Abrams,under,0,5,3,4,2,1,1,0,2,0,0,0,0,0,0
LINGUIS,5,57010,001,Lang & Linguistics,Elise Stickles; Line Mikkelsen,under,0,4,0,2,2,1,0,1,0,0,0,0,0,2,0
LINGUIS,100,57040,001,Intro Ling Sci,Clara Cohen,under,0,1,1,0,3,0,0,1,0,0,0,3,0,1,1
MATH,1B,58445,003,Calculus,Arash Farahmand; Francis Christ,under,0,2,0,0,8,0,10,0,9,0,0,0,5,0,1
MATH,16A,58475,002,Anal Geo & Calculus,Brian Stanley; Francis Christ,under,0,4,0,1,6,0,0,8,3,0,4,0,7,0,1
MATH,32,58535,002,Precalculus,Francis Christ; Richard Gibson,under,0,11,6,9,33,12,6,3,1,0,0,0,0,20,0
MATH,53,58570,001,Multivar Calculus,John Deionno,under,0,9,9,0,2,1,1,2,0,0,4,0,4,2,0
MATH,54,58680,006,Lin Alg & Diff Eqns,Francis Christ; Per Stinchcombe,under,0,4,8,5,1,1,0,0,0,0,0,0,0,2,0
MEDIAST,N10,59505,001,Intro To Mass Media,Josh Jackson,under,0,10,10,12,9,7,3,5,1,0,0,0,3,2,0
MEDIAST,C104C,59510,001,History Of Info,Blake Johnson,under,0,1,3,3,0,1,1,0,0,0,0,0,1,0,0
MCELLBI,C112,67373,001,Gen Microbiology,Kathleen Ryan,under,0,3,2,6,4,2,4,0,3,2,2,0,1,2,1
MUSIC,20A,68305,001,Basic Musicianship,Matthew Goodheart,under,0,13,1,2,3,1,0,0,0,0,0,0,2,6,0
MUSIC,20A,68320,004,Basic Musicianship,Robert Yamasato,under,0,12,3,2,1,0,1,0,0,0,0,0,0,2,0
MUSIC,25A,68325,001,Music Theory,Benjamin Brinner; Jennifer Wang,under,0,2,3,0,1,2,0,0,0,0,0,0,0,2,0
NATAMST,R1A,69005,001,"Reading,Composition",Fuifuilupe Niumeitolu; Shari Huhndorf,under,0,5,2,3,0,0,0,0,0,0,0,0,1,0,0
NATAMST,R1B,69035,002,"Reading,Composition",John Dougherty; Shari Huhndorf,under,0,9,3,2,3,1,0,0,0,0,0,0,0,0,0
NUSCTX,10,70805,001,Intro Human Nutr,Mikelle Mccoin,under,0,9,4,5,8,1,2,7,2,1,5,0,2,9,4
NUSCTX,104,70830,001,Hum Food Practices,Kristen Rasmussen,under,0,14,8,4,13,0,2,8,1,1,1,0,5,20,4
PACS,119,71815,002,Special Topics,Julie Shackford-Bradley,under,0,12,5,0,0,1,0,0,0,0,0,0,0,0,0
PACS,119,71818,003,Special Topics,Jerry Sanders,under,0,15,23,0,0,0,0,0,0,0,0,0,0,0,0
PACS,135,71825,001,Regional Conflict,Jerry Sanders,under,0,19,16,1,0,0,0,0,0,0,0,0,0,0,0
PACS,159,71835,001,Con Res Intes Train,Beth Roy,under,0,23,0,0,0,0,0,0,0,0,0,0,0,5,0
PHILOS,2,72305,001,Ind Moral/Soc Just,Brian Berkey,under,0,3,2,4,1,1,2,0,0,0,0,1,0,2,0
PHILOS,2,72315,002,Ind Moral/Soc Just,Brian Berkey,under,0,8,3,3,5,0,2,0,1,0,0,0,1,4,0
PHILOS,3,72335,002,Nature Of Mind,Paolo Mancosu; Umrao Sethi,under,0,3,1,7,9,1,3,0,0,0,0,0,0,3,0
PHILOS,7,72345,001,Exist In Lit/Film,Eugene Chislenko; Paolo Mancosu,under,0,1,1,0,0,2,1,0,0,0,0,0,1,4,1
PHILOS,25A,72375,001,Ancient Philosophy,Derin Mcleod; Paolo Mancosu,under,0,4,1,2,1,3,0,0,0,0,0,0,0,2,0
PHILOS,25A,72385,002,Ancient Philosophy,Brian Berkey,under,0,5,3,3,4,2,1,3,2,0,0,0,2,1,0
PHILOS,25B,72395,001,Modern Philosophy,Timothy Crockett,under,0,2,1,2,2,6,1,1,0,0,0,0,0,3,0
PHILOS,25B,72405,002,Modern Philosophy,Timothy Crockett,under,0,5,11,7,3,1,0,1,0,0,0,0,0,1,1
PHILOS,115,72415,001,Political Philos,Florian Grosser,under,0,5,6,10,6,3,2,3,1,0,1,0,0,2,1
PHILOS,132,72425,001,Philosophy Of Mind,Paul Skokowski,under,0,6,0,10,7,3,3,0,0,0,0,0,1,1,1
PHILOS,133,72435,001,Philo Of Language,Klaus Strelau,under,0,4,5,5,4,2,0,4,0,0,0,0,0,2,0
PHILOS,161,72455,001,Aristotle,Klaus Corcilius,under,0,1,9,2,6,1,0,0,0,1,0,0,1,1,0
PHYS ED,1,72920,102,Pe Activities,Jason Britton,under,0,5,0,0,0,0,0,0,0,0,0,0,0,7,2
PHYS ED,1,72925,201,Pe Activities,Toni Mar,under,0,6,0,0,1,0,0,1,0,0,0,0,0,10,4
PHYS ED,1,72930,202,Pe Activities,Toni Mar,under,0,7,0,0,1,0,0,0,0,0,0,0,0,6,4
PHYS ED,1,72940,204,Pe Activities,Richard Morris,under,0,5,0,0,0,0,0,0,0,0,0,0,0,8,0
PHYS ED,1,72945,205,Pe Activities,Richard Morris,under,0,6,0,0,0,0,0,0,0,0,0,0,0,9,0
PHYS ED,32,72950,001,Fitness: Phs Ada/Ex,Sue Johannessen,under,0,3,1,1,1,0,0,0,0,0,0,0,1,8,2
PHYSICS,7B,73540,001,Scient Engin Phys,Michael Bloxham,under,0,11,15,14,10,6,7,12,4,0,0,0,7,1,0
POLECON,100,75605,001,Theory Of Pol Econ,Stephanie Ballenger,under,0,1,7,3,9,10,2,3,4,9,3,1,4,1,2
POLECON,101,75610,001,Contemp Theo Pol Ec,Stephen Gross,under,0,12,7,5,14,3,3,2,0,0,1,0,0,2,0
POL SCI,1,75905,001,Intro American Pol,John Hanley,under,0,11,11,10,9,5,4,3,0,0,0,0,4,14,2
POL SCI,4,75978,001,Pol Theory,Andrius Galisanka,under,0,4,3,2,4,1,0,1,0,0,0,0,1,2,0
POL SCI,139B,76005,001,Development Politic,Eric Schickler; Leonid Kil,under,0,4,3,10,12,9,2,5,0,0,0,0,4,3,1
POL SCI,140S,76010,001,Topics In Comp Pol,Sandeep Shastri,under,0,7,11,8,1,0,0,0,0,0,0,0,0,0,0
POL SCI,142A,76023,001,Middle East Pol,Mahmood Monshipouri,under,0,16,20,3,3,1,0,0,0,0,0,0,1,2,0
POL SCI,W145A,76025,001,Poli Dev India,Pradeep Chhibber,under,0,4,18,20,8,7,7,5,0,0,0,2,8,14,1
POL SCI,149W,76033,001,Topics In Area Stdy,Jason Wittenberg,under,0,8,2,8,8,3,5,3,0,1,0,0,2,1,0
POL SCI,186,76085,001,Public Problems,Christopher Ansell,under,0,15,14,9,11,3,2,1,0,0,1,0,0,1,1
PSYCH,W1,78215,001,General Psychology,John Kihlstrom,under,0,17,12,4,2,4,4,4,0,0,0,0,2,37,1
PSYCH,14,78225,001,Psych Of Gender,Sara Gorchoff,under,0,6,9,7,5,3,5,0,0,0,0,0,2,7,0
PSYCH,130,78325,001,Clinical Psychology,James Mchale,under,0,17,1,2,13,2,1,4,0,0,1,0,1,3,0
PSYCH,136,78345,001,Human Sexuality,James Mchale,under,0,73,2,1,12,1,0,4,0,0,0,0,0,12,0
PSYCH,140,78355,002,Development Psych,Jennifer Arter,under,0,23,25,7,9,4,1,2,1,1,1,1,3,4,1
PSYCH,166AC,78390,001,Cultural Psychology,Matt Goren,under,0,28,10,12,15,8,6,4,2,2,2,2,1,34,1
PSYCH,180,78395,001,Indust/Organ Psych,Howard Tokunaga,under,0,12,13,10,2,5,2,1,0,0,0,0,0,4,0
PB HLTH,126,79310,001,Health Economics,Sue Kim,under,0,3,5,3,3,1,1,0,0,0,0,0,1,1,1
PB HLTH,162L,79360,001,Pub Hlth Microb Lab,Kathleen Loretz,under,0,5,1,1,4,0,0,0,0,0,0,0,0,1,0
PB HLTH,162L,79365,002,Pub Hlth Microb Lab,Kathleen Loretz,under,0,3,2,2,2,0,1,0,0,0,0,0,0,1,0
RHETOR,20,80830,001,Rhet Interpretation,Dale Carrico,under,0,4,4,2,3,0,0,0,0,0,0,0,1,1,0
RHETOR,103A,80845,001,Hist Of Rhet I,Dale Carrico,under,0,3,7,8,2,2,0,0,0,0,0,0,0,0,0
RHETOR,103B,80860,001,Hist Of Rhetoric Ii,Felipe Gutterriez,under,0,4,5,5,1,0,0,0,0,0,0,0,0,0,0
RHETOR,160,80890,001,Intro - Legal Disc,Felipe Gutterriez,under,0,2,2,4,1,0,0,0,0,0,0,0,0,1,0
SLAVIC,R5B,81410,001,Reading And Comp,David Frick; Katya Balter,under,0,2,3,2,3,0,0,0,0,0,0,0,0,1,0
SLAVIC,R5B,81415,101,Reading And Comp,Daniel Brooks; Irina Paperno,under,0,1,4,1,5,2,0,0,0,0,0,0,0,0,1
SLAVIC,R5B,81420,102,Reading And Comp,Erin Coyne; Irina Paperno,under,0,1,4,2,1,0,0,0,0,0,0,0,1,1,0
SCANDIN,R5B,82010,002,Reading & Comp,Benjamin Bigelow; Linda Rugg,under,0,8,2,0,2,0,0,0,1,0,0,0,0,0,0
SCANDIN,R5B,82015,003,Reading & Comp,Linda Rugg; Monica Hidalgo,under,0,5,1,3,3,1,0,0,0,0,0,0,1,0,0
SCANDIN,R5B,82025,102,Reading & Comp,Benjamin Mier-Cruz,under,0,4,3,2,2,4,0,0,0,0,0,0,0,0,0
SCANDIN,R5B,82030,103,Reading & Comp,Elisabeth Ward,under,0,2,4,2,2,0,0,1,0,1,0,0,1,0,0
SOC WEL,114,82670,001,Practice In Soc Wk,Sevaughn Banks,under,0,13,11,5,0,4,1,1,0,0,1,0,0,1,0
SOC WEL,174,82695,001,Immigrants/U.S.,Jill Berrick; Mimi Kim,under,0,9,1,3,0,0,0,0,0,0,0,0,0,6,0
SOC WEL,186,82705,001,Domestic Violence,Jennifer Jackson,under,0,8,8,2,1,0,0,0,0,0,0,0,1,2,0
SOCIOL,3AC,83205,001,Prin Soc: Am Cultur,Tiffany Page,under,0,2,15,13,4,3,1,1,0,1,1,0,2,5,0
SOCIOL,5,83210,001,Eval Of Evidence,Szonja Ivester,under,0,15,13,4,1,1,0,0,0,0,0,0,2,0,1
SOCIOL,110,83225,001,Org & Soc Institut,Linus Huang,under,0,15,12,2,6,3,5,3,6,0,0,0,2,1,2
SOCIOL,113AC,83230,001,Education,Brian Powers,under,0,11,8,5,4,0,0,0,0,0,0,0,4,3,0
SOCIOL,117,83240,001,Sport As Social Ins,Linus Huang,under,0,22,15,3,5,2,1,0,0,0,0,0,0,3,1
SOCIOL,131AC,83250,001,Race/Eth Rel:Am Cul,Andrew Barlow,under,0,3,5,9,4,1,2,0,0,0,0,0,0,1,0
SOCIOL,136,83255,001,Urban Sociology,Siri Colom,under,0,3,4,2,3,3,0,0,0,0,0,0,0,1,0
SPANISH,1,84505,001,Elem Spanish,Miguel Pillado; Miriam Hernandez-Rodriguez,under,0,3,5,0,1,0,1,0,0,0,0,0,0,4,0
SPANISH,1,84510,002,Elem Spanish,Miriam Hernandez-Rodriguez; Silvia Lopez,under,0,3,3,2,0,1,0,0,0,0,0,0,1,4,0
SPANISH,2,84525,001,Elem Spanish,Jilynnette Centeno Millan; Miriam Hernandez-Rodriguez,under,0,3,0,1,3,2,1,1,0,0,1,0,0,5,3
SPANISH,N3,84530,001,Intermed Spanish,Dena Marie; Victoria Robertson,under,0,5,0,0,4,0,0,0,0,0,0,0,0,6,0
SPANISH,4,84535,001,Intermed Spanish,Ana Belen Redondo Campillos,under,0,2,2,2,0,2,0,1,0,0,1,0,0,3,1
SPANISH,N12,84545,001,Beg Span Lang/Cult,Donna Southard,under,0,4,2,2,0,0,0,0,0,0,0,0,1,3,0
SPANISH,15,84550,001,Inten Beg Spanish,Jacqueline Bialostozky; Miriam Hernandez-Rodriguez,under,0,5,0,3,1,1,0,1,0,0,0,0,0,2,0
SPANISH,102A,84570,001,Adv Gram And Comp,Ignacio Navarrete; Katherine Lambe,under,0,5,5,4,0,0,1,0,0,0,0,0,1,1,0
SPANISH,121,84575,001,Cont Span Hist/Cult,Ignacio Navarrete; Patricia Rodriguez-Corredoira,under,0,9,1,1,1,0,1,0,1,0,0,0,1,5,1
THEATER,N141,86040,001,Interm Modern Dance,Brandi Catanese; Naomi Bragin,under,0,8,0,2,2,2,0,0,0,0,0,0,0,5,0
THEATER,N141,86045,002,Interm Modern Dance,Portsha Jefferson,under,0,9,1,0,0,1,0,0,0,0,0,0,0,0,0
UGIS,82,86303,001,K-8 Teaching,Elisa Stone,under,0,7,1,0,1,0,0,0,0,0,0,0,0,2,1
UGIS,189,86305,001,Integrate Research,Nick Pleskac,under,0,10,0,0,0,0,0,0,0,0,0,0,0,1,0
VIS STD,186X,86510,001,Spec Topics Photo,Janet Delaney,under,0,4,6,2,0,0,0,0,0,0,0,0,0,2,0
VIS STD,186X,86515,002,Spec Topics Photo,Janet Delaney,under,0,10,2,1,2,1,0,0,0,0,0,0,0,1,1
ASAMST,R2A,15215,003,Reading&Composition,Khuyen Nguyen,under,0,0,13,2,1,0,0,0,0,0,0,0,1,0,0
CHICANO,R1A,24205,001,Reading & Comp,Gonzalo Arrizon,under,0,0,4,4,7,1,1,0,0,0,0,0,0,0,0
COLWRIT,R1A,26508,002,College Writing 1a,Donnett Flash,under,0,0,2,4,2,0,0,1,0,0,0,0,2,1,0
COLWRIT,6F,27060,102,Esl Listen Speak,Margi Wald; Therese Naber,under,0,0,4,2,6,2,0,0,1,0,0,0,0,1,0
COM LIT,R1B,27905,001,Engl Comp World Lit,Gregory Bonetti; Robert Kaufman,under,0,0,5,2,2,1,0,0,0,0,0,0,0,0,0
MUSIC,139,68385,001,World Topics,Rebecca Bodenheimer,under,0,0,4,2,2,3,1,0,0,0,0,1,1,2,0
PHYS ED,1,72915,101,Pe Activities,Jason Britton,under,0,0,1,0,0,1,0,0,0,0,0,0,0,12,0
UGBA,193C,18463,001,Cpt Int'L Stdnts,Erika Walker,under,0,0,0,0,0,0,0,0,0,0,0,0,0,12,5
COLWRIT,N2,26535,005,Wrtg The Bridge,Elizabeth Williams,under,0,0,0,0,0,0,0,0,0,0,0,0,0,12,1
COLWRIT,7A,26555,102,Amer Culture Media,Margi Wald; Michael Clark,under,0,0,0,0,0,0,0,0,0,0,0,0,0,30,1
COLWRIT,7B,26615,102,Beat Generation,Margi Wald; Thomas Mcnichol,under,0,0,0,0,0,0,0,0,0,0,0,0,0,29,1
COLWRIT,7D,26625,102,Food Politics,David Skolnick; Margi Wald,under,0,0,0,0,0,0,0,0,0,0,0,0,0,12,1
COLWRIT,7F,26650,001,Conflict Res Skills,Barrie Roberts; Margi Wald,under,0,0,0,0,0,0,0,0,0,0,0,0,0,29,1
COLWRIT,7H,26667,101,Amer Culture Music,Margi Wald; Matthew Barclay,under,0,0,0,0,0,0,0,0,0,0,0,0,0,18,2
COLWRIT,W9,26745,003,Eng As A Sec Lang,Margi Wald; Miki Mori,under,0,0,0,0,0,0,0,0,0,0,0,0,0,15,3
COLWRIT,W9,26750,004,Eng As A Sec Lang,Lisa Chou; Margi Wald,under,0,0,0,0,0,0,0,0,0,0,0,0,0,13,1
COMPSCI,197,28520,001,Field Study,Carlo Sequin,under,0,0,0,0,0,0,0,0,0,0,0,0,0,28,2
EDUC,98,33320,003,Directed Group Stdy,Derek Van Rheenen,under,0,0,0,0,0,0,0,0,0,0,0,0,0,16,2
MATH,98,58755,001,Directed Group Stdy,Michael Wong,under,0,0,0,0,0,0,0,0,0,0,0,0,0,12,6
MATH,98,58760,002,Directed Group Stdy,Michael Wong,under,0,0,0,0,0,0,0,0,0,0,0,0,0,12,4
MATH,98,58765,003,Directed Group Stdy,Michael Wong,under,0,0,0,0,0,0,0,0,0,0,0,0,0,12,4
MATH,98,58770,004,Directed Group Stdy,Michael Wong,under,0,0,0,0,0,0,0,0,0,0,0,0,0,12,4
MATH,98,58775,005,Directed Group Stdy,Michael Wong,under,0,0,0,0,0,0,0,0,0,0,0,0,0,13,3
MATH,98,58780,006,Directed Group Stdy,Michael Wong,under,0,0,0,0,0,0,0,0,0,0,0,0,0,11,4
PACS,94,71808,001,Meditation,Americ Azevedo,under,0,0,0,0,0,0,0,0,0,0,0,0,0,26,2
SPANISH,16,84560,002,Cultura Contemp,Donna Southard,under,0,0,0,0,0,0,0,0,0,0,0,0,0,11,1
STAT,0PX,85205,001,Preparatory Stat,Michael Wong,under,0,0,0,0,0,0,0,0,0,0,0,0,0,59,8
STAT,98,85275,001,Directed Group Stdy,Michael Wong; Philip Stark,under,0,0,0,0,0,0,0,0,0,0,0,0,0,59,8
EWMBA,231,19405,011,Corp Finance,Susan Cheng,grad,3,16,6,2,16,3,0,0,0,0,0,0,0,0,0
EWMBA,237,19415,001,Topics In Finance,Peter Goodson,grad,4,7,14,13,20,5,0,0,0,0,0,0,0,0,0
XMBA,200S,19903,001,Data And Decisions,Gregory La Blanc,grad,3,17,15,12,10,9,2,0,0,0,0,0,0,0,0
XMBA,201A,19904,001,Managerial Econ,Catherine Wolfram,grad,2,15,13,20,15,2,1,0,0,0,0,0,0,0,0
ECON,204,32360,001,Math Tools For Econ,Haluk Ergin,grad,3,2,2,4,5,5,0,1,0,0,0,0,0,0,0
EDUC,211B,33390,001,Soc & Enit Develop,Larry Nucci,grad,2,17,0,0,0,0,0,0,0,0,0,0,0,0,0
EDUC,249C,33410,001,Foundations In Rdg,Verda Delp,grad,2,7,1,0,0,0,0,0,0,0,0,0,0,0,0
EDUC,298C,33465,001,Group Study-Dcemst,P Pearson,grad,6,6,3,0,0,0,0,0,0,0,0,0,0,0,0
EDUC,392C,33630,001,Art In Elem Class,Nives Wetzel De Cediel,grad,2,17,0,0,0,0,0,0,0,0,0,0,0,0,0
HMEDSCI,201,48105,001,Hum Anat & Develop,Kamla Ahluwalia,grad,1,9,5,0,0,0,0,0,0,0,0,0,0,0,0
MFE,230D,57610,001,Deriv: Quant Meth,Domingo Tavella,grad,1,13,18,27,7,2,0,0,0,0,0,0,0,0,0
MFE,230I,57615,001,Fixed Income Markts,Richard Stanton,grad,2,12,15,24,14,1,0,0,0,0,0,0,0,0,0
OPTOM,440A,71210,001,Adv Optom Clinic,Edward Revelli,grad,3,20,34,8,0,0,0,0,0,0,0,0,0,0,0
OPTOM,441A,71215,001,Specialty Clinics,Edward Revelli,grad,3,20,34,8,0,0,0,0,0,0,0,0,0,0,0
PB HLTH,W200E,79420,001,Hpm Breadth,Brent Fulton,grad,2,11,13,7,4,3,1,0,0,0,0,0,0,0,0
PB HLTH,250A,79430,001,Epidemiolog Meth I,Michael Bates,grad,5,14,6,2,2,0,0,0,0,0,0,0,0,8,0
PB HLTH,298,79449,002,Group Study,Brent Fulton,grad,2,23,10,2,3,1,0,0,0,0,0,0,0,0,0
AFRICAM,299,10265,001,Ind Stdy/Res,Leigh Raiford,grad,0,2,0,0,0,0,0,0,0,0,0,0,0,5,0
EWMBA,269,19435,001,Pricing,Wasim Azhar,grad,0,2,13,11,2,0,0,0,0,0,0,0,0,0,0
EWMBA,296,19505,002,Special Topics,Clark Kellogg,grad,0,4,9,5,11,0,0,0,0,0,0,0,0,0,0
EWMBA,296,19510,003,Special Topics,Clark Kellogg,grad,0,2,10,7,8,2,0,0,0,0,0,0,0,0,0
EWMBA,296,19520,012,Special Topics,Clark Kellogg,grad,0,3,6,14,5,1,0,0,0,0,0,0,0,0,0
EWMBA,298S,19525,001,Seminar Intl Bus,Edgar Anthony Zaloom,grad,0,2,10,1,0,1,0,0,0,0,0,0,0,0,0
XMBA,291T,19925,001,Topics In Man Comm,Mark Rittenberg,grad,0,5,28,22,13,0,0,0,0,0,0,0,0,0,0
XMBA,202A,19990,001,Financial Acct,Xiao-Jun Zhang,grad,0,24,11,5,23,3,2,0,0,0,0,0,0,0,0
CY PLAN,N299,25135,001,Ind Stdy Or Res,-,grad,0,4,0,0,0,0,0,0,0,0,0,0,0,11,0
EDUC,245A,33405,001,Teach Engl Sec Lang,Marco Bravo,grad,0,6,4,0,0,0,0,0,0,0,0,0,0,0,0
EDUC,262A,33415,001,Urbschldship/Mgt 1,Rebecca Cheung; Tina Trujillo,grad,0,24,0,1,0,0,0,0,0,0,0,0,0,0,0
EDUC,262H,33418,001,Urbschldship/Mgt 2,Rebecca Cheung,grad,0,22,1,0,0,1,0,0,0,0,0,0,0,0,0
EDUC,266B,33420,001,Sch Site Fin Res,Alysse Castro,grad,0,24,1,0,1,0,0,0,0,0,0,0,0,0,0
EDUC,271E,33423,001,Teach/Lrn Ed Lead 1,Kristin Smith; Rebecca Cheung,grad,0,23,0,0,0,1,0,0,0,0,0,0,0,0,0
EDUC,271F,33425,001,Teach/Lrn Ed Lead 2,Frances Kendall,grad,0,18,6,0,0,0,0,1,0,0,0,0,0,0,0
EDUC,277A,33430,001,System Ed Reform I,Tina Trujillo,grad,0,15,1,0,0,0,0,0,0,0,0,0,0,0,0
EDUC,277B,33435,001,System Ed Reform Ii,Heinrich Mintrop; John Hall,grad,0,5,0,3,0,0,0,0,0,0,0,0,0,0,0
EDUC,294E,33455,001,Thesis Seminar,Page Tompkins,grad,0,5,0,0,0,0,0,0,0,0,0,0,0,1,0
EDUC,294E,33460,002,Thesis Seminar,Heinrich Mintrop,grad,0,2,0,0,0,0,0,0,0,0,0,0,0,6,0
EDUC,460C,33640,001,Admin Research Prac,Fred Brill,grad,0,7,1,1,0,0,0,0,0,0,0,0,0,0,0
EDUC,460C,33645,002,Admin Research Prac,Rebecca Cheung; Viet Nguyen,grad,0,14,0,1,0,0,0,0,0,0,0,0,0,0,0
"ENE,RES",N299,35210,001,Indiv Research,Daniel Kammen,grad,0,3,0,0,0,0,0,0,0,0,0,0,0,3,0
FILM,298,44925,001,Special Study,Jeffrey Skoller,grad,0,1,0,0,0,0,0,0,0,0,0,0,0,6,0
JOURN,298,53720,001,Group Study,Robert Gunnison,grad,0,4,0,2,0,0,0,0,0,0,0,0,0,4,0
MFE,230W,57635,001,Acct Taxation Deriv,Tiffany Rasmussen,grad,0,16,24,11,10,7,0,0,0,0,0,0,0,0,0
MATH,299,59175,007,Reading Grad Studs,Martin Olsson,grad,0,3,0,0,0,0,0,0,0,0,0,0,0,2,0
OPTOM,430A,71205,001,Optometry Clinics,Edward Revelli,grad,0,2,33,25,0,1,1,0,0,0,0,0,0,0,0
POL SCI,292,76220,001,Dir Advanced Study,Eric Schickler,grad,0,4,0,0,0,0,0,0,0,0,0,0,0,26,0
PB HLTH,W200G,79423,001,Hsb Breadth,Charlotte Chang,grad,0,26,9,2,4,2,0,1,0,0,0,0,0,0,0
PB HLTH,299,79495,029,Independnt Research,Arthur Reingold,grad,0,17,0,0,0,0,0,0,0,0,0,0,0,4,0
RHETOR,295,80910,001,Special Study,Michael Mascuch,grad,0,2,0,0,0,0,0,0,0,0,0,0,0,8,0
SOC WEL,232,82728,001,Soc Work And Educ,Christina Feliciana,grad,0,5,1,0,0,0,0,0,0,0,0,0,0,3,0
SOC WEL,250T,82729,001,Sw Practice In Schl,Robert Ayasse,grad,0,3,1,0,1,0,0,0,0,0,0,0,0,3,0
THEATER,299,86055,001,Special Study,Brandi Catanese,grad,0,1,0,0,0,0,0,0,0,0,0,0,0,4,0
