Abbreviation,CourseNum,CCN,SectionNum,CourseDesc,Instructor,Level,A+,A,A-,B+,B,B-,C+,C,C-,D+,D,D-,F,P,NP
AFRICAM,119,10124,001,Selected Topics,Justin Gomer; Justin Gomer,under,0,1,3,2,3,1,0,1,2,0,0,0,0,0,0
AFRICAM,159,10130,001,Spec Top Afam Lit,Frederick Vincent; Frederick Vincent,under,1,6,1,0,0,0,0,0,0,0,0,0,0,3,0
AFRICAM,159,10134,003,Spec Top Afam Lit,Ameer Loggins; Ameer Loggins; Leigh Raiford,under,0,4,2,3,3,0,0,1,0,0,0,0,0,3,0
AFRICAM,39D,10116,002,Fresh/Soph Semina,Cara Stanley; Cara Stanley; Leigh Raiford,under,1,3,2,1,0,1,1,0,0,0,0,0,0,7,2
AFRICAM,39E,10118,001,Fresh/Soph Semina,Leigh Raiford; Patrick Johnson; Patrick Johnson,under,0,1,0,4,4,1,1,0,1,0,0,0,0,4,0
AFRICAM,4B,10110,001,Africa:  Hist & C,Arif Gamal,under,1,5,5,0,0,0,0,0,0,0,0,0,0,0,0
AFRICAM,R1B,10102,001,Freshmn Compositi,Leigh Raiford; Selina Makana; Selina Makana,under,1,4,4,2,2,2,1,0,0,0,0,0,0,0,0
AFRICAM,R1B,10106,002,Freshmn Compositi,Aparajita Nanda,under,0,5,4,4,0,2,1,1,0,0,0,0,0,0,0
AFRICAM,W111,10122,001,"Race, Class & Gen",Stephen Small; Stephen Small,under,1,11,7,4,5,2,5,1,0,2,1,0,3,38,13
AMERSTD,5,11006,001,Keywords Amer Std,Michael Cohen,under,0,2,3,0,2,1,4,1,1,0,0,0,0,5,0
AMERSTD,5,11022,002,Keywords Amer Std,Kathleen Moran,under,0,2,1,1,5,2,2,11,3,0,1,1,0,6,0
AMERSTD,5,11024,003,Keywords Amer Std,Michael Cohen,under,0,10,0,0,4,0,0,0,0,0,0,0,0,3,0
ANTHRO,1,11402,001,Intro To Bio Anthro,Ashley Lipps; Ashley Lipps,under,2,2,3,2,4,1,1,0,0,0,0,0,0,1,0
ANTHRO,105,11442,001,Primate Evolution,Stephanie Etting,under,1,6,3,0,3,2,2,0,0,0,0,0,0,0,1
ANTHRO,115,11446,001,Intro Med Anthro,Christopher Roebuck; Christopher Roebuck,under,0,6,4,1,0,0,0,1,0,0,0,0,1,0,0
ANTHRO,119,11452,001,Med Anthro Topics,Katharine Young,under,0,2,3,2,3,0,0,0,0,0,0,0,0,0,0
ANTHRO,128M,11454,001,Topics:Arch/Method,Jillian Swift; Jillian Swift,under,1,5,1,4,0,1,0,0,1,0,0,0,0,1,0
ANTHRO,166,11456,001,"Lang,Culture,Socity",Brian Karl,under,3,10,3,1,3,0,0,1,2,0,0,0,0,0,0
ANTHRO,169B,11458,001,Res Theo/Meth Soc,M. George; Mary Mather George,under,3,5,3,0,0,0,0,0,0,0,0,0,0,2,0
ANTHRO,174AC,11462,001,Ca Historical Anth,Kimberly Christensen; Kimberly Christensen,under,10,2,2,0,1,0,0,0,0,0,0,0,0,2,1
ANTHRO,2AC,11412,001,Intro Archaeology,Kimberly Christensen; Kimberly Christensen,under,2,5,1,1,0,1,1,0,0,0,0,0,0,1,0
ANTHRO,3AC,11420,001,Intro Soc/Cult Ac,M. George; Mary Mather George,under,3,15,13,4,12,1,0,0,0,0,0,0,0,6,0
ANTHRO,R5B,11432,002,Reading & Comp,Laurie Wilkie; Milad Odabaei; Milad Odabaei,under,2,2,2,1,0,1,1,0,0,0,0,0,1,0,0
ANTHRO,R5B,11436,004,Reading & Comp,Ian Steele; Ian Steele; Laurie Wilkie,under,1,5,3,3,0,0,0,0,0,0,0,0,0,0,0
ANTHRO,R5B,11438,005,Reading & Comp,Christopher Lowman; Christopher Lowman; Laurie Wilkie,under,2,12,1,0,0,0,0,0,0,0,0,0,0,0,0
ARABIC,30,11906,001,Intermed Arabic,Carol Redmount; Linda Istanbulli; Linda Istanbulli,under,0,6,2,0,3,0,0,0,0,0,0,0,0,1,0
ARCH,108,12002,001,Arch Internship,Mark Schatz,under,0,14,0,6,2,0,0,0,0,0,0,0,0,1,0
ARCH,11A,12001,001,Intro Vis Rep Draw,Darell Fields,under,0,0,0,2,2,1,1,3,2,0,1,0,1,0,1
ARCH,124A,12006,001,3-D Computer Tech,Joris Komen; Joris Komen,under,0,2,5,1,0,1,0,0,0,0,0,0,1,7,0
ARCH,124A,12008,002,3-D Computer Tech,Joris Komen; Joris Komen,under,0,0,5,1,2,2,0,0,0,0,0,0,4,5,1
ARCH,149,12014,001,Spec Top Erg Envir,Brendon Levitt; Brendon Levitt,under,3,9,2,0,0,0,0,0,0,0,0,0,0,3,0
ART,119,12324,001,Gpca,Jenifer Wofford; Jenifer Wofford,under,2,7,5,4,4,0,0,0,0,0,0,0,0,1,1
ART,12,12312,002,Lang Of Draw,Aida Gamez; Aida Gamez,under,6,12,1,1,0,0,0,0,0,0,0,0,0,2,0
ART,160,12326,001,Spec Topics Vis Std,Jennifer Justice,under,5,4,1,0,0,0,0,0,0,0,0,0,0,0,0
ART,180,12328,002,Advanced Digital Ph,Michelle Ott; Michelle Ott,under,1,17,0,0,0,0,0,0,0,0,0,0,0,1,0
ART,21,12314,001,Digital Photography,Azin Seraj; Azin Seraj,under,2,7,2,2,1,0,0,0,0,0,0,0,1,3,1
ART,26,12316,001,Mov Image Media,Lark Buckingham; Megan Buckingham,under,3,3,3,0,1,1,0,0,0,0,0,0,0,0,0
ART,8,12302,001,Intro Vis Thinking,Jose Figueroa; Jose Figueroa,under,1,14,0,2,1,0,0,0,0,0,0,0,0,0,0
ART,8,12308,004,Intro Vis Thinking,Michael Berens; Michael Berens,under,9,12,1,0,0,0,0,0,0,0,0,0,0,1,0
ART,8,12306,003,Intro Vis Thinking,Isaac Vazquez Avila; Isaac Vazquez Avila,under,0,10,8,0,2,1,0,0,0,0,0,0,0,1,0
ASAMST,138,12916,001,Topics Asn Pop Cult,Hannah Michell,under,1,4,7,0,1,1,0,0,0,0,0,0,0,1,0
ASAMST,171,12922,001,"Asam In Film, Video",Joanne Rondilla; Joanne Rondilla,under,0,6,3,0,0,0,0,0,0,0,0,0,0,1,0
ASAMST,175,12927,001,Contemp Narratives,Maria Barrios-Leblanc,under,10,3,0,0,0,0,0,0,0,0,0,0,0,0,0
ASAMST,R2A,12902,002,Reading&Composition,Anna Leong; Anna Leong; Ariko Ikehara; Ariko Ikehara,under,0,9,2,3,1,0,0,0,0,0,0,0,1,0,0
ASAMST,R2A,12906,003,Reading&Composition,Khuyen Nguyen; Khuyen Nguyen,under,0,0,4,4,7,0,0,1,0,0,0,0,0,0,0
ASTRON,10,13304,001,General Astronomy,Gaspard Duchene,under,1,5,5,3,1,2,1,0,0,0,0,0,1,2,1
ASTRON,10,13310,002,General Astronomy,Chalence Safranek-Shrader,under,0,6,7,11,1,6,4,2,3,3,4,2,2,7,3
ASTRON,9,13302,001,Select Topics Astro,Bryan Mendez; Bryan Mendez; Steven Beckwith,under,1,3,8,8,4,5,4,4,3,0,2,0,2,4,3
ASTRON,W12,13322,001,The Planets,Burkhard Militzer,under,0,13,1,3,11,3,1,2,3,0,0,0,3,29,4
BIOLOGY,1A,13902,001,General Biology L,James Baxter; James Baxter; Mark Barnby; Mark Barnby; Michael Meighan; Michael Meighan,under,2,18,21,15,21,18,15,16,20,0,0,0,3,2,5
BIOLOGY,1AL,13910,001,General Biology L,James Baxter; James Baxter; Mark Barnby; Mark Barnby; Michael Meighan; Michael Meighan,under,2,27,20,16,20,14,11,8,8,0,0,0,5,2,2
BIOLOGY,1B,13924,001,General Biology,Alan Shabel; Alan Shabel; Joshua Povich; Joshua Povich,under,2,24,21,19,12,11,8,6,10,6,1,1,1,2,3
BUDDSTD,114,14506,001,Tibetan Buddhism,Alexander Von Rospatt; Kristina Anderson; Kristina Anderson,under,0,8,9,0,2,0,0,0,0,0,0,0,0,4,0
CELTIC,R1B,16602,001,Voices/Celtic World,Thomas Walsh,under,0,5,0,5,0,0,0,0,0,0,0,0,1,0,0
CHEM,1A,16702,001,General Chemistry,Debjani Roy,under,15,12,10,13,12,15,9,7,5,0,17,0,13,6,3
CHEM,1AL,16706,001,General Chem Lab,Debjani Roy,under,0,25,0,0,31,0,0,26,0,0,4,0,0,1,3
CHEM,3A,16738,001,Chem Struct React,Steven Pedersen,under,7,30,23,34,32,39,36,28,16,0,6,0,26,4,10
CHEM,3B,16770,001,Chem Struct React,Peter Marsden; Peter Marsden,under,8,23,28,18,18,14,16,13,9,0,0,1,4,2,5
CHEM,3BL,16772,001,Organic Chem Lab,Peter Marsden; Peter Marsden,under,6,94,17,5,4,1,3,0,0,0,0,0,0,0,1
CHEM,N3AL,16740,001,Organic Chem Lab,Steven Pedersen,under,4,108,60,12,12,9,3,0,1,0,0,0,1,1,0
CHICANO,110,18142,001,Latina/O Phil & R,Lara Medina,under,0,7,8,0,0,0,0,0,0,0,0,0,0,3,2
CHICANO,135C,18144,001,Latino Doc Film,Raymond Telles,under,2,17,5,4,4,0,0,0,0,0,0,0,0,6,0
CHICANO,159,18146,001,Mexican Immigrati,Francisco Casique; Francisco Casique,under,0,7,8,4,0,0,0,0,0,0,0,0,0,0,1
CHICANO,174,18150,001,"Chic, Law, Crim J",Maria Echaveste,under,1,2,2,2,3,2,1,4,0,0,0,0,0,0,0
CHICANO,50,18122,001,Intro Chicano His,Edgar Mojica; Edgar Mojica; Keith Feldman,under,6,9,6,2,0,0,0,0,0,0,0,0,0,10,1
CHICANO,R1AN,18102,001,Reading & Comp,Anna Leong; Anna Leong; Robert Reyes; Robert Reyes,under,0,2,6,8,0,0,0,0,0,0,0,0,0,0,0
CHINESE,105,18314,001,Business Chinese,I-Hao Li,under,0,6,9,2,0,0,0,0,0,0,0,0,0,1,0
CHINESE,134,18318,001,Class Chinese Poe,Paula Varsano,under,0,6,3,4,1,0,0,1,0,0,0,0,2,0,0
CHINESE,7A,18304,001,Premod Chinese Li,Paula Varsano; Yun-Ling Wang; Yun-Ling Wang,under,0,4,1,1,0,0,0,0,0,0,0,0,0,4,0
CHM ENG,150B,17801,001,Trans & Separa,Robert Eldridge,under,2,5,9,4,6,4,3,4,3,0,6,0,3,0,0
CIV ENG,11,18701,001,Eng Sys & Susta,Michael Taptich; Michael Taptich,under,1,9,1,1,1,0,2,0,1,0,0,0,0,1,1
CIV ENG,130N,18708,001,Mech Of Structure,Sanjay Govindjee,under,7,6,2,1,0,0,0,0,0,0,0,0,0,1,0
CIV ENG,W30,18702,001,Intro Solid Mechn,Sanjay Govindjee,under,0,1,1,1,5,5,1,3,0,0,3,0,1,0,3
CLASSIC,10B,19006,001,Intro Roman Civ,Kathleen Mccarthy; Kevin Moch; Kevin Moch,under,1,4,5,1,2,0,0,1,0,0,0,0,1,1,0
CLASSIC,N172A,19012,001,Arch Fld Schl Nem,Kim Shelton,under,0,8,2,1,0,0,0,0,0,0,0,0,0,0,0
CLASSIC,N28,19010,001,Classic Myths,Kristina Chew,under,0,10,1,7,8,5,0,0,0,0,0,0,2,0,0
COG SCI,C101,19212,001,Mind And Language,Andrew Garrett; Oana David; Oana David,under,1,0,0,1,2,2,3,1,0,0,0,0,1,2,1
COG SCI,C142,19215,001,Language & Thou,Alexandra Carstensen; Alexandra Carstensen; Terrance Regier; Terrance Regier,under,2,3,2,1,1,2,1,0,0,0,0,0,0,0,0
COG SCI,C142,19224,002,Language & Thou,Alexandra Carstensen; Alexandra Carstensen; Terrance Regier; Terrance Regier,under,0,4,1,0,4,0,0,1,0,0,0,0,1,0,0
COG SCI,N1,19208,004,Intro To Cog Sci,Terrance Regier; Terrance Regier,under,3,11,6,6,10,3,6,2,0,0,0,0,1,1,0
COG SCI,N1,19202,001,Intro To Cog Sci,Paul Li; Paul Li,under,0,9,11,5,8,4,6,0,1,1,0,0,0,2,0
COLWRIT,10A,19662,001,Public Speaking,John Levine,under,0,7,3,2,0,0,0,0,0,0,0,0,0,5,0
COLWRIT,132,19666,001,Intro Short Ficti,Kimberly Freeman,under,0,10,1,0,0,0,0,0,0,0,0,0,1,0,0
COLWRIT,5A,19428,001,Engl Brdwy Musica,David Frasca; Margi Wald,under,0,3,2,3,7,0,0,0,0,0,0,0,0,1,0
COLWRIT,5C,19430,001,Engl Thru Film,Margi Wald; Rachel Kotok,under,4,6,4,0,1,0,1,0,0,0,0,0,0,0,0
COLWRIT,5C,19432,002,Engl Thru Film,Gabrielle Goodwin; Margi Wald,under,1,16,0,0,1,0,0,0,0,0,0,0,0,0,0
COLWRIT,5C,19434,003,Engl Thru Film,Ivy Mills; Ivy Mills; Margi Wald,under,1,2,1,3,4,1,0,0,0,0,0,0,1,0,0
COLWRIT,5C,19436,004,Engl Thru Film,Jeffrey Mcclelland; Margi Wald,under,0,9,2,4,2,0,0,0,0,0,0,0,0,1,0
COLWRIT,5D,19440,001,Engl Thru Literat,Margi Wald; Nancy Hunt,under,0,13,4,0,0,0,0,0,0,0,0,0,0,3,0
COLWRIT,5E,19442,001,Engl Thru Pop Mus,Margi Wald; Matthew Barclay,under,1,8,4,0,3,1,0,1,0,0,0,0,0,1,0
COLWRIT,5E,19444,002,Engl Thru Pop Mus,Margi Wald; Matthew Barclay,under,0,3,4,1,2,1,0,2,2,0,0,0,1,1,0
COLWRIT,5F,19446,001,Engl Human Rights,Carolyn Carr; Margi Wald,under,0,0,1,4,3,2,0,0,3,0,0,0,0,2,0
COLWRIT,5G,19448,001,Engl Multicul Cal,John Mcclain; Margi Wald,under,0,11,4,2,0,1,0,0,0,0,0,0,0,1,0
COLWRIT,5H,19450,001,Engl Sustainabili,Carolyn Carr; Margi Wald,under,0,2,1,1,1,0,3,0,0,0,0,0,1,1,0
COLWRIT,5I,19454,002,Engl Tv Culture,Lincoln Davis; Margi Wald,under,7,10,0,0,0,0,0,0,0,0,0,0,0,1,0
COLWRIT,5I,19452,001,Engl Tv Culture,Ivy Mills; Ivy Mills; Margi Wald,under,0,8,3,4,0,0,0,0,0,0,0,0,0,0,0
COLWRIT,5K,19455,001,Culture And Media,Barbara Mcclain; Margi Wald,under,0,3,4,2,4,2,0,1,0,0,0,0,1,0,0
COLWRIT,5K,19672,002,Culture And Media,Kathleen Mccarney; Margi Wald,under,0,5,1,0,2,2,1,1,0,0,0,0,1,1,0
COLWRIT,6A,19462,004,Esl Acad Speaking,Margi Wald; Michelle Baptiste,under,3,12,0,0,1,0,0,1,0,0,0,0,1,0,0
COLWRIT,6A,19456,001,Esl Acad Speaking,Margi Wald; Michelle Sans,under,0,9,5,1,0,1,0,0,0,0,0,0,0,1,0
COLWRIT,6A,19458,002,Esl Acad Speaking,Margi Wald; Sepideh Hosseini; Sepideh Hosseini,under,0,4,4,4,1,0,0,0,0,0,0,0,3,0,0
COLWRIT,6A,19460,003,Esl Acad Speaking,Margi Wald; Ruth Acker,under,0,5,6,1,0,0,0,0,0,0,0,0,2,1,0
COLWRIT,6A,19463,005,Esl Acad Speaking,Janet Christensen; Margi Wald,under,0,13,2,1,0,1,0,0,0,0,0,0,2,1,0
COLWRIT,6B,19464,001,Esl Academic Voca,Margi Wald; Teri Crisp; Teri Crisp,under,1,5,4,0,0,0,0,0,0,0,0,0,0,0,0
COLWRIT,6B,19466,002,Esl Academic Voca,Lawrence Metzger; Margi Wald,under,4,5,2,0,0,0,0,0,0,0,0,0,2,3,0
COLWRIT,6C,19468,001,Esl Business Voca,Linda O'Roke; Margi Wald,under,0,17,1,0,0,0,0,0,0,0,0,0,0,1,0
COLWRIT,6C,19470,002,Esl Business Voca,Ingrid Farnbach; Margi Wald,under,0,17,1,0,0,0,0,0,0,0,0,0,1,0,0
COLWRIT,6E,19472,001,Esl Grammar Editi,Jordan Ruyle; Margi Wald,under,2,10,2,0,0,0,0,0,0,0,0,0,2,0,0
COLWRIT,6E,19474,002,Esl Grammar Editi,Margi Wald; Mary Grover,under,2,5,1,1,6,0,0,0,0,0,0,0,2,3,0
COLWRIT,6F,19476,001,Esl Listen Speak,Elizabeth Wadell; Elizabeth Wadell; Margi Wald,under,1,8,2,1,1,0,0,0,2,0,1,0,2,1,0
COLWRIT,6F,19482,004,Esl Listen Speak,Margi Wald; Peter Vahle,under,2,8,2,1,1,0,0,0,0,0,0,0,0,0,0
COLWRIT,6F,19478,002,Esl Listen Speak,Janet Christensen; Margi Wald,under,0,14,1,1,0,0,0,0,0,0,0,0,3,0,0
COLWRIT,6F,19480,003,Esl Listen Speak,Margi Wald; Ruth Acker,under,0,3,9,3,0,0,0,0,0,0,0,0,1,1,0
COLWRIT,6G,19486,001,Esl Digital Writi,Margi Wald; Michelle Baptiste,under,5,9,0,0,0,0,0,0,0,0,0,0,0,1,0
COLWRIT,6H,19490,001,Esl Writing,Margi Wald; Teri Crisp; Teri Crisp,under,1,7,6,2,0,0,0,0,0,0,0,0,2,1,0
COLWRIT,6I,19496,002,Conflict Res Skil,Barrie Roberts; Margi Wald,under,1,11,1,0,1,0,0,0,0,0,0,0,1,5,0
COLWRIT,6I,19494,001,Conflict Res Skil,Heather-Lark Curtin; Margi Wald,under,0,4,5,4,1,0,0,0,0,0,0,0,0,0,0
COLWRIT,6J,19498,001,Esl Test Prep,Amanda Fox; Margi Wald,under,0,9,4,2,1,1,1,0,0,0,0,0,0,2,0
COLWRIT,7A,19512,003,Amer Culture Medi,Kathleen Mccarney; Margi Wald,under,0,0,0,0,0,0,0,0,0,0,0,0,0,18,2
COLWRIT,7D,19532,002,Food Culture,Margi Wald; Peter Vahle,under,0,0,0,0,0,0,0,0,0,0,0,0,0,27,2
COLWRIT,7E,19534,001,Lang  Environmen,Margi Wald; Michele Rajotte,under,0,0,0,0,0,0,0,0,0,0,0,0,0,23,2
COLWRIT,7E,19536,002,Lang  Environmen,Margi Wald; Michele Rajotte,under,0,0,0,0,0,0,0,0,0,0,0,0,0,16,1
COLWRIT,7G,19538,001,Amer Cult Communi,Elizabeth Boner; Elizabeth Boner; Margi Wald,under,0,0,0,0,0,0,0,0,0,0,0,0,0,15,1
COLWRIT,7G,19540,002,Amer Cult Communi,Elizabeth Boner; Elizabeth Boner; Margi Wald,under,0,0,0,0,0,0,0,0,0,0,0,0,0,11,2
COLWRIT,7J,19542,001,Amer Cult Ca Cult,Margi Wald; Michele Rajotte,under,0,0,0,0,0,0,0,0,0,0,0,0,0,22,1
COLWRIT,7K,19544,001,Amer Cult Humor,Barrie Roberts; Margi Wald,under,0,0,0,0,0,0,0,0,0,0,0,0,0,23,2
COLWRIT,8,19556,006,Engl As Second La,Margi Wald; Thomas Mcnichol,under,1,4,3,2,0,0,0,1,0,0,0,0,0,0,0
COLWRIT,8,19560,008,Engl As Second La,Lawrence Metzger; Margi Wald,under,4,6,3,1,1,0,0,1,0,0,0,0,0,0,0
COLWRIT,8,19562,009,Engl As Second La,Brandon Spars; Brandon Spars; Margi Wald,under,1,10,2,1,1,0,0,0,0,0,0,0,0,0,0
COLWRIT,8,19550,003,Engl As Second La,David Frasca; Margi Wald,under,0,2,1,4,5,0,0,1,0,0,0,0,0,0,0
COLWRIT,8,19554,005,Engl As Second La,Jennifer Johnson; Jennifer Johnson; Margi Wald,under,0,7,1,1,0,0,1,0,1,0,0,0,0,0,0
COLWRIT,8,19558,007,Engl As Second La,David Skolnick; Margi Wald,under,0,7,2,0,0,0,0,1,0,0,0,0,1,1,2
COLWRIT,9A,19572,001,Esp Acad Research,Chisako Cole; Margi Wald,under,0,8,2,0,0,1,0,0,0,0,0,0,1,0,0
COLWRIT,9A,19574,002,Esp Acad Research,Margi Wald; Susana Leong; Susana Leong,under,0,11,2,0,1,0,0,0,0,0,0,0,0,0,0
COLWRIT,9B,19578,001,Esp Acad Vocab,James Seger; Margi Wald,under,0,15,0,0,0,0,0,0,0,0,0,0,0,1,0
COLWRIT,9C,19584,003,Acad Writ-Multili,David Skolnick; Margi Wald,under,2,10,2,0,1,0,0,0,0,0,0,0,3,0,0
COLWRIT,9C,19580,001,Acad Writ-Multili,Ivona Xiezopolski; Margi Wald,under,0,1,3,4,3,3,0,0,0,0,0,0,1,1,0
COLWRIT,9C,19582,002,Acad Writ-Multili,Joyce Podevyn; Margi Wald,under,0,4,6,0,3,0,1,0,0,0,0,0,0,0,0
COLWRIT,9E,19592,002,Esp Business Engl,Margi Wald; Nancy Hunt,under,1,16,0,0,0,0,0,0,0,0,0,0,0,0,0
COLWRIT,9E,19594,003,Esp Business Engl,Barbara Mcclain; Margi Wald,under,2,4,2,2,2,0,0,1,0,0,0,0,0,1,0
COLWRIT,9E,19596,004,Esp Business Engl,Margi Wald; Sepideh Hosseini; Sepideh Hosseini,under,3,7,3,2,0,1,0,0,0,0,0,0,0,1,0
COLWRIT,9F,19600,001,Esp Business Spea,Elizabeth Wadell; Elizabeth Wadell; Margi Wald,under,1,11,2,2,0,0,0,0,0,0,0,0,0,0,0
COLWRIT,9F,19602,002,Esp Business Spea,Harry Seng; Margi Wald,under,4,1,6,0,5,0,0,0,0,0,1,0,0,0,0
COLWRIT,9F,19604,003,Esp Business Spea,Kyle Ridley; Margi Wald,under,1,2,6,6,2,1,0,0,0,0,0,0,0,0,0
COLWRIT,9F,19606,004,Esp Business Spea,Ellen Rosenfield; Margi Wald,under,3,11,4,0,0,0,0,0,0,0,0,0,0,0,0
COLWRIT,9G,19608,001,Esp Medical Engli,Kyle Ridley; Margi Wald,under,0,0,5,2,4,0,0,0,0,0,0,0,0,1,0
COLWRIT,9I,19614,002,Esp Conflict Res,Margi Wald; Michael Clark,under,1,5,6,0,1,0,0,0,0,0,0,0,1,0,0
COLWRIT,9I,19618,004,Esp Conflict Res,Jennifer Burton; Margi Wald,under,1,3,5,2,0,0,0,0,0,0,0,0,0,0,0
COLWRIT,9I,19612,001,Esp Conflict Res,Margi Wald; Melody Noll,under,0,4,2,6,3,0,1,0,0,0,0,0,1,1,0
COLWRIT,9I,19616,003,Esp Conflict Res,Margi Wald; Melody Noll,under,0,0,6,4,1,0,0,0,0,0,0,0,0,2,0
COLWRIT,9J,19624,001,Esp Grammar Style,Lincoln Davis; Margi Wald,under,2,12,0,2,0,0,0,0,0,0,0,0,0,1,0
COLWRIT,9N,19628,001,Esp Legal English,Gabrielle Goodwin; Margi Wald,under,2,7,5,2,1,0,0,0,0,0,0,0,0,3,0
COLWRIT,9N,19630,002,Esp Legal English,Margi Wald; Robert Downey,under,0,9,5,2,0,0,0,0,0,0,0,0,1,0,0
COLWRIT,9O,19634,001,Esp Legal Writing,Margi Wald; Robert Downey,under,1,10,2,2,1,0,0,0,0,0,0,0,0,4,0
COLWRIT,9R,19638,001,Engl For Speaking,Margi Wald; Rachel Kotok,under,0,10,3,2,1,1,0,0,0,0,0,0,0,0,0
COLWRIT,9R,19640,002,Engl For Speaking,Jeffrey Mcclelland; Margi Wald,under,0,8,6,4,0,0,0,0,0,0,0,0,0,1,0
COLWRIT,9R,19642,003,Engl For Speaking,Jennifer Johnson; Jennifer Johnson; Margi Wald,under,0,15,2,1,0,0,0,0,0,0,0,0,1,0,0
COLWRIT,9S,19650,003,Esp Pronunciation,Ivona Xiezopolski; Margi Wald,under,1,3,4,3,6,2,0,0,0,0,0,0,0,1,0
COLWRIT,9V,19654,002,Esp Engl Sci Engi,Harry Seng; Margi Wald,under,1,4,5,3,1,4,0,2,0,0,0,0,0,0,0
COLWRIT,9V,19652,001,Esp Engl Sci Engi,John Mcclain; Margi Wald,under,0,7,6,2,2,1,0,0,1,0,1,0,0,1,0
COLWRIT,9W,19658,001,Esp Speech Debate,Brandon Spars; Brandon Spars; Margi Wald,under,1,15,1,0,0,0,0,0,0,0,0,0,1,0,0
COLWRIT,9Y,19660,001,Esp Creative Wrti,Joyce Podevyn; Margi Wald,under,2,0,2,1,2,3,1,0,1,0,0,0,2,1,0
COLWRIT,N2,19410,002,Wrtg The Bridge,Kyle Livie; Kyle Livie,under,0,0,0,0,0,0,0,0,0,0,0,0,0,12,1
COLWRIT,N2,19412,003,Wrtg The Bridge,Benjamin Spanbock,under,0,0,0,0,0,0,0,0,0,0,0,0,0,13,1
COLWRIT,N2,19414,004,Wrtg The Bridge,Elizabeth Williams; Elizabeth Williams,under,0,0,0,0,0,0,0,0,0,0,0,0,0,13,1
COLWRIT,N2,19420,007,Wrtg The Bridge,Benjamin Spanbock,under,0,0,0,0,0,0,0,0,0,0,0,0,0,13,1
COLWRIT,R1A,19404,002,College Writing 1,Donnett Flash; Donnett Flash,under,0,0,4,3,4,0,0,0,1,0,0,0,1,0,0
COLWRIT,R4A,19422,001,Reading & Comp,Daniel Husman; Daniel Husman,under,0,2,6,2,2,0,0,0,0,0,0,0,0,1,0
COLWRIT,R4A,19424,002,Reading & Comp,Jonathan Lang,under,0,1,5,4,2,1,0,1,0,0,0,0,0,2,0
COLWRIT,W9,19566,001,Eng As A Sec Lang,Linda O'Roke; Margi Wald,under,0,0,0,0,0,0,0,0,0,0,0,0,0,15,4
COLWRIT,W9,19568,002,Eng As A Sec Lang,Katherine Ha; Margi Wald,under,0,0,0,0,0,0,0,0,0,0,0,0,0,13,3
COLWRIT,W9,19570,003,Eng As A Sec Lang,Ellen Rosenfield; Margi Wald,under,0,0,0,0,0,0,0,0,0,0,0,0,0,13,1
COM LIT,N60AC,20108,002,Lit Amer Cultures,Marianne Kaletzky; Marianne Kaletzky; Miryam Sas,under,1,9,1,4,2,2,0,0,0,0,0,0,0,3,0
COM LIT,N60AC,20110,003,Lit Amer Cultures,Keith Budner; Keith Budner; Miryam Sas,under,3,6,3,1,1,1,2,1,0,0,0,0,1,2,0
COM LIT,N60AC,20106,001,Lit Amer Cultures,Jordan Greenwald; Jordan Greenwald; Miryam Sas,under,0,10,4,0,1,1,1,2,0,0,0,1,1,5,0
COM LIT,R1B,20102,001,Engl Comp World L,Laura Wagner; Laura Wagner; Miryam Sas,under,0,1,0,1,2,4,0,1,0,0,0,0,1,0,0
COMPSCI,10,24002,001,Beauty Joy Comput,Alexander Mckinney; Alexander Mckinney; Ian Birnam; Ian Birnam,under,8,12,7,4,5,2,3,1,0,0,1,0,1,6,4
COMPSCI,188,24138,001,Artif Intelligenc,Daniel Garcia; Daniel Garcia; Davis Foote; Davis Foote; Jacob Andreas; Jacob Andreas,under,8,26,19,31,22,6,7,3,3,0,1,1,2,8,5
COMPSCI,61A,24012,001,Str Interp Cmp Pr,Brian Hou; Brian Hou; Marvin Zhang; Marvin Zhang,under,48,52,34,50,54,20,11,5,7,5,4,3,14,27,17
COMPSCI,61BL,24054,001,Data Strs Prog Me,Alan Yao; Alan Yao; Sarah Kim; Sarah Kim,under,8,18,23,43,44,24,23,14,6,0,5,0,14,13,19
COMPSCI,61C,24072,001,Machine Structure,Justin Hsia; Justin Hsia; Shreyas Chand; Shreyas Chand,under,5,22,26,14,29,10,8,14,12,0,1,0,7,1,4
COMPSCI,70,24094,001,Discrete Math&P,Christos Alexandros Psomas; Christos-Alexandros Psomas; David Dinh; David Dinh; Fan Ye; Fan Ye,under,7,42,35,61,40,23,18,14,8,0,0,0,13,3,6
CRWRIT,120,20402,001,Read & Write Poetry,Claire Marie Stancek; Claire Stancek,under,0,12,3,1,0,0,0,0,0,0,0,0,0,2,0
CRWRIT,130,20404,001,Creative Prose,Serena Le; Serena Le,under,2,21,0,0,0,0,0,0,0,0,0,0,0,0,1
CY PLAN,110,18502,001,Intro To City Pln,David Amos; David Amos; Robert Cervero,under,0,10,8,1,2,7,0,1,0,0,0,0,0,2,1
CY PLAN,113B,18504,001,Commty & Econ Dev,Alainna Thomas; Alainna Thomas,under,2,3,9,5,2,2,0,1,0,1,0,0,0,1,0
CY PLAN,114,18506,001,Intro Urb Reg Tra,Andrea Broaddus; Andrea Broaddus,under,0,4,4,5,5,3,3,1,0,0,0,0,0,1,0
CY PLAN,118AC,18508,001,The Urban Comm,Ricardo Huerta; Ricardo Huerta,under,1,9,3,2,1,1,0,1,0,0,0,0,0,2,0
DUTCH,177,21402,001,Dutch Art Hist/Lit,Ireen Esmee Van Der Hoeven,under,1,18,2,0,0,0,0,0,1,0,0,0,0,1,0
EA LANG,109,21706,001,Tea Cultures,John Wallace,under,1,6,1,1,2,0,0,0,0,0,0,1,1,2,0
ECON,1,21902,001,Intro To Economics,Monica Deza; Monica Deza,under,6,14,39,22,47,19,8,12,5,0,6,0,7,11,3
ECON,100A,21930,001,Micro Analysis,Scott Carson,under,0,40,19,5,13,9,4,8,7,3,3,1,13,7,2
ECON,100B,21946,001,Macro Analysis,Raymond Hawkins,under,4,29,23,14,9,2,0,1,0,0,3,0,1,4,1
ECON,105,21956,001,Hist Econ Thought,Joseph Lough,under,0,2,2,2,2,1,0,0,0,0,0,0,0,5,0
ECON,121,21960,001,Ind Org & Pub P,Marquise Mcgraw; Marquise Mcgraw,under,0,12,3,2,6,1,0,0,0,0,0,0,0,0,0
ECON,133,21973,001,Glob Ineq And Growt,Calanit Kamala; Calanit Kamala,under,0,5,3,3,3,2,1,1,0,0,0,0,0,0,1
ECON,136,21974,001,Financial Economics,Sandhyarani Patlolla,under,3,18,7,7,7,5,0,0,1,0,0,0,2,5,0
ECON,140,21976,001,Econometrics,Scott Carson,under,0,35,9,10,11,11,2,3,4,1,4,1,9,3,7
ECON,155,21992,001,Urban Econ,Marquise Mcgraw; Marquise Mcgraw,under,4,13,6,3,0,0,0,0,0,0,0,0,0,1,0
ECON,182,22001,001,Intl Monet Econ,Michael Jansson,under,1,5,5,6,1,1,2,0,0,0,0,0,0,5,0
ECON,197,22058,021,Field Study,Martha Olney; Martha Olney,under,0,0,0,0,0,0,0,0,0,0,0,0,0,29,5
ECON,C125,21962,001,Environmental Econ,Liang Lu; Liang Lu,under,1,6,1,1,0,1,2,1,0,0,0,0,0,0,1
ECON,C3,21920,001,Intro To Env Econ,Claire Duquennois; Claire Duquennois,under,0,4,2,2,2,1,4,1,1,1,0,0,4,1,0
ECON,N110,21958,001,Game Theory Soc Sci,Sandhyarani Patlolla,under,0,10,12,14,9,7,5,1,1,0,0,0,2,4,0
ECON,N181,22000,001,Internat'L Trade,Calanit Kamala; Calanit Kamala,under,3,15,5,7,6,3,2,0,4,0,0,0,1,0,1
EDUC,130,22522,001,Know Learn Math Sci,Edward Ham; Edward Ham,under,0,8,2,1,0,0,0,0,0,0,0,0,0,1,0
EDUC,149,22528,001,Teach Lang Arts,P Pearson,under,3,18,0,0,0,0,0,0,0,0,0,0,0,0,0
EDUC,38,22501,001,Strat Succ In Sci.,Nailah Suad-Bakari; Venus Dawson,under,0,7,7,6,3,0,0,0,0,0,0,0,1,17,1
EDUC,39B,22508,002,Fresh/Soph Seminar,Nailah Suad-Bakari; Venus Dawson,under,0,4,6,5,1,0,0,0,0,0,0,0,0,2,0
EDUC,N190,22534,002,Critical Studies,Glynda Hull,under,1,6,1,0,1,0,1,0,0,0,0,0,1,0,0
EDUC,N190,22536,003,Critical Studies,Glynda Hull,under,2,9,4,1,2,0,1,1,1,0,0,0,0,0,0
EDUC,N190,22532,001,Critical Studies,Glynda Hull,under,0,16,0,0,0,0,0,0,0,0,0,0,0,1,0
EDUC,N190,22538,004,Critical Studies,Glynda Hull,under,0,7,7,1,2,0,0,0,0,0,0,0,1,1,0
EDUC,W140A,22526,001,Art Of Making Mean,Glynda Hull,under,0,7,11,2,6,1,0,3,0,0,0,0,1,14,2
"ENE,RES",190,24809,001,"Ene,Env Seminar",Julian Fulton; Julian Fulton,under,0,10,2,2,1,1,0,0,0,0,0,0,1,2,0
"ENE,RES",C100,24802,001,"Energy, Society",Jeffery Greenblatt,under,5,0,1,2,0,1,2,1,0,1,0,0,1,2,0
ENGIN,W7,25207,001,Intr Computer Prog,Andrew Packard; Andrew Packard; Panayiotis Papadopoulos; Panayiotis Papadopoulos,under,0,8,12,2,4,3,3,0,1,1,1,0,2,1,0
ENGLISH,N117S,25722,001,Shakespeare,Kent Puckett,under,0,11,3,1,1,0,0,0,0,0,0,0,1,0,0
ENGLISH,N125D,25724,001,20th Century Nove,Donna Jones; Donna Jones,under,0,5,8,2,1,0,4,0,0,0,0,0,1,0,0
ENGLISH,N141,25726,001,Modes Of Writing,Kirsten Tranter,under,2,6,7,3,10,1,1,0,0,0,0,0,0,3,0
ENGLISH,N166,25730,002,Special Topics,Jasper Bernes; Jasper Bernes,under,1,6,5,3,3,2,1,0,1,0,0,0,0,2,0
ENGLISH,N166,25728,001,Special Topics,Kent Puckett,under,0,11,25,3,1,0,0,0,0,0,0,0,0,0,0
ENGLISH,N173,25732,001,Lang & Lit Films,Mitchell Breitwieser,under,0,12,11,5,2,1,1,0,0,0,0,0,0,2,0
ENGLISH,N180Z,25734,001,Science Fiction,Donna Jones; Donna Jones,under,0,4,6,5,1,2,1,0,0,0,0,0,0,2,0
ENGLISH,N1A,25702,001,Reading And Comp,Adam Ahmed; Adam Ahmed; Mitchell Breitwieser,under,0,6,6,5,0,0,0,0,0,0,0,0,0,0,0
ENGLISH,N1B,25710,001,1st-Yr Read & Com,Mitchell Breitwieser; Rosalind Diaz; Rosalind Diaz,under,0,6,0,1,2,0,1,0,1,0,0,0,1,0,0
ENGLISH,R1AN,25704,001,1st-Yr Read & Com,Elizabeth Keithley; Elizabeth Keithley,under,0,2,3,7,2,0,2,0,0,0,0,0,0,0,0
ENGLISH,R1AN,25708,003,1st-Yr Read & Com,Mark Bauer; Mark Bauer; Mitchell Breitwieser,under,0,4,3,3,6,0,0,0,0,0,0,0,1,0,0
ENGLISH,R1AN,25706,002,1st-Yr Read & Com,Luisa Giulianetti,under,0,0,1,6,8,0,1,0,0,0,0,0,0,0,0
ENV DES,1,26002,001,Intro To Env Des,W Martin,under,0,13,23,11,5,1,0,0,0,0,0,0,0,1,0
ENV DES,100,26030,001,The City,Pietro Calogero; Pietro Calogero,under,4,4,4,3,2,3,0,1,0,0,0,0,1,0,0
ENV DES,9,26022,001,Intro To Env Des,Kimberly Smith; Kimberly Suczynski,under,1,24,11,2,1,2,0,0,0,0,0,0,0,0,0
ENVECON,C1,22402,001,Intro To Env Econ,Claire Duquennois; Claire Duquennois,under,0,4,1,3,1,0,0,1,0,0,0,0,1,0,1
ENVECON,C101,22412,001,Environmental Eco,Liang Lu; Liang Lu,under,1,6,5,2,4,1,4,5,0,4,0,1,0,1,0
EPS,20,21510,001,Earthquakes,Horst Rademacher,under,0,6,0,0,7,0,0,3,0,0,2,0,0,10,0
EPS,20,21512,002,Earthquakes,Sean Ford; Sean Ford,under,0,20,41,13,4,3,1,1,2,0,0,0,1,6,0
EPS,80,21514,001,Environ Earth Sci,Stephen Andrews,under,3,1,0,2,1,1,0,0,0,0,0,0,0,2,0
EPS,80,21516,002,Environ Earth Sci,Stephen Andrews,under,3,15,14,10,4,9,0,1,2,0,0,0,3,13,1
EPS,N82,21518,001,Intro To Oceans,Douglas Long; Douglas Long,under,1,11,9,9,16,7,5,9,7,0,2,0,4,13,2
EPS,N82,21520,002,Intro To Oceans,Kristine Okimura,under,1,2,3,0,1,1,0,0,0,2,0,0,0,0,0
EPS,W12,21508,001,The Planets,Burkhard Militzer,under,0,2,0,1,1,0,0,0,0,0,0,0,0,14,3
ESPM,105A,26640,001,Sierra Nevada Ecol,Kevin O'Hara,under,0,12,8,11,4,1,0,0,0,0,0,0,0,0,0
ESPM,105B,26642,001,For Measurements,Kevin O'Hara,under,0,5,9,4,10,4,3,0,1,0,0,0,0,0,0
ESPM,105C,26644,001,Silviculture & Util,Kevin O'Hara,under,2,7,3,0,22,1,0,1,0,0,0,0,0,0,0
ESPM,105D,26646,001,For Mgmt & Assess,Kevin O'Hara,under,0,6,15,11,4,0,0,0,0,0,0,0,0,0,0
ESPM,15,26601,001,Intro Environ Sci,Timothy Markowitz,under,0,8,3,1,3,0,1,0,0,0,0,0,0,5,0
ESPM,169,26648,001,Intnatl Env Politic,William Burns; William Burns,under,3,13,11,7,1,0,0,0,0,0,0,0,0,1,0
ESPM,50AC,26602,001,Intro Cult/Res Mgt,Kenneth Worthy; Kenneth Worthy,under,0,33,9,5,2,2,0,0,1,0,0,0,1,10,0
ESPM,50AC,26612,002,Intro Cult/Res Mgt,Kenneth Worthy; Kenneth Worthy,under,0,25,10,4,1,1,1,0,0,0,0,0,0,2,0
ESPM,C103,26639,001,Prin Conserv Biol,Timothy Markowitz,under,0,5,0,1,3,1,1,0,0,0,0,0,0,0,0
ETH STD,101A,27530,001,Soc Sci Methods,John Dougherty; John Dougherty,under,0,9,1,2,2,0,0,0,1,0,0,0,0,0,1
ETH STD,101B,27534,002,Humanities Method,Keith Feldman,under,1,3,4,1,3,0,0,0,0,0,0,0,0,0,0
ETH STD,10AC,27502,001,Hist Of Race West,Justin Gomer; Justin Gomer,under,0,5,5,1,5,1,0,1,2,0,1,0,0,1,0
ETH STD,122AC,27538,001,Eth/Race In Am Fi,William Gow; William Gow,under,0,11,6,1,0,1,0,1,0,0,0,0,0,6,0
ETH STD,122AC,27540,002,Eth/Race In Am Fi,Edgar Mojica; Edgar Mojica; Raymond Telles,under,0,26,14,4,2,2,1,0,0,0,0,0,1,9,1
ETH STD,135,27542,001,U.S. Immigration,Pablo Gonzalez; Pablo Gonzalez,under,0,15,0,0,0,0,0,0,0,0,0,0,0,2,0
ETH STD,144AC,27544,001,Racism And U.S. L,Trina Thompson Stanley,under,4,2,1,0,1,0,0,1,0,0,0,0,0,1,0
ETH STD,147AC,27546,001,Women/Color In Us,Laura Perez,under,2,6,1,1,0,0,0,0,0,0,0,0,1,1,1
ETH STD,182AC,27554,001,"Race, Rights, Cit",Michael Chang; Michael Chang,under,0,3,3,4,1,1,0,0,0,0,0,0,0,1,0
ETH STD,21AC,27518,001,Comp Surv Ethnic,Michael Schulze-Oechtering; Michael Schulze-Oechtering,under,0,2,9,5,16,1,1,2,0,0,0,0,0,5,0
ETH STD,N180,27548,001,Sel Top Es Std Ab,Carlos Munoz,under,4,2,13,0,0,1,0,0,0,0,0,0,0,4,1
ETH STD,N180,27550,002,Sel Top Es Std Ab,Ramon Grosfoguel,under,14,23,6,5,0,0,0,0,0,0,0,0,0,0,0
ETH STD,N180,27552,003,Sel Top Es Std Ab,Hatem Bazian; Hatem Bazian; Ramon Grosfoguel,under,4,8,5,0,0,0,0,0,0,0,0,0,0,4,0
FILM,108,28212,001,Film Genre,Jeffrey Skoller; Jeffrey Skoller; Justin Vaccaro; Justin Vaccaro,under,2,8,6,3,2,2,2,0,0,0,0,0,0,2,0
FILM,128,28216,001,Documentary,Jeffrey Skoller; Jeffrey Skoller; Jennifer Blaylock; Jennifer Blaylock,under,0,6,5,2,4,3,0,0,0,0,0,0,0,0,0
FILM,129,28220,001,Avant-Garde Film,Eileen Jones; Eileen Jones,under,1,8,1,5,1,2,1,1,0,0,0,0,2,0,1
FILM,20,28205,001,Film/Media Culture,Kristen Whissel; Lisa Jacobson; Lisa Jacobson,under,1,17,13,12,2,10,0,0,0,0,0,0,0,0,0
FILM,25B,28206,001,History Of Film,Avy Valladares; Luis Valladares,under,3,3,4,5,1,0,0,0,0,0,0,0,0,0,0
FILM,50,28210,001,Film Intr:Nonmajors,Emily Carpenter; Emily Carpenter,under,5,1,8,2,4,2,1,2,3,1,2,7,3,7,3
FILM,R1B,28202,001,Writing-Film Focus,Jeffrey Skoller; Jeffrey Skoller; Katherine Guerra; Katherine Guerra,under,0,1,5,4,3,1,0,0,0,0,0,0,0,0,0
FRENCH,1,28706,003,Elementary French,Sarah Roberts; Sarah Roberts,under,2,4,3,1,0,0,0,0,0,0,0,0,1,6,0
FRENCH,1,28702,001,Elementary French,Marion Phillips; Marion Phillips; Seda Chavdarian,under,0,6,4,2,0,0,1,0,0,0,0,0,0,3,0
FRENCH,121A,28726,001,"Theme, Genre, Struc",Debarati Sanyal; Vanessa Brutsche; Vanessa Brutsche,under,0,3,1,2,1,1,1,1,0,0,0,0,0,1,0
FRENCH,2,28712,001,Elementary French,Seda Chavdarian; Victoria Bergstrom; Victoria Bergstrom,under,0,8,2,1,1,1,0,0,1,0,0,0,0,4,0
FRENCH,3,28714,001,Intermediate French,Matthew Evans; Matthew Evans; Vesna Rodic; Vesna Rodic,under,0,5,0,0,4,0,0,0,0,0,0,0,0,5,0
FRENCH,43A,28724,001,Aspects Fr Culture,Sarah Roberts; Sarah Roberts,under,1,14,6,1,0,1,0,0,0,0,0,0,1,9,0
FRENCH,R1B,28708,001,Eng Com With Fr Lit,Margot Szarke; Margot Szarke; Susan Maslan,under,0,3,1,1,3,1,0,1,2,0,0,0,0,0,0
FRENCH,R1B,28710,002,Eng Com With Fr Lit,Linda Louie; Linda Louie; Susan Maslan,under,0,5,4,1,0,0,0,0,0,0,0,0,0,0,0
GEOG,100,29509,001,Field Study Of Cuba,Elizabeth Vasile; Elizabeth Vasile,under,5,10,3,1,3,1,0,0,0,0,0,0,0,3,0
GEOG,138,29512,001,Global Environ Poli,Gustavo Oliveira; Gustavo Oliveira; Nathan Sayre,under,0,5,20,6,6,1,1,0,0,0,0,1,0,1,0
GEOG,182,29514,001,Field Study Cities,Nathan Sayre; Peter Ekman; Peter Ekman,under,0,9,6,3,2,0,1,0,0,0,0,0,0,2,0
GEOG,70AC,29508,001,Urban Experience,Nathan Sayre; Seth Lunine; Seth Lunine,under,0,10,3,2,5,0,0,0,0,0,0,0,0,1,0
GEOG,N130,29510,001,Food Environment,Anne Shattuck; Annie Shattuck; Nathan Sayre,under,0,11,3,1,2,0,0,0,0,0,1,0,2,1,0
GEOG,N20,29504,001,Globalization,Ilaria Giglioli; Ilaria Giglioli; Nathan Sayre,under,3,6,8,6,10,8,5,9,3,0,2,2,1,7,0
GEOG,N4,29502,001,Wrld Cultures Envts,Catherine Guimond; Catherine Guimond,under,2,5,3,4,0,1,0,0,0,0,0,0,0,3,0
GEOG,N50AC,29506,001,California,Nathan Sayre; William Payne,under,0,18,1,4,1,1,1,0,0,0,1,0,2,1,0
GERMAN,1,29802,001,Elementary German 1,Nikolaus Euba; Sarah Harris; Sarah Harris,under,0,3,0,2,2,1,0,0,0,0,0,0,0,5,0
GERMAN,2,29808,001,Elementary German 2,Kumars Salehi; Kumars Salehi; Nikolaus Euba,under,0,4,6,1,1,1,0,1,0,0,0,0,1,3,0
GERMAN,R5B,29822,002,Reading And Comp,Deniz Gokturk; Michael Fragomeni; Michael Fragomeni,under,1,7,4,1,1,2,0,0,0,0,0,0,1,0,0
GERMAN,R5B,29826,004,Reading And Comp,Deniz Gokturk; Scott Shell; Scott Shell,under,1,13,2,0,1,0,0,0,0,0,0,0,0,0,0
GERMAN,R5B,29824,003,Reading And Comp,Alicia Roy; Alicia Roy; Deniz Gokturk,under,0,11,3,1,2,0,0,0,0,0,0,0,0,0,0
GREEK,15,30702,001,The Greek Workshop,Daniel Esses; Daniel Esses; Kathleen Mccarthy,under,3,11,0,2,2,0,0,0,0,0,0,0,0,3,0
GWS,111,29016,002,Special Topics,Fouzieyha Towghi; Fouzieyha Towghi,under,0,6,0,1,1,0,0,0,0,0,0,0,2,0,2
GWS,40,29006,001,Special Topics,Barbara Barnes,under,4,16,4,1,0,0,0,1,0,0,0,0,1,2,0
GWS,R1B,29002,001,Reading & Comp,Alani Hicks-Bartlett; Alani Hicks-Bartlett,under,3,8,2,1,0,0,0,0,0,0,0,0,1,0,0
HISTART,108,12606,001,Cities And The Ar,Elaine Yau; Elaine Yau; Gregory Levine,under,0,4,0,1,1,1,1,2,1,0,0,0,1,1,0
HISTART,187AC,12610,001,American Art/Ac,Emma Silverman; Emma Silverman; Gregory Levine,under,1,5,2,2,1,0,0,0,0,0,0,0,0,1,0
HISTART,N182,12608,001,Hist Of Photograp,Gregory Levine; Sarah Cowan; Sarah Cowan,under,0,7,1,1,2,0,0,0,0,0,0,0,1,1,0
HISTART,R1B,12604,002,Visual Experience,Gregory Levine; Matthew Culler; Matthew Culler,under,0,3,2,3,2,1,0,0,0,0,0,0,0,2,0
HISTORY,100AC,31516,001,Topics Am Cult,Stephanie Jones-Rogers,under,4,2,8,2,1,1,0,1,0,0,0,0,1,8,0
HISTORY,100U,31523,001,Topics-Cmprtve,Wolfgang Petritsch,under,0,4,6,1,1,1,0,2,1,0,0,0,0,1,1
HISTORY,106B,31556,001,The Roman Empire,Carlos Norena; Carlos Norena,under,0,2,10,2,5,0,0,0,0,0,0,0,1,0,2
HISTORY,122AC,31526,001,Antebellum Americ,Robert Chester,under,0,4,7,4,0,1,0,0,0,0,0,0,3,6,0
HISTORY,7B,31502,001,The Us Civ War Pr,Daniel Robert; Daniel Robert,under,0,6,8,2,5,4,1,2,0,1,0,0,6,8,1
HISTORY,N100,31512,001,Short Course Topi,Stephanie Jones-Rogers,under,0,5,8,6,3,1,3,0,0,1,0,0,1,18,4
HISTORY,N100,31513,002,Short Course Topi,Margaret Chowning,under,0,2,4,1,3,1,1,0,0,1,1,0,1,5,0
HISTORY,N100,31514,003,Short Course Topi,Robert Chester,under,0,2,5,2,2,4,0,2,0,0,1,0,3,9,2
HISTORY,N109C,31524,001,Mid East 1750-Pre,Daniel Strieff,under,0,9,6,0,0,0,0,0,0,0,0,0,0,3,0
HISTORY,N124B,31528,001,U.S. Wwii-Vietnam,Sarah Selvidge; Sarah Selvidge,under,1,3,3,8,4,0,1,1,0,0,0,0,0,5,0
HISTORY,N131B,31530,001,U.S. Social Histo,Christopher Shaw; Christopher Shaw,under,0,4,3,0,3,3,1,0,0,0,0,0,1,8,0
HISTORY,N158C,31532,001,Europe 1914-Pres,David Wetzel,under,4,12,14,10,6,2,0,0,0,0,0,0,0,2,1
HISTORY,N160,31558,001,Mod Internatl Eco,Andrej Milivojevic; Andrej Milivojevic,under,0,5,5,1,0,0,0,0,0,0,0,0,0,0,0
HISTORY,N174T,31533,001,Coexist In Mod Eu,Daniel Sargent; Mark Peterson,under,2,3,4,2,2,2,0,0,0,0,0,0,0,0,0
IAS,106,35504,001,Inter Micro Theory,Andrew Stevens; Andrew Stevens,under,1,2,4,1,2,2,2,1,0,0,0,0,1,0,0
IAS,107,35506,001,Inter Macro Theory,Mario Muzzi,under,0,2,2,0,3,1,0,1,1,0,0,0,0,0,1
IAS,120,35510,002,Selected Topics,Scott Bailey,under,1,6,3,8,12,10,3,1,0,0,0,0,1,7,0
IAS,120,35512,003,Selected Topics,Scott Bailey,under,0,4,8,10,10,8,1,0,0,0,0,0,3,6,1
IAS,150,35516,002,Adv Std In Ias,Alan Karras; Andrew Reddie; Andrew Reddie,under,0,8,1,5,2,1,2,3,0,0,0,0,1,0,1
IAS,196,35524,003,Special Research,Alan Karras,under,4,14,2,3,6,0,0,0,0,0,0,0,0,18,0
IAS,196,35528,005,Special Research,Alan Karras,under,1,16,6,22,0,0,0,0,0,0,0,0,0,4,0
IAS,196,35542,008,Special Research,Alan Karras,under,1,1,6,2,2,4,0,0,1,0,0,0,0,33,1
IAS,196,35522,002,Special Research,Alan Karras,under,0,6,0,0,8,0,0,0,0,0,0,0,0,1,0
IAS,196,35530,006,Special Research,Alan Karras,under,0,4,0,0,8,0,0,0,0,0,0,0,0,8,0
IAS,196,35531,007,Special Research,Alan Karras,under,0,6,0,0,10,0,0,0,0,0,0,0,0,6,0
IAS,45,35502,001,Survy World History,Martin Renner,under,0,9,15,12,13,5,0,2,1,0,0,0,0,0,1
INTEGBI,116L,34522,001,Medical Parasit,John Sullivan; Judith Sakanari; Judith Sakanari,under,1,11,7,9,4,1,1,0,0,1,0,0,0,1,1
INTEGBI,128,34530,001,Sports Medicine,Charles Mclaughlin,under,3,12,4,3,11,2,2,3,1,0,0,0,0,1,0
INTEGBI,131,34536,001,Human Anatomy,Thomas Carlson; Thomas Carlson,under,7,16,6,6,17,12,4,4,2,0,0,0,3,3,1
INTEGBI,131L,34538,001,Human Anatomy Lab,Sarah Hykin; Sarah Hykin; Thomas Carlson; Thomas Carlson,under,3,3,3,1,5,3,0,2,0,0,0,0,1,0,1
INTEGBI,131L,34542,003,Human Anatomy Lab,Sunhee Kim; Sunhee Kim; Thomas Carlson; Thomas Carlson,under,2,2,3,0,0,3,1,6,0,0,2,0,0,0,1
INTEGBI,131L,34544,004,Human Anatomy Lab,Diana Chen; Diana Chen; Thomas Carlson; Thomas Carlson,under,0,3,2,2,3,1,3,1,0,0,0,0,0,0,0
INTEGBI,132,34546,001,Surv Human Physio,Nidhi Ahuja,under,0,2,6,8,12,2,5,2,1,1,2,0,5,1,1
INTEGBI,132L,34556,002,Mammal Physiol La,Nidhi Ahuja; Sofia Chang; Sofia Chang,under,0,9,4,4,1,0,0,0,0,0,0,0,0,0,0
INTEGBI,132L,34558,003,Mammal Physiol La,Austin Peck; Austin Peck; Nidhi Ahuja,under,0,7,4,2,1,1,0,0,0,0,0,0,0,0,0
INTEGBI,141,34568,001,Human Genetics,Gemma Niermann; Gemma Niermann,under,0,34,4,8,21,4,2,9,2,1,8,0,3,0,0
ITALIAN,1,35809,101,Elementary Italia,Giuliana Perco,under,2,1,3,1,1,1,0,0,0,0,0,0,0,3,0
ITALIAN,N160,35825,101,"Ital Hist, Soc, P",Giuliana Perco,under,0,7,5,1,0,0,0,0,0,0,0,0,0,2,0
ITALIAN,R5B,35818,101,Reading & Comp,Leslie Elwell; Leslie Elwell,under,0,0,4,3,5,3,0,0,0,0,0,0,0,0,0
JAPAN,1,36102,001,Elem Japan Intens,Keiko Yukawa; Mayu Loffgren; Yuriko Caltabiano,under,1,4,3,0,0,0,0,0,0,0,0,0,1,0,2
JAPAN,1,36104,002,Elem Japan Intens,Mayu Loffgren; Yasuko Baker; Yuriko Caltabiano,under,1,2,1,3,1,1,0,0,0,0,0,0,0,1,0
JAPAN,10,36114,001,Inter Japan Intens,Keiko Yukawa; Maki Takata,under,0,1,5,4,1,1,0,0,0,0,0,0,0,2,1
JAPAN,7A,36106,001,Premod Japan Lit,Elizabeth Reade; Elizabeth Reade; H Horton; Harry Horton,under,0,2,2,1,3,2,0,1,0,0,0,0,0,1,0
JAPAN,7B,36110,001,Modern Japan Lit,Christopher Gregory; Christopher Gregory; H Horton; Harry Horton,under,0,7,1,0,2,1,1,0,0,1,0,0,0,1,0
JOURN,100,36602,001,News Reporting,Gary Moskowitz; Harriet Chiang,under,0,60,0,0,21,0,0,1,0,0,0,0,0,2,0
JOURN,110,36604,001,Intro To Multimedia,Lakshmi Eassey; Lakshmi Eassey; Shaleece Haas; Shaleece Haas,under,30,40,3,2,1,0,1,0,2,0,0,0,1,0,0
JOURN,111,36606,001,Social Mdia Journ,Richard Hernandez,under,1,70,1,0,0,0,0,0,0,0,0,0,0,1,0
JOURN,115,36608,001,Adv Multimedia,Jeremy Rue; Jeremy Rue,under,16,47,2,1,1,0,1,0,0,0,0,0,2,0,0
JOURN,120,36610,001,Invest Reporting,Carl Hall,under,0,56,0,0,2,0,0,4,0,0,1,0,0,2,0
JOURN,130,36612,001,Specialty Reporting,Jason Folkmanis,under,0,7,3,5,1,1,0,0,0,0,0,0,1,1,0
KOREAN,10,37104,001,Inter Korean Intens,Kijoo Ko; Minsook Kim,under,2,6,4,0,0,0,0,0,0,0,0,0,0,1,0
L & S,W1,38902,001,Liberal Arts,Alix Schwartz; Alix Schwartz,under,0,0,0,0,0,0,0,0,0,0,0,0,0,148,16
LATAMST,160,37904,001,Politics Devl Chi,Tiffany Page; Tiffany Page,under,0,5,2,4,0,0,0,0,0,0,0,0,0,5,0
LATIN,15,37704,001,The Latin Workshop,Kathleen Mccarthy; Tom Recht; Tom Recht,under,4,7,2,2,2,1,0,0,0,0,0,0,1,4,0
LD ARCH,1,37302,001,Draw Green Future,Sahoko Yui,under,3,5,4,1,0,0,1,0,1,0,0,0,0,0,0
LD ARCH,12,37306,001,Env Sci Sustainab,G. Mathias Kondolf,under,1,0,2,1,4,0,1,3,0,0,0,0,0,0,0
LD ARCH,130,37314,001,Sustain Landscape,Kimberlee Anderson; Kimberlee Stryker,under,0,24,4,0,0,1,0,0,0,0,0,0,0,1,0
LEGALST,100,38602,001,Foundations Legal,Christopher Kutz; Christopher Kutz,under,3,7,2,10,13,7,0,0,0,0,0,0,1,2,0
LEGALST,104AC,38608,001,Youth Just & Cult,Elizabeth Brown,under,3,8,2,7,7,7,3,3,1,0,0,0,0,0,0
LEGALST,147,38614,001,Law & Economics,Corwin Vencill,under,2,16,5,4,1,0,0,1,0,0,1,0,2,3,0
LEGALST,157,38620,001,Intl Rel & Intl L,Farshad Ghodoosi,under,2,5,4,5,6,5,0,5,0,0,0,0,0,0,0
LEGALST,177,38626,001,Am Legal Const Hi,Robert Brown,under,0,7,4,2,16,7,3,2,1,0,0,0,2,0,1
LEGALST,182,38632,001,"Law, Politics & S",Malcolm Feeley,under,0,4,4,6,9,0,6,2,5,0,0,1,2,3,2
LINGUIS,100,39212,001,Intro Ling Sci,Nicholas Rolle; Nicholas Rolle,under,2,5,1,3,6,2,1,0,0,0,0,0,0,2,0
LINGUIS,151,39224,001,Lang & Gender,Tammy Stark; Tammy Stark,under,6,10,3,1,1,0,0,0,0,0,0,0,0,0,1
LINGUIS,153,39226,001,Speech In Society,Auburn Barron-Lutzross; Auburn Barron-Lutzross,under,0,6,3,4,1,1,0,1,0,0,0,0,1,0,0
LINGUIS,5,39206,001,Lang & Linguistic,Andrew Garrett; Matthew Faytak; Matthew Faytak,under,0,1,10,2,4,1,1,0,0,1,0,0,1,1,0
LINGUIS,C105,39216,001,Mind And Language,Oana David; Oana David,under,2,4,4,3,1,1,0,0,0,0,0,0,1,0,1
LINGUIS,R1B,39202,001,Endangered Langua,Andrew Garrett; Eric Prendergast; Eric Prendergast,under,1,10,1,0,0,0,0,1,1,0,0,0,0,0,0
LINGUIS,R2B,39205,001,Lang Ling In Sci,Andrew Garrett; Jevon Heath; Jevon Heath,under,0,2,2,2,2,2,0,1,0,0,0,0,1,0,0
MATH,104,39892,001,Intro To Analysis,Jonathan Gleason; Jonathan Gleason; Lawrence Evans,under,3,7,4,2,6,0,0,1,0,0,0,0,1,0,1
MATH,104,39900,003,Intro To Analysis,Khalilah Beal; Khalilah Beal,under,1,2,1,3,6,6,1,1,0,0,0,0,7,1,1
MATH,104,39896,002,Intro To Analysis,Michael Pejic; Michael Pejic,under,0,2,4,3,6,5,4,8,5,0,2,0,1,1,0
MATH,10A,40136,001,Methods Of Math,James Robertson; James Robertson; Lawrence Evans,under,0,6,6,4,6,1,4,1,1,2,1,0,1,3,2
MATH,10B,39725,001,Methods Of Math,Lawrence Evans; Theodore Zhu; Theodore Zhu,under,0,6,1,2,0,4,0,0,2,2,0,0,0,0,0
MATH,110,39904,001,Linear Algebra,Kai-Chieh Chen; Kai-Chieh Chen; Lawrence Evans,under,3,4,5,5,6,4,3,4,2,0,0,1,0,0,2
MATH,110,39908,002,Linear Algebra,Brandon Williams; Brandon Williams; Lawrence Evans,under,2,6,5,9,1,5,0,1,1,0,2,0,1,0,2
MATH,113,39912,001,Abstract Algebra,James Mcivor; James Mcivor; Lawrence Evans,under,5,4,6,4,6,4,1,0,4,0,1,0,2,1,0
MATH,113,39916,002,Abstract Algebra,Jesse Elliott; Jesse Elliott,under,2,2,7,1,0,2,5,2,0,0,0,0,6,1,1
MATH,115,39920,001,Intro Number Theory,Lawrence Evans; Shiyu Li; Shiyu Li,under,5,10,6,4,4,4,0,0,0,0,0,0,1,3,2
MATH,126,39924,001,Intro Part Dif Equa,Kevin O'Neill; Kevin Oneill; Lawrence Evans,under,3,3,2,5,2,3,5,0,1,0,0,0,1,0,2
MATH,128A,39926,001,Numerical Analysis,John Strain; John Strain,under,6,12,7,6,4,4,0,1,0,0,0,0,2,0,0
MATH,128A,39930,002,Numerical Analysis,Chen Shen; Chen Shen; Lawrence Evans,under,0,8,7,8,5,4,5,3,0,0,0,0,0,0,0
MATH,16A,39730,002,Anal Geo & Calculus,Lawrence Evans; Sierra Reyburn; Sierra Reyburn,under,7,8,5,1,2,0,1,2,1,0,0,0,2,0,0
MATH,16A,39734,003,Anal Geo & Calculus,Lawrence Evans; Ritwik Ghosh; Ritwik Ghosh,under,1,2,2,3,4,3,0,2,2,0,0,0,0,1,0
MATH,16A,39726,001,Anal Geo & Calculus,Jean Marie Stewart; Lawrence Evans,under,0,6,7,1,1,0,0,3,2,0,0,1,1,2,1
MATH,16B,39738,001,Anal Geo & Calculus,Lawrence Evans; Mira Peterka; Mira Peterka,under,2,7,3,2,2,2,4,4,2,0,0,0,6,0,2
MATH,16B,39746,003,Anal Geo & Calculus,Andrew Dudzik; Andrew Dudzik; Lawrence Evans,under,1,2,3,2,4,3,2,3,1,2,1,1,1,2,1
MATH,185,39934,001,Complex Analysis,Lawrence Evans; Samuel Ramsey; Samuel Ramsey,under,3,8,3,2,5,3,0,3,3,0,0,0,0,0,1
MATH,185,39938,002,Complex Analysis,Albert Ai; Albert Ai; Lawrence Evans,under,2,11,6,4,7,1,2,2,1,0,0,0,2,0,0
MATH,1A,39702,001,Calculus,Lawrence Evans; Michael Yeh; Michael Yeh,under,2,7,5,6,4,3,4,3,2,0,1,0,1,1,0
MATH,1A,39706,002,Calculus,Kyle Russ-Navarro; Kyle Russ-Navarro; Lawrence Evans,under,0,6,5,1,9,2,1,3,1,0,1,0,3,1,1
MATH,1B,39710,001,Calculus,Jeffmin Lin; Jeffmin Lin; Lawrence Evans,under,2,8,2,4,7,3,2,5,3,0,0,0,2,1,0
MATH,1B,39714,002,Calculus,Kevin Wray; Kevin Wray; Lawrence Evans,under,2,4,3,4,14,1,0,2,1,0,0,0,0,0,0
MATH,1B,39718,003,Calculus,Jianwei Xiao; Jianwei Xiao; Lawrence Evans,under,4,13,2,2,9,1,0,1,1,0,0,0,1,0,1
MATH,1B,39722,004,Calculus,Archit Kulkarni; Archit Kulkarni; Lawrence Evans,under,6,5,3,4,4,1,2,4,0,0,0,0,2,0,1
MATH,32,39750,001,Precalculus,Arash Farahmand; Lawrence Evans,under,1,2,6,0,1,3,0,5,2,0,4,0,1,2,0
MATH,32,39758,003,Precalculus,Richard Gibson; Richard Gibson,under,1,8,12,2,17,4,1,5,0,0,0,0,1,15,3
MATH,32,39754,002,Precalculus,Michael Leong; Mike Leong,under,0,6,2,4,9,1,0,0,0,0,0,0,1,7,1
MATH,53,39772,001,Multivar Calculus,Lawrence Evans; Nima Moini; Nima Moini,under,8,5,0,4,8,3,0,4,0,0,0,0,3,0,0
MATH,53,39776,002,Multivar Calculus,Lawrence Evans; Mani Mahdinia; Mani Mahdinia,under,4,1,2,3,7,6,1,4,0,4,0,2,2,0,2
MATH,53,39784,004,Multivar Calculus,Cristian Mihai Munteanu; Lawrence Evans,under,4,7,4,6,5,2,1,2,0,0,0,0,1,1,1
MATH,53,39788,005,Multivar Calculus,Calvin Mcphail-Snyder; Calvin Mcphail-Snyder; Lawrence Evans,under,1,5,1,2,3,2,3,1,4,0,2,0,4,0,1
MATH,53,39792,006,Multivar Calculus,Kun Chen; Kun Chen; Lawrence Evans,under,1,6,1,1,4,1,1,2,2,0,0,0,3,0,1
MATH,53,39780,003,Multivar Calculus,Bryan Brown; Bryan Brown; Lawrence Evans,under,0,4,5,8,2,1,2,2,2,1,2,0,2,0,2
MATH,54,39800,001,Lin Alg & Diff,Christopher Miller; Christopher Miller; Lawrence Evans,under,2,6,2,2,8,4,3,4,3,0,0,0,2,0,1
MATH,54,39804,002,Lin Alg & Diff,Chiyu Jiang; Chiyu Jiang; Lawrence Evans,under,2,6,5,5,6,4,3,2,1,0,1,0,2,0,1
MATH,54,39808,003,Lin Alg & Diff,Kyle Miller; Kyle Miller; Lawrence Evans,under,2,6,4,4,5,4,1,2,2,0,0,0,2,1,2
MATH,54,39812,004,Lin Alg & Diff,Lawrence Evans; Ruochen Liang; Ruochen Liang,under,2,4,3,2,10,3,5,2,0,0,2,0,3,0,2
MATH,54,39816,005,Lin Alg & Diff,Lawrence Evans; Onyebuchi Ekenta; Onyebuchi Ekenta,under,2,5,1,4,2,1,1,2,0,1,4,1,3,2,1
MATH,54,39820,006,Lin Alg & Diff,Jason Ferguson; Jason Ferguson; Lawrence Evans,under,1,7,2,6,5,0,1,2,0,0,1,1,1,0,1
MATH,54,39824,007,Lin Alg & Diff,Lawrence Evans; Michael Klug; Michael Klug,under,2,11,4,0,4,1,1,0,3,0,4,0,2,0,0
MATH,54,39828,008,Lin Alg & Diff,Doosung Park; Doosung Park; Lawrence Evans,under,4,4,4,4,6,4,2,3,2,0,1,0,2,1,0
MATH,55,39832,001,Discrete Math,Benjamin Castle; Benjamin Castle; Lawrence Evans,under,3,4,6,5,5,6,2,4,2,0,0,0,1,0,1
MATH,55,39836,002,Discrete Math,Derek Hollowood; Derek Hollowood; Lawrence Evans,under,1,9,3,3,6,2,3,3,3,0,3,0,2,1,0
MATH,55,39840,003,Discrete Math,Arash Farahmand,under,4,12,5,0,4,3,0,5,0,0,2,0,2,0,2
MATH,96,39844,001,College Algebra,Michael Wong; Michael Wong,under,2,27,3,6,10,2,4,4,0,0,2,0,0,25,29
MATH,W53,39796,001,Multivar Calculus,Michael Hutchings,under,4,27,30,34,30,19,6,10,0,0,5,0,13,7,4
MCELLBI,102,42762,001,Surv Biochem &,Natalia Caporale; Natalia Caporale,under,6,41,16,13,48,33,15,39,15,0,15,0,12,3,4
MCELLBI,32,42702,001,Intro Human Physi,Robin Ball; Robin Ball,under,1,14,6,7,9,2,4,5,1,2,0,0,3,6,1
MCELLBI,32L,42708,001,Int Human Phys La,Robin Ball; Robin Ball,under,3,21,8,0,1,2,1,2,0,0,2,0,2,3,0
MCELLBI,63,42716,001,Intro Funct Neuro,David Larue,under,7,11,9,7,7,6,8,7,3,0,5,0,2,11,2
MCELLBI,C112,42786,001,Gen Microbiology,Kathleen Ryan,under,0,2,0,2,3,1,5,0,1,1,1,2,1,0,1
MCELLBI,C112L,42792,001,Microbiology Lab,Irania Alarcon; Irania Alarcon,under,1,1,0,2,2,1,0,1,1,0,0,0,0,1,0
MCELLBI,C64,42718,001,Exploring The Bra,Natalia Caporale; Natalia Caporale,under,3,7,4,6,4,10,7,11,0,0,3,0,2,2,0
MCELLBI,W61,42714,001,Brain Mind Behavi,David Presti,under,0,58,0,10,29,12,0,15,8,0,3,0,5,32,1
MEC ENG,104,40520,001,Engr Mechanics Ii,Oliver O'Reilly,under,0,3,2,2,9,7,1,1,2,0,3,0,1,0,0
MEC ENG,106,40524,001,Fluid Mechanics,Jocelyn Bale-Glickman; Jocelyn Bale-Glickman,under,1,11,4,5,5,3,2,6,0,0,0,0,1,0,0
MEC ENG,109,40534,001,Heat Transfer,David Rich; David Rich,under,2,2,2,9,5,3,0,2,1,0,0,1,1,1,0
MEC ENG,110,40538,001,Intro Product Dev,Mark Martin,under,0,6,28,8,5,1,0,0,0,0,0,0,0,2,0
MEC ENG,191K,40546,001,Prof Communicatio,Marcel Kristel,under,0,19,0,2,1,0,0,0,0,0,0,0,0,2,0
MEC ENG,40,40502,001,Thermodynamics,Christopher Dames; Christopher Dames; Miguel Sierra Aznar; Miguel Sierra Aznar,under,2,4,5,5,5,10,4,3,2,2,0,0,1,0,0
MEC ENG,W85,40506,001,Intro Solid Mechn,Sanjay Govindjee,under,0,4,4,1,10,5,0,3,5,0,3,0,4,0,1
MEDIAST,N10,41402,001,Intro To Mediast,Josh Jackson,under,0,9,20,12,16,9,5,5,4,2,4,2,6,5,5
MUSIC,128T,43444,001,The Amer Musical,Cindy Cox; Melanie Gudesblatt; Melanie Gudesblatt,under,1,7,2,1,2,1,0,0,0,0,0,0,0,0,0
MUSIC,140,43460,001,Javanese Gamelan,Midiyanto Midiyanto,under,2,14,0,0,0,0,0,0,0,0,0,0,0,0,0
MUSIC,140,43462,002,Javanese Gamelan,Midiyanto Midiyanto,under,2,14,0,0,0,0,0,0,0,0,0,0,0,0,0
MUSIC,140,43464,003,Javanese Gamelan,Midiyanto Midiyanto,under,2,12,0,0,0,0,0,0,0,0,0,0,0,0,1
MUSIC,143,43468,001,Gospel Chorus,Doniel Wilson,under,16,0,1,0,0,2,0,0,0,0,0,0,0,2,1
MUSIC,158A,43471,001,Music And Computing,David Coll; David Coll,under,0,15,0,0,0,0,0,0,0,0,0,0,0,1,1
MUSIC,20A,43406,003,Basic Musicianship,Robert Yamasato; Robert Yamasato,under,1,14,2,1,1,1,2,1,0,0,0,0,1,9,0
MUSIC,20A,43408,004,Basic Musicianship,Merav Singer; Merav Singer,under,4,14,8,4,0,0,0,0,0,0,0,0,1,2,0
MUSIC,20A,43402,001,Basic Musicianship,Amalya Lehmann; Amalya Lehmann; Cindy Cox,under,0,6,2,2,1,0,0,0,0,0,0,0,0,3,1
MUSIC,20A,43410,005,Basic Musicianship,Matthew Hough,under,0,13,7,1,0,0,1,0,0,0,0,1,0,1,1
MUSIC,25A,43412,001,Music Theory,Cindy Cox; James Apgar; James Apgar,under,1,13,4,1,0,0,0,0,0,0,0,0,0,2,0
MUSIC,29,43418,001,Music Now,Edmund Campion,under,19,6,1,0,1,1,0,1,0,0,0,0,0,4,0
MUSIC,44,43422,001,Voice Class,Candace Johnson,under,9,8,0,0,0,0,0,1,0,0,0,0,0,2,0
MUSIC,44,43424,002,Voice Class,Candace Johnson,under,6,14,0,0,0,0,0,0,0,0,0,0,1,1,0
MUSIC,44,43425,003,Voice Class,Candace Johnson,under,7,7,0,1,0,0,0,0,0,0,0,0,0,3,0
MUSIC,45,43426,001,Beginning Piano 1,Jacqueline Chew,under,0,11,0,1,0,0,0,0,0,0,0,0,1,2,1
MUSIC,45,43428,002,Beginning Piano 1,Jacqueline Chew,under,0,11,0,0,0,0,1,0,0,0,0,0,0,2,0
MUSIC,45,43430,003,Beginning Piano 1,Jacqueline Chew,under,0,9,0,0,0,0,0,0,0,0,0,0,1,4,1
MUSIC,45A,43432,001,Adv Beginning Piano,Jacqueline Chew,under,1,5,1,0,0,0,0,0,1,0,0,0,0,4,0
MUSIC,N142,43466,001,Univ Wind Ensemble,Robert Calonico,under,0,12,0,0,0,0,0,0,0,0,0,0,0,1,0
MUSIC,N148,43470,001,African Mus Perf,Cornelius Ladzekpo,under,16,40,0,0,0,0,0,0,0,0,0,0,0,3,0
MUSIC,N26AC,43414,001,Music In Amer Cul,Cindy Cox; Ofer Gazit; Ofer Gazit,under,11,10,3,4,2,0,0,0,0,0,1,0,0,15,0
MUSIC,N26AC,43416,002,Music In Amer Cul,Cindy Cox; Elizabeth De Martelly; Elizabeth De Martelly,under,16,14,2,1,10,2,0,0,0,0,0,0,1,10,2
NATAMST,151,44120,001,Nat Amer Philos,Diane Pearson,under,0,7,1,1,0,3,0,0,0,0,0,0,0,0,0
NATAMST,R1A,44102,001,"Reading,Compositi",Beth Piatote; Sonia Hart; Sonia Suarez,under,0,12,5,0,0,0,0,0,0,0,0,0,1,0,0
NATAMST,R1A,44106,002,"Reading,Compositi",Sonia Hart; Sonia Suarez; Thomas Biolsi,under,0,8,7,3,0,0,0,0,0,0,0,0,0,0,0
NATAMST,R1B,44110,001,"Reading,Compositi",Angela Aguilar; Angela Aguilar; Beth Piatote,under,6,6,1,2,1,0,1,0,0,0,0,0,0,0,0
NATAMST,R1B,44114,002,"Reading,Compositi",Cynthia Ledesma; Cynthia Ledesma; Thomas Biolsi,under,0,7,3,1,0,0,0,0,1,0,0,0,0,0,0
NE STUD,R1A,44502,001,Read Comp Ne Stud,Aria Fani; Aria Fani; Carol Redmount,under,3,10,4,0,0,0,0,0,0,0,1,0,0,0,0
NE STUD,R1A,44504,002,Read Comp Ne Stud,Carol Redmount; Roy Fisher; Roy Fisher,under,0,4,6,3,3,0,0,0,0,0,0,0,0,0,0
NUSCTX,10,46302,001,Intro Human Nutr,Nastaran Faghihnia; Nastaran Faghihnia,under,1,14,21,7,3,4,1,0,0,1,0,0,0,6,1
NUSCTX,10,46306,002,Intro Human Nutr,Nastaran Faghihnia; Nastaran Faghihnia,under,4,21,39,8,7,0,3,1,0,0,0,0,1,13,1
NWMEDIA,90,45804,001,Intro New Media,Greg Niemeyer; Lark Buckingham; Megan Buckingham,under,6,5,2,0,0,0,0,0,0,0,0,0,0,0,0
NWMEDIA,R1B,45802,001,New Media R&C,Greg Niemeyer; Nicholaus Gutierrez; Nicholaus Gutierrez,under,0,5,7,0,0,1,0,0,0,0,0,0,2,0,0
PACS,127,47104,001,Hr And Global Poli,Tetsushi Ogata,under,0,6,4,4,6,3,2,2,4,1,1,0,2,7,0
PACS,159,47108,001,Con Res Intes Train,Beth Roy; Beth Roy,under,0,36,1,0,0,0,0,0,0,0,0,0,1,3,0
PB HLTH,107,50872,001,Viol Soc Jst Pb H,Sarah Gamble,under,0,4,4,6,1,1,0,0,0,0,0,0,0,3,1
PB HLTH,118,50703,001,Nutr Developng Ct,Lia Fernald; Lia Fernald,under,0,13,0,0,0,0,0,0,0,0,0,0,0,1,0
PB HLTH,141,50706,001,Intro Biostat,Maureen Lahiff,under,9,40,24,3,3,0,0,0,0,0,0,0,0,1,0
PB HLTH,150D,50716,001,Intro Hlth Pol Mg,Robin Flagg; Robin Flagg,under,8,9,18,9,5,4,1,1,0,0,0,0,0,4,0
PB HLTH,162A,50718,001,Pub Hlth Microbio,Peter Dailey; Peter Dailey,under,4,5,3,5,6,5,3,1,1,0,2,0,5,3,0
PB HLTH,C155,50717,001,Soc Of Hlth & M,Joshua Seim; Joshua Seim,under,0,5,2,3,1,0,1,0,0,0,0,0,0,1,0
PHILOS,128,47350,001,Phil Of Science,Paul Skokowski,under,0,1,1,2,1,3,1,1,0,1,0,0,0,5,0
PHILOS,12A,47322,001,Intro To Logic,Hannah Ginsborg; Russell Buehler; Russell Buehler,under,2,2,2,6,2,1,2,1,2,0,0,0,1,2,2
PHILOS,12A,47326,002,Intro To Logic,Ethan Jerzak; Ethan Jerzak; Hannah Ginsborg,under,3,8,3,3,1,2,1,1,0,0,0,0,1,7,2
PHILOS,132,47354,001,Philosophy Of Mind,Katrina Winzeler; Katrina Winzeler,under,0,10,11,5,3,0,1,0,0,0,0,0,0,0,0
PHILOS,135,47358,001,Theory Of Meaning,Arpy Khatchirian; Arpy Khatchirian,under,0,5,0,10,7,2,1,3,0,0,0,0,0,2,0
PHILOS,160,47362,001,Plato,Klaus Corcilius,under,0,3,5,4,6,3,1,1,0,0,0,0,0,1,0
PHILOS,2,47302,001,Ind Moral/Soc Just,Dylan Murray; Dylan Murray; Hannah Ginsborg,under,0,2,3,6,7,2,0,0,0,0,0,0,0,2,1
PHILOS,2,47306,002,Ind Moral/Soc Just,Daniel Khokhar; Daniel Khokhar; Hannah Ginsborg,under,0,2,6,3,3,1,2,4,0,2,2,0,1,7,1
PHILOS,2,47309,003,Ind Moral/Soc Just,Florian Grosser,under,0,5,11,10,7,3,2,3,1,0,0,0,0,10,0
PHILOS,25A,47330,001,Ancient Philosophy,Hannah Ginsborg; Justin Vlasits; Justin Vlasits,under,0,2,4,2,1,0,1,0,0,0,0,0,0,0,0
PHILOS,25A,47334,002,Ancient Philosophy,Hannah Ginsborg; Quinn Gibson; Quinn Gibson,under,0,6,4,9,0,0,0,0,0,0,0,0,3,1,0
PHILOS,25B,47338,001,Modern Philosophy,Timothy Crockett; Timothy Crockett,under,0,2,2,1,2,2,1,1,1,0,0,0,0,0,0
PHILOS,25B,47342,002,Modern Philosophy,Timothy Crockett; Timothy Crockett,under,0,6,1,12,4,5,3,1,0,1,0,0,1,1,0
PHILOS,3,47314,002,Nature Of Mind,Adam Bradley; Adam Bradley; Hannah Ginsborg,under,0,5,4,5,5,4,1,1,0,0,0,0,0,9,0
PHILOS,3,47310,001,Nature Of Mind,Alex Kerr; Alexander Kerr; John Macfarlane,under,0,0,1,1,4,0,3,2,1,0,0,0,0,4,0
PHYS ED,1,47702,201,Pe Activities,Toni Mar,under,0,5,0,0,0,0,0,1,0,0,0,0,2,9,3
PHYS ED,1,47704,202,Pe Activities,Toni Mar,under,0,1,0,0,2,0,0,0,0,0,0,0,1,14,4
PHYS ED,1,47706,203,Pe Activities,Priya Shah; Vishnupriya Shah,under,0,4,0,0,0,0,0,0,0,0,0,0,0,19,0
PHYS ED,1,47708,204,Pe Activities,Priya Shah; Vishnupriya Shah,under,0,4,0,0,0,0,0,0,0,0,0,0,0,11,0
PHYS ED,32,47710,001,Fitness: Phs Ada/,Sue Johannessen,under,1,4,2,0,1,0,0,0,0,0,0,0,0,4,0
PHYSICS,111A,48148,001,Instrumentation L,Joseph Broz; Joseph Broz; Kevin Hayakawa; Kevin Hayakawa; Matthias Reinsch; Matthias Reinsch; Ryan Smith; Ryan Smith; Seth Hirsh,under,3,8,3,3,5,2,0,0,0,0,0,0,0,0,0
PHYSICS,137A,48152,001,Quantum Mechanics,Charles Wohl,under,3,10,10,6,8,8,5,3,4,0,0,0,5,0,0
PHYSICS,39,48123,001,Low Div Phys Sem,Eric Hunter; Eric Hunter; Holger Mueller; Sylvia Lewin; Sylvia Lewin; Thomas Mittiga; Thomas Mittiga,under,0,1,1,1,0,0,0,0,0,0,0,0,0,12,0
PHYSICS,77,48134,001,Intro Comp Tech P,Amin Jazaeri,under,0,10,1,0,0,1,0,0,0,0,0,0,0,1,0
PHYSICS,7A,48002,001,Scient Engin Phys,Matthias Reinsch; Matthias Reinsch,under,3,7,4,8,7,8,7,6,4,0,0,0,1,2,1
PHYSICS,7B,48020,001,Scient Engin Phys,Michael Bloxham,under,0,13,6,7,12,8,5,10,6,0,1,0,2,0,2
PHYSICS,7C,48038,001,Scient Engin Phys,Alex Frano Pereira,under,1,5,5,5,4,4,3,3,3,0,0,0,0,3,2
PHYSICS,8A,48052,001,Intro Physics,William Golightly; William Golightly,under,11,14,5,14,15,13,7,9,4,0,2,1,4,0,5
PHYSICS,8B,48090,001,Intro Physics,Terrence Buehler; Terrence Buehler,under,6,14,9,15,17,5,6,13,8,0,2,0,1,2,1
PLANTBI,C112,48710,001,Gen Microbiology,Kathleen Ryan,under,1,1,1,4,3,2,1,2,0,1,0,0,1,1,0
POL SCI,116U,49642,001,Topics Pol Theory,Eric Schickler; Geoffrey Upton; Geoffrey Upton,under,0,10,10,3,5,1,0,2,0,0,2,1,5,2,1
POL SCI,123B,49652,001,Topics Intntl Rel,Andrew Bertoli; Andrew Bertoli; Eric Schickler,under,1,18,20,8,4,2,1,0,0,0,0,0,0,1,0
POL SCI,129B,49662,001,Russia After Comm,Michael Fish,under,1,10,13,3,4,2,0,1,0,0,1,1,0,0,0
POL SCI,142A,49692,001,Middle East Pol,Mahmood Monshipouri,under,0,37,10,4,3,2,2,1,1,1,1,0,1,1,0
POL SCI,150,49716,001,Amer Legal System,Eric Schickler; Susan Ostermann; Susan Ostermann,under,1,7,26,19,4,1,0,0,0,0,0,0,0,2,0
POL SCI,2,49612,001,Intro Comparat Po,Eric Schickler; Tara Buss; Tara Buss,under,9,6,2,7,3,8,6,8,5,1,2,0,1,3,1
POL SCI,3,49622,001,Empirical Analysi,Andrew Bertoli; Andrew Bertoli; Eric Schickler,under,4,22,24,7,7,1,6,0,0,0,0,1,0,0,0
POL SCI,N1AC,49602,001,Intro Amer Pol,Eric Schickler; Jacob Grumbach; Jacob Grumbach,under,3,13,12,9,5,4,4,4,0,0,1,0,6,11,1
POL SCI,W135,49672,001,Game Theory,Sean Gailmard,under,0,11,3,4,3,7,6,7,5,0,0,0,9,13,13
POL SCI,W145A,49702,001,Poli Dev India,Pradeep Chhibber,under,0,6,14,15,25,10,7,3,2,0,0,0,2,25,5
POLECON,100,49202,001,Theory Of Pol Eco,Stephanie Ballenger; Stephanie Ballenger,under,0,4,4,10,4,3,1,1,0,0,0,0,1,1,0
POLECON,101,49204,001,Contemp Theo Pol,Fatmir Haskaj,under,0,8,15,6,2,5,1,2,2,0,0,0,1,0,1
PSYCH,10,50212,001,Res & Data Anal,Arman Catterson; Arman Catterson,under,7,2,0,2,1,1,0,0,0,0,0,0,1,1,0
PSYCH,101,50282,001,Res & Data Anal,Arman Catterson; Arman Catterson,under,7,2,1,1,2,0,2,2,0,0,0,0,3,0,0
PSYCH,136,50302,001,Human Sexuality,James Mc Hale; James Mchale,under,0,39,4,0,7,0,0,1,0,0,0,1,2,4,1
PSYCH,139,50304,001,Clinical Case Study,Ephrem Fernandez,under,4,5,8,5,10,5,5,1,0,0,0,0,2,4,0
PSYCH,3,50206,001,How The Brain Works,Robin Ball; Robin Ball,under,3,20,11,7,11,8,2,11,2,2,5,0,6,43,3
PSYCH,6,50208,001,Stress And Coping,Christopher Gade; Christopher Gade,under,4,14,21,7,24,15,20,20,21,0,6,0,6,46,6
PSYCH,7,50210,001,Person In Big Data,Arman Catterson; Arman Catterson,under,63,50,21,7,7,8,3,5,2,0,3,0,2,21,2
PSYCH,C64,50258,001,Exploring The Brain,Natalia Caporale; Natalia Caporale,under,1,5,5,3,6,4,6,6,4,0,1,2,7,4,1
PSYCH,N1,50202,001,General Psychology,Davina Chan; Davina Chan,under,66,32,9,10,15,7,3,14,4,2,7,2,12,8,3
PSYCH,N110,50292,001,Introd Biol Psych,Davina Chan; Davina Chan,under,21,60,6,4,16,4,4,7,1,0,2,0,0,2,1
PSYCH,N130,50296,001,Clinical Psychology,James Mc Hale; James Mchale,under,0,5,2,1,3,1,0,0,0,0,1,1,1,2,0
PSYCH,N134,50298,001,Health Psychology,Aaron Fisher,under,3,10,3,4,3,4,1,2,0,0,0,0,0,1,0
PSYCH,N135,50300,001,Treating Mental Ill,Ephrem Fernandez,under,2,1,3,4,3,5,3,1,1,0,0,0,1,4,0
PSYCH,N140,50306,001,Development Psych,Amy Strage; Amy Strage,under,13,22,6,1,3,2,0,0,0,1,1,0,0,1,0
PSYCH,N140,50308,002,Development Psych,Amy Cook; Amy Cook,under,0,22,15,3,3,2,0,0,0,0,0,0,3,3,0
PSYCH,N150,50310,001,Personality Psych,Oliver John,under,7,18,10,7,3,13,4,4,1,2,2,0,2,8,2
PSYCH,N160,50312,001,Social Psychology,Christopher Gade; Christopher Gade,under,22,31,18,15,17,12,6,8,5,4,5,1,7,15,6
PSYCH,N180,50314,001,Indust/Organ Psych,Shreya Sarkar-Barney,under,1,18,14,7,10,8,5,0,0,0,0,0,0,3,1
PSYCH,W1,50204,001,General Psychology,John Kihlstrom,under,0,21,19,11,12,13,9,14,0,0,2,0,0,55,3
RHETOR,10,51806,001,Reason And Argument,Dale Carrico; Norman Carrico,under,1,5,4,5,3,1,0,0,0,0,0,0,0,1,0
RHETOR,156,51824,001,Political Novel,Jerilyn Sambrooke; Jerilyn Sambrooke; Michael Mascuch; Michael Mascuch,under,0,3,3,5,2,1,0,0,0,0,0,0,0,0,0
RHETOR,2,51804,001,Public Speaking,Michael Dalebout; Michael Dalebout; Michael Mascuch; Michael Mascuch,under,1,7,2,2,2,0,0,0,0,0,0,0,0,3,0
RHETOR,R1B,51802,001,Craft Of Writing,Michael Mascuch; Michael Mascuch; Richard Grijalva; Richard Grijalva,under,0,2,9,2,2,0,0,0,0,0,0,0,0,1,0
S ASIAN,R5A,56204,002,Great Books India,Padma Maitland; Padma Maitland; Robert Goldman,under,0,4,4,2,2,1,1,0,0,0,0,0,0,0,0
"S,SEASN",148,56004,001,Philhistory,Maria Barrios-Leblanc,under,10,14,0,0,0,0,0,0,0,0,0,0,0,0,0
"S,SEASN",160,56006,001,Phil Cult Politic,Maria Barrios-Leblanc,under,9,15,0,0,0,0,0,0,0,0,0,0,0,0,0
SCANDIN,R5B,52302,001,Reading & Comp,Ida Johnson; Ida Johnson; Karin Sanders,under,0,8,3,0,2,0,0,2,1,0,0,0,0,1,0
SCANDIN,R5B,52304,101,Reading & Comp,Monica Hidalgo; Monica Hidalgo,under,0,4,8,2,0,0,1,0,0,0,0,0,0,0,0
SCANDIN,R5B,52306,102,Reading & Comp,Monica Hidalgo; Monica Hidalgo,under,0,7,3,3,1,1,0,0,0,0,0,0,0,0,0
SLAVIC,R5B,53602,001,Reading And Comp,Lyubov Golburt; Lyubov Golburt; Thomas Dyne; Thomas Dyne,under,1,10,2,0,1,0,0,0,0,0,0,0,1,0,0
SLAVIC,R5B,53604,101,Reading And Comp,Lyubov Golburt; Lyubov Golburt; Matthew Kendall; Matthew Kendall,under,0,3,8,2,0,2,0,0,0,0,0,0,0,0,0
SOC WEL,105,54910,001,Intro Chld Welf,Veronica Piper-Jefferson,under,13,2,4,0,0,0,0,0,0,0,0,0,0,5,1
SOC WEL,110,54912,001,Soc Wk As A Prof,Christina Feliciana; Christina Feliciana,under,0,34,9,0,1,0,0,0,0,0,0,0,0,0,0
SOC WEL,112,54918,001,Soc Welfare Polic,Genevieve Graaf; Genevieve Graaf; Hanna Mark; Hanna Mark; Jill Berrick; Jill Duerr,under,5,6,11,2,3,3,2,0,1,0,0,1,0,4,1
SOC WEL,114,54924,001,Practice In Soc W,Reiko Boyd; Reiko Boyd,under,4,9,11,6,8,0,0,0,0,0,0,0,0,2,0
SOC WEL,148,54932,001,Sub Abuse Trmt,Amanda Reiman; Amanda Reiman,under,3,9,2,2,1,1,0,0,0,0,0,0,0,5,0
SOC WEL,150L,54934,001,Soc Wk & Sexualit,Alexandra Lutnick; Alexandra Lutnick,under,0,10,1,0,0,0,0,1,0,1,0,1,0,0,0
SOC WEL,155,54938,001,Hum Svcs Fndraisi,Kimberly Klein,under,2,13,0,0,2,0,0,0,0,0,0,0,1,1,0
SOC WEL,186,54940,001,Domestic Violence,Jennifer Jackson,under,3,6,4,0,0,0,0,0,0,0,0,0,0,2,0
SOC WEL,197,54942,001,Field Study,Christina Feliciana; Christina Feliciana,under,0,0,0,0,0,0,0,0,0,0,0,0,0,33,1
SOCIOL,110,55510,001,Org & Soc Insti,Linus Huang; Linus Huang,under,13,8,1,5,8,7,1,2,2,1,1,1,3,1,0
SOCIOL,111AC,55512,001,Socio Of The Family,Mario Castillo; Mario Castillo; Michael Burawoy,under,1,6,9,5,3,2,1,1,0,0,0,0,1,1,0
SOCIOL,113AC,55516,001,Education,Fithawee Tzeggai; Fithawee Tzeggai; Michael Burawoy,under,1,7,4,8,5,0,0,0,1,0,0,0,1,1,1
SOCIOL,130,55518,001,Soc Inequalities,John Kaiser; John Kaiser,under,1,2,2,4,6,0,0,1,0,0,0,0,0,0,0
SOCIOL,131AC,55520,001,Race/Eth Rel:Am Cul,Andrew Barlow,under,1,4,6,2,5,3,2,1,0,0,0,0,0,2,0
SOCIOL,140,55522,001,Polit & Soc Cha,Laleh Behbehanian; Laleh Behbehanian,under,2,10,12,5,4,1,3,0,1,0,0,0,2,1,2
SOCIOL,150,55524,001,Social Psych,Brian Powers; Brian Powers,under,0,11,15,17,0,0,0,0,0,0,0,0,0,1,0
SOCIOL,160,55526,001,Sociol Of Culture,Matthew Rowe; Matthew Rowe; Michael Burawoy,under,2,3,5,5,2,1,1,1,0,0,1,0,0,0,1
SOCIOL,167,55528,001,Virtual Communities,Edwin Lin; Edwin Lin,under,0,31,5,1,0,0,0,1,0,0,0,0,1,2,0
SOCIOL,190,55530,001,Sem & Res In So,Edwin Ackerman; Edwin Ackerman; Michael Burawoy,under,1,4,2,2,2,2,0,0,0,0,0,0,0,0,0
SOCIOL,3AC,55502,001,Prin Soc: Am Cultur,Kristen Nelson; Kristen Nelson; Michael Burawoy,under,4,14,7,1,4,8,4,1,0,0,1,0,2,4,1
SOCIOL,5,55504,001,Eval Of Evidence,James Lamb; James Lamb; Michael Burawoy,under,1,8,12,5,3,2,2,1,1,0,0,0,2,0,0
SOCIOL,C112,55514,001,Sociology Religion,Matteo Bortolini,under,3,2,1,0,0,1,2,1,0,0,1,0,0,0,0
SOCIOL,C115,55517,001,Soc Of Hlth & M,Joshua Seim; Joshua Seim; Michael Burawoy,under,0,3,6,1,3,2,0,0,0,1,0,0,0,3,0
SOCIOL,N1H,55501,001,Intro To Sociology,Laura Thomson,under,3,4,4,1,1,1,0,0,0,0,0,0,0,2,0
SPANISH,1,58204,002,Elem Spanish,Caterina Riley; Caterina Riley; Miriam Hernandez-Rodriguez,under,0,4,4,0,3,1,0,0,0,0,0,0,0,2,0
SPANISH,102A,58218,001,Adv Gram And Comp,Camilo Jaramillo; Camilo Jaramillo Castrillon; Estelle Tarica,under,1,5,2,1,0,0,0,0,0,0,0,0,1,0,0
SPANISH,121,58222,001,Cont Span Hist/Cu,Ignacio Navarrete; Maria Fernandez-Vega; Maria Fernandez-Vega,under,1,14,5,2,0,0,0,0,0,0,0,0,0,2,0
SPANISH,135,58228,002,Hispanic Literatu,Flor Lopez; Flor Lopez Malagamba; Natalia Brizuela,under,2,4,3,2,3,0,0,0,0,0,0,0,1,2,0
SPANISH,2,58206,001,Elem Spanish,Maria Ochoa Villicana; Maria Ochoa-Villicana; Miriam Hernandez-Rodriguez,under,0,2,0,1,3,0,0,1,0,0,0,0,0,3,0
SPANISH,3,58207,001,Intermed Spanish,Azucena Hernandez-Ramirez; Azucena Hernandez-Ramirez; Miriam Hernandez-Rodriguez,under,0,4,1,1,1,2,1,0,0,0,0,0,0,4,1
SPANISH,4,58210,001,Intermed Spanish,Daniel Rodriguez; Daniel Rodriguez; Miriam Hernandez-Rodriguez,under,0,5,4,4,0,3,0,0,0,0,1,0,0,1,0
SPANISH,N3,58208,001,Intermed Spanish,Ignacio Navarrete; Victoria Robertson,under,0,4,0,0,1,0,1,0,0,0,0,0,0,10,1
SPANISH,N4,58212,001,Intermed Spanish,Ignacio Navarrete; Victoria Robertson,under,0,12,1,0,1,0,0,0,0,0,0,0,0,3,0
STAT,0PX,58702,001,Preparatory Stat,Michael Jordan; Priya Kalra; Priya Kalra,under,0,0,0,0,0,0,0,0,0,0,0,0,0,37,2
STAT,133,58738,001,Computing Data,Michael Jordan; Thanh-Nhan Do; Thanh-Nhan Do,under,1,9,6,3,2,1,0,0,0,0,0,0,1,2,1
STAT,134,58742,001,Concepts Of Prob,Michael Jordan; Wenpin Tang; Wenpin Tang,under,3,9,4,5,14,5,1,8,4,2,3,3,3,6,6
STAT,135,58750,001,Concepts Of Stat,Seema Singh Saharan,under,7,22,11,4,10,4,1,1,1,0,0,0,2,2,0
STAT,155,58756,001,Game Theory,Hyunyoung Choi,under,7,14,7,12,13,15,7,6,4,1,0,1,0,4,3
STAT,2,58712,001,Intro To Stat,Seema Singh Saharan,under,10,43,14,4,10,3,1,3,4,0,0,0,2,7,0
STAT,20,58720,001,Intro Prob Stat Cal,Fletcher Ibser; Fletcher Ibser,under,6,7,5,8,4,5,9,7,7,0,3,0,4,1,0
STAT,98,58732,001,Directed Group Stdy,Michael Wong; Michael Wong; Philip Stark,under,0,0,0,0,0,0,0,0,0,0,0,0,0,37,2
STAT,W21,58726,001,Intro Prob Stat Bus,Fletcher Ibser; Fletcher Ibser,under,21,23,18,32,31,30,26,16,19,0,5,0,14,2,8
THEATER,10,59510,002,Fund. Of Acting I,John Fisher; John Fisher,under,2,11,3,0,0,0,0,0,0,0,0,0,0,2,0
THEATER,10,59512,003,Fund. Of Acting I,Maureen Tang; Maureen Tang,under,3,3,4,0,0,1,0,0,0,0,0,0,1,0,0
THEATER,113A,59520,001,Irish Theater,Joy Christine Nicholson,under,0,8,6,0,0,0,0,0,0,0,0,0,0,0,0
THEATER,114,59524,002,Performance Wrksh,Michael Mansfield,under,3,5,3,5,0,0,0,0,0,0,0,0,0,2,0
THEATER,114,59526,003,Performance Wrksh,Sean San Jose,under,0,3,5,1,2,0,0,0,0,0,0,0,0,1,0
THEATER,114,59528,004,Performance Wrksh,Jessica Hirigoyen,under,0,9,4,3,0,0,0,0,0,0,0,0,0,2,0
THEATER,118AC,59530,001,"Perf, Tv, Soc Med",Abigail De Kosnik; Christian Nagler; Christian Nagler; Takeo Rivera; Takeo Rivera,under,87,32,9,7,6,0,0,4,2,0,1,1,6,49,8
THEATER,5,59504,002,Public Speaking,Samuel Haley-Hill; Samuel Haley-Hill,under,0,18,0,1,0,0,0,0,0,0,0,0,0,1,0
THEATER,5,59506,003,Public Speaking,Samuel Haley-Hill; Samuel Haley-Hill,under,0,17,0,0,1,0,0,0,0,0,0,0,0,2,0
THEATER,52AC,59516,001,Dance In Am Cultu,Jenefer Johnson,under,0,9,2,1,2,1,0,0,0,0,0,0,0,2,0
UGBA,101A,14802,001,Microeconomic Analy,Thomas Mccullough,under,0,5,5,3,4,2,2,3,0,0,0,0,0,5,0
UGBA,101B,14810,002,Macroeconomics,Steven Wood,under,1,8,10,19,20,12,12,8,7,0,7,0,6,5,1
UGBA,101B,14806,001,Macroeconomics,John Gonzales,under,0,7,3,3,5,3,1,3,1,0,0,0,1,0,0
UGBA,102A,14816,001,Intro Fin Account,Francis Stanton,under,2,2,3,7,2,2,0,0,0,0,0,0,0,0,0
UGBA,102A,14820,002,Intro Fin Account,Rada Brooks,under,6,13,7,4,5,4,2,3,0,0,0,0,0,1,1
UGBA,102A,14832,005,Intro Fin Account,John Briginshaw; John Briginshaw,under,6,13,7,9,7,6,3,2,0,0,0,0,0,0,0
UGBA,102A,14824,003,Intro Fin Account,James Webb,under,0,17,13,3,4,1,0,0,3,1,0,0,2,2,0
UGBA,102B,14840,002,Intro Manager Acct,Jose Plehn-Dujowich,under,5,27,15,4,4,0,3,0,0,0,0,0,0,5,0
UGBA,102B,14836,001,Intro Manager Acct,Jose Plehn-Dujowich,under,0,11,8,0,0,0,0,0,0,0,0,0,0,0,0
UGBA,103,14844,001,Intro To Finance,Donatella Taurasi,under,6,11,6,8,3,4,1,2,0,0,0,0,0,7,2
UGBA,103,14848,002,Intro To Finance,Avinash Verma; Avinash Verma,under,3,5,7,10,7,12,3,1,0,0,2,0,1,3,0
UGBA,103,14852,003,Intro To Finance,John Gonzales,under,0,10,7,10,7,5,2,6,1,0,1,0,2,6,3
UGBA,105,14858,001,Leading People,Janet Brady,under,1,9,14,7,3,7,3,0,0,0,0,0,0,2,0
UGBA,105,14860,002,Leading People,Holly Schroth,under,1,15,11,11,10,4,1,0,0,0,0,0,0,0,0
UGBA,105,14861,003,Leading People,Jo-Ellen Pozner Zeitlin,under,3,9,3,4,4,2,3,1,0,0,0,0,0,2,0
UGBA,106,14862,001,Marketing,Meir Karlinsky,under,2,4,10,6,9,1,2,1,1,0,0,0,1,8,0
UGBA,106,14864,002,Marketing,Meir Karlinsky,under,4,3,8,10,9,10,0,1,1,0,0,0,0,3,0
UGBA,106,14868,004,Marketing,David Robinson,under,1,6,8,5,7,6,4,1,8,0,0,0,2,6,0
UGBA,106,14870,005,Marketing,Wasim Azhar,under,3,8,28,7,5,1,1,0,0,0,0,0,0,0,0
UGBA,106,14866,003,Marketing,David Robinson,under,0,11,2,6,3,8,1,3,3,0,2,0,3,8,1
UGBA,107,14872,001,Soc & Pol Eth Env,Alan Ross,under,0,5,8,11,8,2,0,0,0,0,0,0,0,4,0
UGBA,118,14874,001,International Trade,Steven Wood,under,0,3,5,11,9,5,10,6,3,0,2,0,3,1,0
UGBA,120AA,14878,001,Int Fin Acct 1,James Webb,under,0,5,5,3,3,2,0,1,0,0,0,0,0,0,0
UGBA,120AB,14886,001,Int Fin Accnting 2,Francis Stanton,under,3,2,5,0,4,3,0,0,0,0,0,0,0,2,0
UGBA,127,14898,001,Spec Topics In Acct,John Briginshaw; John Briginshaw,under,2,5,4,2,5,1,0,0,0,0,0,0,0,0,0
UGBA,127,14902,002,Spec Topics In Acct,Satyaraj Berde,under,3,3,13,4,3,1,1,0,0,0,0,0,0,3,0
UGBA,131,14904,001,Corp Fin Analysis,Avinash Verma; Avinash Verma,under,4,10,15,17,6,3,0,0,0,0,0,0,0,6,1
UGBA,132,14908,001,Fin Instit & Mrkts,Samuel Olesky,under,4,9,14,14,6,7,2,2,1,0,0,1,0,0,0
UGBA,133,14912,001,Investments,Samuel Olesky,under,2,9,12,10,13,8,2,0,0,0,0,0,0,1,0
UGBA,133,14916,002,Investments,Arash Namvar; Arash Namvar,under,2,39,7,2,4,3,0,5,0,0,1,0,5,4,0
UGBA,136F,14920,001,Behavioral Finance,Konstantin Magin; Konstantin Magin,under,0,10,0,0,13,0,0,5,0,0,0,0,2,0,0
UGBA,137,14922,001,Spec Topics In Fin,Konstantin Magin; Konstantin Magin,under,0,20,0,0,3,0,0,0,0,0,1,0,3,1,1
UGBA,151,14924,001,Mgmt Human Resourcs,Brenda Fellows,under,0,0,2,0,0,8,3,1,0,0,0,0,0,1,0
UGBA,152,14926,001,Negotiation,Cort Worthington; Cort Worthington,under,0,10,6,9,4,0,0,0,0,0,0,0,0,0,0
UGBA,155,14928,001,Leadership,Daniel Mulhern,under,0,9,15,6,2,0,0,0,0,0,0,0,0,1,0
UGBA,160,14930,001,Consumer Behavior,William Fanning,under,0,9,10,10,9,5,4,2,1,2,0,0,0,6,0
UGBA,165,14934,001,Advertise Strategy,William Fanning,under,0,6,5,9,2,2,5,2,0,3,0,0,0,4,0
UGBA,175,14936,001,Legal Aspects,Alan Ross,under,0,8,6,7,3,7,5,7,3,1,3,0,1,8,0
UGBA,178,14938,001,Intro Internatl Bus,Daniel Himelstein,under,0,18,39,55,9,0,0,0,0,0,0,0,2,6,1
UGBA,178,14940,002,Intro Internatl Bus,Daniel Himelstein,under,0,6,19,26,6,0,1,0,0,0,0,0,0,4,0
UGBA,190T,14942,001,Topics Innov/Design,Omar Romero-Hernandez,under,0,6,11,11,4,0,0,0,0,0,0,0,1,5,0
UGBA,191C,14944,001,Comm For Leaders,Ericka Lutz,under,0,8,6,9,3,1,0,0,0,0,0,0,0,0,0
UGBA,192T,14950,001,Topics In Csr,Omar Romero-Hernandez,under,0,1,9,4,0,0,0,0,0,0,0,0,1,2,0
UGBA,193C,14952,001,Cpt Int'L Stdnts,Erika Burns; Erika Walker,under,0,0,0,0,0,0,0,0,0,0,0,0,0,22,7
UGBA,193I,14964,002,Business Abroad,David Rochlin; David Rochlin,under,1,7,9,4,0,1,0,0,0,0,0,0,0,3,1
UGBA,193I,14953,001,Business Abroad,David Rochlin; David Rochlin,under,0,4,12,5,1,0,1,0,0,0,0,0,0,1,0
UGBA,196,14954,001,Spec Topics Bus Adm,Todd Fitch; Todd Fitch,under,0,19,2,0,0,0,0,0,0,0,0,0,0,0,0
UGBA,196,14956,002,Spec Topics Bus Adm,Ryan Sloan,under,0,13,14,2,0,0,0,0,0,0,0,0,0,0,0
UGBA,196,14957,004,Spec Topics Bus Adm,Ryan Sloan,under,0,7,11,3,0,0,0,0,0,0,0,0,0,0,0
UGBA,196,14966,003,Spec Topics Bus Adm,Todd Fitch; Todd Fitch,under,0,28,1,0,0,0,0,0,0,0,0,0,0,0,0
UGIS,189,59804,001,Integrate Research,Edward Ham; Edward Ham; Nick Pleskac,under,1,11,0,0,0,0,0,0,0,0,0,0,0,0,0
UGIS,82,59802,001,K-8 Teaching,Marlo Warburton; Marlo Warburton,under,4,10,2,0,0,0,0,0,0,0,0,0,0,1,0
UGIS,W157,59830,001,Experiential Learn,Joel Clark,under,0,10,4,0,0,0,0,0,0,0,0,0,0,8,0
UGIS,W157,59836,004,Experiential Learn,Joel Clark,under,0,10,3,0,0,0,0,0,0,0,0,0,0,4,2
UGIS,W157,59840,006,Experiential Learn,Joel Clark,under,0,24,2,0,0,1,0,0,0,0,1,0,0,2,1
UGIS,W157,59844,008,Experiential Learn,Joel Clark,under,0,24,4,0,0,0,0,0,0,0,0,0,0,5,2
UGIS,W157,59846,009,Experiential Learn,Joel Clark,under,0,7,1,0,0,0,0,0,0,0,0,0,0,9,4
UGIS,W157,59848,010,Experiential Learn,Joel Clark,under,0,8,7,0,0,0,0,0,0,0,1,0,0,7,1
UGIS,W157,59852,012,Experiential Learn,Joel Clark,under,0,27,8,2,0,0,0,1,0,0,0,0,0,26,11
UGIS,W157,59854,013,Experiential Learn,Joel Clark,under,0,15,3,0,0,2,0,0,0,0,0,0,0,1,0
UGIS,W158,59812,003,Global Citizenship,Jeroen Dewulf,under,2,4,3,0,1,0,0,0,0,0,0,0,0,0,0
UGIS,W158,59814,004,Global Citizenship,Jeroen Dewulf,under,5,11,3,1,1,0,0,1,0,0,0,0,0,5,1
UGIS,W158,59818,006,Global Citizenship,Jeroen Dewulf,under,4,7,2,0,2,0,0,0,0,0,0,0,0,2,1
UGIS,W158,59820,007,Global Citizenship,Jeroen Dewulf,under,1,8,0,0,1,0,0,0,2,0,0,0,0,4,0
UGIS,W158,59824,009,Global Citizenship,Jeroen Dewulf,under,8,8,0,0,0,0,0,2,0,0,0,0,0,2,1
UGIS,W158,59826,010,Global Citizenship,Jeroen Dewulf,under,3,10,1,1,1,0,1,0,0,0,0,0,1,8,0
UGIS,W158,59803,001,Global Citizenship,Jeroen Dewulf,under,0,9,1,0,0,1,0,0,0,0,0,0,0,0,1
VIS STD,185X,26302,001,Word And Image,Kate Hawkinson,under,3,13,7,1,1,0,1,0,0,0,0,0,0,0,0
VIS STD,187A,26308,001,Freehand Drawing,Kate Hawkinson,under,3,13,1,1,1,0,0,0,0,0,0,0,0,5,0
DATASCI,W201,34202,001,Res Dsgn Data Ana,Lefteris Anastasopoulos; Lefteris Anastasopoulos,grad,1,14,0,0,0,0,0,0,0,0,0,0,0,0,0
DATASCI,W201,34204,002,Res Dsgn Data Ana,Lefteris Anastasopoulos; Lefteris Anastasopoulos,grad,3,9,0,0,0,1,0,0,0,0,0,0,0,0,0
DATASCI,W201,34206,003,Res Dsgn Data Ana,Brooks Ambrose,grad,2,13,0,0,0,0,0,0,0,0,0,0,0,0,0
DATASCI,W201,34208,004,Res Dsgn Data Ana,Brooks Ambrose,grad,2,10,0,0,0,0,0,0,0,0,0,0,0,0,0
DATASCI,W201,34209,005,Res Dsgn Data Ana,Peter Norlander,grad,6,7,1,0,0,0,0,0,0,0,0,0,0,0,0
DATASCI,W201,34264,006,Res Dsgn Data Ana,Brooks Ambrose,grad,2,12,0,0,0,0,0,0,0,0,0,0,0,0,0
DATASCI,W203,34210,001,Stat For Data Sci,Ali Sanaei,grad,4,5,4,1,1,0,0,0,0,0,0,0,0,0,0
DATASCI,W203,34214,003,Stat For Data Sci,Blaine Robbins,grad,3,2,5,3,1,0,0,0,0,0,0,0,0,0,0
DATASCI,W203,34217,005,Stat For Data Sci,Ali Sanaei,grad,7,3,2,1,1,0,0,0,0,0,0,0,0,0,0
DATASCI,W203,34266,006,Stat For Data Sci,Ali Sanaei,grad,4,3,1,1,3,1,0,0,0,0,0,0,0,0,0
DATASCI,W203,34212,002,Stat For Data Sci,Blaine Robbins,grad,0,3,2,2,5,1,0,0,0,0,0,0,0,0,0
DATASCI,W203,34216,004,Stat For Data Sci,Blaine Robbins,grad,0,1,7,3,1,0,0,0,0,0,0,0,0,0,0
DATASCI,W205,34222,003,Stor/Retriev Dat,Arash Nourian,grad,2,5,0,0,1,0,0,0,0,0,0,0,0,0,0
DATASCI,W205,34223,004,Stor/Retriev Dat,Dan Mcclary,grad,9,0,0,3,0,0,0,0,0,0,0,0,0,0,0
DATASCI,W205,34272,005,Stor/Retriev Dat,Arash Nourian,grad,0,7,2,4,0,0,0,0,0,0,0,0,0,0,0
DATASCI,W207,34224,001,Applied Mach Lear,Daniel Percival,grad,1,10,1,0,0,1,0,0,0,0,0,0,0,0,0
DATASCI,W207,34226,002,Applied Mach Lear,Daniel Percival,grad,2,3,2,0,1,0,0,0,0,0,0,0,1,0,0
DATASCI,W207,34228,003,Applied Mach Lear,Todd Holloway,grad,0,12,1,0,0,0,0,0,0,0,0,0,0,0,0
DATASCI,W207,34230,004,Applied Mach Lear,Todd Holloway,grad,0,12,1,0,0,0,0,0,0,0,0,0,0,0,0
DATASCI,W209,34236,001,Data Viz/Comm,Andrew Reagan,grad,0,5,6,0,0,2,0,0,0,0,0,1,0,0,0
DATASCI,W209,34238,002,Data Viz/Comm,Daniel Perry; Daniel Perry,grad,0,9,2,0,0,0,0,0,0,0,0,0,0,0,0
DATASCI,W209,34239,003,Data Viz/Comm,Andrew Reagan,grad,0,7,1,0,0,0,0,0,0,0,0,0,0,0,0
DATASCI,W209,34268,004,Data Viz/Comm,Daniel Perry; Daniel Perry,grad,0,9,1,2,1,0,0,0,0,0,0,0,0,0,0
DATASCI,W210,34242,002,Capstone,Benjamin Gimpert; Juanjie Joyce Shen,grad,0,3,2,0,3,0,0,0,0,0,0,0,0,0,0
DATASCI,W210,34243,003,Capstone,David Steier; Katherine Krumme; Katherine Krumme,grad,0,9,1,0,1,0,1,0,0,0,0,0,0,0,0
DATASCI,W210,34270,004,Capstone,David Steier; Katherine Krumme; Katherine Krumme,grad,0,10,1,0,0,0,0,0,0,0,0,0,0,0,0
DATASCI,W241,34252,002,Exp & Causal Infe,Douglas Hughes,grad,1,8,2,0,1,0,0,0,0,0,0,0,0,0,0
DATASCI,W241,34250,001,Exp & Causal Infe,Douglas Hughes,grad,0,7,1,0,0,0,0,0,0,0,0,0,0,0,0
DATASCI,W241,34254,003,Exp & Causal Infe,Katherine Krumme; Katherine Krumme,grad,0,6,3,0,0,1,0,0,0,0,0,0,0,0,0
DATASCI,W261,34274,001,Mach Lrn At Scale,James Shanahan,grad,5,4,2,1,0,0,0,0,0,0,0,0,0,0,0
DATASCI,W261,34276,002,Mach Lrn At Scale,James Shanahan,grad,4,5,0,1,1,0,0,0,0,0,0,0,0,0,0
DATASCI,W261,34278,003,Mach Lrn At Scale,James Shanahan,grad,4,4,0,0,0,0,0,0,0,0,0,0,0,0,0
DATASCI,W271,34282,002,Adv Data Sci Stat,Samuel Frame,grad,0,0,4,6,2,0,0,1,0,0,0,0,0,0,0
DATASCI,W271,34284,003,Adv Data Sci Stat,Devesh Tiwari,grad,0,0,1,6,3,0,0,0,0,0,0,0,1,0,0
ECON,204,22082,001,Math Tools For Econ,Christina Shannon,grad,0,5,3,6,1,0,0,0,0,0,0,0,0,6,0
EDUC,211B,22554,001,Soc & Enit Develop,Larry Nucci,grad,4,13,3,0,1,0,0,0,0,0,0,0,0,0,0
EDUC,236A,22556,001,Science Educ Elem,Carrie Strohl; Carrie Strohl,grad,0,19,2,0,0,0,0,0,0,0,0,0,0,0,0
EDUC,245A,22558,001,Teach Engl Sec Lang,Rafael Velazquez Cardenas; Rafael Velazquez Cardenas,grad,1,10,0,0,0,0,0,0,0,0,0,0,0,0,0
EDUC,262A,22562,001,Urbschldship/Mgt 1,Tina Trujillo,grad,0,16,5,2,0,0,0,0,0,0,0,0,0,0,0
EDUC,290C,22576,001,Sp Topic Sem:Dcemst,Elisa Salasin; Elisa Salasin,grad,0,13,0,0,0,0,0,0,0,0,0,0,0,3,0
EDUC,298C,22580,001,Group Study-Dcemst,P Pearson,grad,3,10,0,0,0,0,0,0,0,0,0,0,0,3,0
EDUC,392C,22624,001,Art In Elem Class,Nives Wetzel; Nives Wetzel De Cediel,grad,13,8,0,0,0,0,0,0,0,0,0,0,0,0,0
EDUC,460A,22626,001,School Site Mgt. I,Charles Flores; Viet Nguyen; Viet Nguyen,grad,0,26,2,0,0,0,0,0,0,0,0,0,0,0,0
EDUC,460C,22628,001,Admin Research Prac,Soraya Sablo; Soraya Sablo-Sutton,grad,2,2,0,0,1,0,0,0,0,0,0,0,0,0,0
EWMBA,211,15608,001,Game Theory,Shachar Kariv,grad,6,10,1,3,0,0,0,0,0,0,0,0,0,0,0
EWMBA,237,15614,001,Topics In Finance,Jeffrey Allen; Jeffrey Allen; Peter Goodson,grad,2,8,12,9,11,0,0,0,0,0,0,0,0,0,0
EWMBA,252,15620,001,"Negot, Conflict Res",Holly Schroth,grad,2,26,8,6,11,5,0,3,1,0,0,0,0,0,0
EWMBA,269,15626,011,Pricing,Wasim Azhar,grad,1,4,35,18,4,0,0,0,0,0,0,0,0,0,0
EWMBA,290T,15630,001,Spec Top Inn/Desgn,Andrew Isaacs; Courtney Chandler; Courtney Chandler,grad,0,8,11,11,8,0,0,0,0,0,0,0,0,0,0
EWMBA,296,15660,001,Special Topics,Courtney Chandler; Courtney Chandler; Gregory La Blanc; Gregory La Blanc,grad,0,11,1,0,0,0,0,0,0,0,0,0,0,0,0
EWMBA,296,15668,012,Special Topics,Rajiv Ball,grad,0,1,0,7,0,0,0,0,0,0,0,0,0,0,0
EWMBA,298S,15670,001,Seminar Intl Bus,Jon Metzler; Jon Metzler,grad,0,14,5,1,0,0,0,0,0,0,0,0,0,0,0
HMEDSCI,201,30902,001,Hum Anat & Develo,Kamla Ahluwalia,grad,1,11,2,2,0,0,0,0,0,0,0,0,0,0,0
MFE,230I,16206,001,Fixed Income Markts,Richard Stanton,grad,1,19,18,15,5,11,0,0,0,0,0,0,0,0,0
OPTOM,430A,46602,001,Optometry Clinics,Christina Wilmer; Christina Wilmer,grad,0,0,18,42,4,0,0,0,0,0,0,0,0,0,0
OPTOM,430A,46604,002,Optometry Clinics,Christina Wilmer; Christina Wilmer,grad,0,0,18,42,4,0,0,0,0,0,0,0,0,0,0
OPTOM,432,46606,001,Clinical Topics,Glen Ozawa; Glen Ozawa,grad,1,12,8,12,22,9,0,0,0,0,0,0,0,0,0
OPTOM,440A,46608,001,Adv Optom Clinic,Christina Wilmer; Christina Wilmer,grad,0,18,28,10,1,0,1,0,0,0,0,0,0,0,0
OPTOM,440A,46610,002,Adv Optom Clinic,Christina Wilmer; Christina Wilmer,grad,0,18,28,10,1,0,1,0,0,0,0,0,0,0,0
OPTOM,441A,46612,001,Specialty Clinics,Christina Wilmer; Christina Wilmer,grad,0,18,27,10,1,1,1,0,0,0,0,0,0,0,0
OPTOM,441A,46614,002,Specialty Clinics,Christina Wilmer; Christina Wilmer,grad,0,18,28,10,1,0,1,0,0,0,0,0,0,0,0
PB HLTH,250A,50760,001,Epidemiolog Meth,Michael Bates; Michael Bates,grad,4,16,8,3,3,0,0,0,0,0,0,0,0,1,0
PB HLTH,W200E,50752,001,Hpm Breadth,Brent Fulton,grad,1,19,22,19,5,3,0,1,1,0,0,0,0,0,0
PB HLTH,W200G,50754,001,Hsb Breadth,Evan Vandommelen-Gonzalez; Evan Vandommenlen-Gonzalez,grad,8,56,4,4,3,0,0,0,0,0,0,0,0,0,0
PB HLTH,W206,50758,001,Mat&Child Nutriti,Cindy Leung; Cindy Leung,grad,0,8,10,5,1,0,0,0,0,0,0,0,0,0,0
PB HLTH,W258,50762,001,Globl Disaster Pr,Robyn Gershon,grad,11,5,0,0,0,0,0,0,0,0,0,0,0,0,0
PB HLTH,W289,50764,001,Interdis Health,Robert Hosang; Robert Hosang,grad,32,25,1,0,0,0,0,0,0,0,0,0,0,0,0
PUB AFF,201,51400,001,Gateway,Henry Brady; Jane Mauldon,grad,0,11,6,1,2,0,0,0,0,0,0,0,0,0,0
PUB AFF,215,51402,001,Econ For Pol Make,Daniel Acland; Daniel Acland,grad,3,8,5,6,2,0,0,0,0,0,0,0,0,0,0
PUB AFF,245,51404,001,Quant Meth Pol An,Rucker Johnson,grad,6,3,3,9,3,0,0,0,0,0,0,0,0,0,0
PUB AFF,265,51406,001,Pub Budg Orgs Per,Daniel Lindheim; Daniel Lindheim,grad,0,5,11,3,4,1,0,0,0,0,0,0,0,0,0
PUB AFF,283,51408,001,Leading People,Larry Rosenthal; Larry Rosenthal; Michael Nacht,grad,0,7,11,6,0,0,0,0,0,0,0,0,0,0,0
PUB AFF,285,51410,001,Acting Ethically,Jane Mauldon,grad,3,8,5,3,0,1,0,0,0,0,0,0,0,0,0
PUB AFF,287,51412,001,Strategic Plannin,Lawrence Magid; Lawrence Magid,grad,2,14,6,1,0,0,0,0,0,0,0,0,0,0,0
SOC WEL,232,54952,001,Soc Work And Educ,Eric Haas,grad,2,8,3,0,0,1,1,0,0,0,0,0,0,5,0
SOC WEL,250T,54954,001,Sw Practice In Sc,Corey Cohen; Corey Cohen,grad,3,6,0,0,0,0,0,0,0,0,0,0,0,6,1
SOC WEL,W280,54957,001,Intro Soc Welf Re,Jennifer Lawson; Jennifer Lawson,grad,0,5,0,0,0,1,0,0,0,0,0,0,1,2,0
THEATER,299,59538,002,Special Study,Shannon Steen; Shannon Steen,grad,0,3,0,0,0,0,0,0,0,0,0,0,0,8,0
XMBA,200C,15902,001,Communications,Mark Rittenberg,grad,0,13,36,17,0,1,0,0,0,0,0,0,0,0,0
XMBA,200S,15904,001,Data And Decisions,Gregory La Blanc; Gregory La Blanc,grad,3,19,11,17,16,3,0,0,0,0,0,0,1,0,0
XMBA,202A,15908,001,Financial Acct,Xiao-Jun Zhang,grad,0,22,18,9,21,0,0,0,0,0,0,0,0,0,0
XMBA,222,15911,001,Fin Info Analysis,Veselina Dinova,grad,0,3,10,5,0,3,0,0,0,0,0,0,0,0,0
XMBA,236V,15912,001,New Venture Finance,Maura O'Neill; Maura O'Neill,grad,0,17,17,10,8,2,0,1,0,0,0,0,0,0,0
XMBA,290T,15918,001,Topics In Inno/Des,Andrew Isaacs; Donald Proctor; Donald Proctor,grad,0,1,2,4,2,0,0,0,0,0,0,0,0,0,0
XMBA,296,15966,002,Topics In Bus Adm,Shachar Kariv,grad,1,6,11,12,0,0,0,0,0,0,0,0,0,0,0
XMBA,296,15974,006,Topics In Bus Adm,Peter Goodson,grad,2,10,10,12,11,0,0,0,0,0,0,0,0,0,0
XMBA,296,15968,003,Topics In Bus Adm,Steven Huff; Steven Huff,grad,0,4,6,7,4,0,1,0,0,0,0,0,0,0,0
XMBA,296,15970,004,Topics In Bus Adm,Joshua Rauh,grad,0,8,6,10,7,6,0,0,0,0,0,0,0,0,0
XMBA,296,15972,005,Topics In Bus Adm,Teck Ho,grad,0,0,0,0,0,0,0,0,0,0,0,0,1,66,0
