Abbreviation,CourseNum,CCN,SectionNum,CourseDesc,Instructor,Level,A+,A,A-,B+,B,B-,C+,C,C-,D+,D,D-,F,P,NP
AFRICAM,139,10185,001,Sel Top:Africam Soc,Jarvis Givens; Nailah Suad-Bakari,under,0,1,5,0,2,1,0,0,0,0,0,0,1,4,0
AFRICAM,159,10190,001,Spec Top Afam Lit,Frederick Vincent,under,1,8,3,2,0,0,0,0,0,0,0,0,0,3,0
AFRICAM,39D,10160,001,Fresh/Soph Seminar,Cara Stanley,under,0,3,5,3,2,1,1,0,0,0,0,0,0,2,0
AFRICAM,39E,10165,001,Fresh/Soph Seminar,John Patton,under,0,0,1,2,3,3,2,0,0,0,0,0,0,7,0
AFRICAM,4A,10130,001,Africa:  Hist & Cul,G. Ugo Nwokeji,under,1,2,0,5,0,0,1,1,0,0,0,0,1,1,0
AFRICAM,4B,10140,001,Africa:  Hist & Cul,Arif Gamal,under,1,7,10,3,1,0,1,0,0,0,0,0,0,2,0
AFRICAM,R1AN,10105,001,R & C Sum Bdg,Lindsey Herbert,under,0,1,7,4,3,0,1,0,0,0,0,0,1,0,0
AFRICAM,R1B,10110,001,Freshmn Composition,Aparajita Nanda,under,0,4,2,3,2,0,2,0,0,0,0,0,0,0,0
AFRICAM,R1B,10120,002,Freshmn Composition,Aparajita Nanda,under,0,3,4,5,1,2,0,1,0,0,0,0,2,0,0
AFRICAM,W111,10170,001,"Race, Class & Gen",Stephen Small,under,0,7,16,6,3,6,6,5,2,1,0,0,3,25,12
AFRICAM,W124,10180,001,Pol Phil M L King,Charles Henry,under,0,3,6,3,3,1,4,0,1,2,0,0,4,16,10
AMERSTD,102,11505,001,Us Cultures/Place,Justin Gomer,under,3,2,9,4,1,1,0,3,1,0,0,0,0,0,1
AMERSTD,170AC,11510,001,Race And Ethnicity,Beth Piatote; Leigh Raiford; Michael Cohen,under,0,3,3,3,1,1,0,0,0,0,0,0,0,3,1
AMERSTD,180D,11520,001,Race And Humor,Beth Piatote,under,0,6,2,2,3,1,0,1,1,0,0,0,4,7,1
AMERSTD,181B,11525,001,Visual Culture,Leigh Raiford,under,0,4,3,0,1,3,0,0,1,1,0,0,0,6,1
AMERSTD,184I,11530,OO1,Race And Amer Film,Michael Cohen,under,0,8,4,3,2,1,0,3,1,0,1,0,0,9,3
ANTHRO,1,12105,001,Intro To Bio Anthro,Melanie Miller; Sabrina Agarwal,under,8,12,7,3,2,1,0,0,0,0,0,0,0,2,0
ANTHRO,112,12175,001,Sp Topics: Bio Anth,Patrick Beauchesne,under,3,14,9,5,0,2,1,1,1,0,0,0,0,4,0
ANTHRO,121AC,12180,001,Amercn Materl Cultr,Laurie Wilkie,under,6,17,1,1,0,1,0,1,0,0,0,0,0,3,1
ANTHRO,122C,12185,001,Arch Centrl America,Julie Wesp,under,1,12,7,1,1,0,0,0,0,0,0,0,0,2,0
ANTHRO,128,12195,002,Spec Topics In Arch,Anna Harkey,under,3,5,1,1,1,0,0,0,0,0,0,0,0,0,0
ANTHRO,158,12210,001,Religion & Anthro,Gaymon Bennett,under,6,7,5,2,1,1,1,0,0,0,0,0,0,9,1
ANTHRO,171,12215,001,Japan,Yuko Okubo,under,3,16,4,5,1,0,0,0,0,0,0,0,0,4,0
ANTHRO,3AC,12125,001,Intro Soc/Cult Ac,Mather George,under,1,19,10,5,7,1,1,0,0,0,0,0,1,8,1
ANTHRO,R5B,12150,002,Reading & Comp,Annelise Morris; Corinne Hayden,under,2,10,1,1,1,1,0,0,0,0,0,0,0,0,0
ANTHRO,R5B,12155,003,Reading & Comp,Corinne Hayden; Krystal Strong,under,4,6,2,0,1,2,0,0,0,0,0,0,1,0,0
ANTHRO,R5B,12160,004,Reading & Comp,Corinne Hayden; Michael D'Arcy,under,1,9,6,0,1,0,0,0,0,0,0,0,0,0,0
ANTHRO,R5B,12165,005,Reading & Comp,Corinne Hayden; Mareike Winchell,under,1,3,2,1,0,0,0,0,0,0,0,0,3,3,0
ANTHRO,R5B,12145,001,Reading & Comp,Corinne Hayden; Ruth Goldstein,under,0,11,4,1,0,0,0,0,0,0,0,0,0,0,0
ARABIC,10,13005,001,Intens Elem Arabic,Anna Cruz; Elsa Elmahdy,under,0,4,2,0,0,0,0,0,0,1,0,0,1,2,0
ARABIC,30,13010,001,Intermed Arabic,Haitham Mohamed,under,0,8,1,2,4,1,1,0,0,0,0,0,0,3,0
ARCH,108,13355,001,Arch Internship,Mark Schatz,under,0,9,2,1,2,0,0,0,0,0,0,0,0,4,0
ARCH,124A,13360,001,3-D Computer Tech,Maggie Lee,under,0,1,3,3,2,0,0,0,2,0,0,0,0,4,1
ARCH,124A,13365,002,3-D Computer Tech,Maggie Lee,under,0,1,2,2,2,0,0,0,1,0,0,0,1,1,2
ARCH,124B,13370,002,3-D Computer Tech,Luis Jaggy,under,0,2,0,1,1,0,0,0,0,0,0,0,0,5,1
ARCH,149,13375,001,Spec Top Erg Envir,Brendon Levitt,under,3,6,7,2,1,0,0,0,0,0,0,0,0,1,0
ART,102,14050,101,Approaches To Ptng,Alicia Mccarthy,under,9,6,0,0,0,0,0,0,0,0,0,0,0,5,0
ART,119,14060,001,Gpca,Jenifer Wofford,under,1,6,4,0,2,1,0,2,0,0,0,0,0,0,0
ART,12,14030,002,Lang Of Draw,Aida Gamez,under,2,4,3,4,1,1,0,0,0,0,0,0,0,5,0
ART,180,14075,002,Advanced Digital Ph,Jessica Hankey,under,0,6,3,7,0,0,0,0,0,0,0,0,0,0,0
ART,21,14035,001,Digital Photography,Noritaka Minami,under,2,7,5,3,1,0,0,0,0,0,0,0,0,1,0
ART,8,14005,001,Intro Vis Thinking,Vreni Michelini-Castillo,under,5,11,1,1,0,1,0,0,0,0,0,0,0,2,0
ART,8,14010,002,Intro Vis Thinking,Sahar Khoury,under,0,13,1,0,0,0,0,0,0,0,0,0,0,0,0
ART,8,14015,003,Intro Vis Thinking,Helena Keeffe,under,0,12,2,0,0,0,0,0,0,0,0,0,0,2,0
ART,8,14020,004,Intro Vis Thinking,Thomas Enos,under,0,7,10,3,0,1,0,0,0,0,0,0,0,1,0
ASAMST,124,15250,001,Filipino Amer Hist,Maria Barrios-Leblanc,under,7,13,3,0,0,0,0,0,0,0,0,0,0,0,0
ASAMST,138,15255,001,Topics Asn Pop Cult,Hannah Michell,under,2,7,2,8,4,2,0,0,0,0,0,0,0,1,0
ASAMST,141,15260,001,Law In Asam Commun,Thomas Fleming,under,0,4,5,3,0,0,0,1,0,0,0,0,0,2,0
ASAMST,171,15270,001,"Asam In Film, Video",Roger Chung,under,0,11,1,0,0,0,1,0,0,0,0,0,0,1,0
ASAMST,172,15280,001,Asian Amer Lit,Fae Ng,under,4,9,2,0,0,0,0,0,0,0,0,0,1,0,0
ASAMST,R2A,15205,002,Reading&Composition,Anna Leong; Daniel Woo,under,0,10,1,2,1,0,0,0,0,0,0,0,0,1,0
ASAMST,R2A,15215,003,Reading&Composition,Khuyen Nguyen,under,0,1,4,8,3,0,0,0,0,0,0,0,0,0,0
ASIANST,10,16005,001,Intro To Asia,Crystal Cohen,under,0,5,6,3,1,1,1,0,0,0,0,0,1,1,0
ASTRON,10,16305,001,General Astronomy,Steven Stahler,under,0,2,4,2,1,1,0,0,1,0,1,0,2,7,0
ASTRON,10,16320,002,General Astronomy,Bryan Mendez,under,0,3,16,9,5,4,1,0,3,1,0,2,3,5,0
ASTRON,W12,16335,001,The Planets,Burkhard Militzer,under,0,11,5,5,5,0,1,3,3,0,0,0,6,25,16
BIOLOGY,1A,18005,001,General Biology Lec,James Baxter; John Tarpey; Michael Meighan,under,2,11,14,9,16,15,13,14,15,0,1,0,2,1,3
BIOLOGY,1AL,18025,001,General Biology Lab,James Baxter; John Tarpey; Michael Meighan,under,1,14,14,11,18,14,3,9,4,0,4,0,2,0,0
BIOLOGY,1B,18060,001,General Biology,Alan Shabel,under,4,26,40,25,19,42,10,13,5,2,2,4,0,3,2
BUDDSTD,114,18915,001,Tibetan Buddhism,Jann Ronis,under,1,2,9,3,1,0,0,0,1,0,0,0,1,0,0
CHEM,1A,22105,001,General Chemistry,Anne Baranger; Clancy Slack,under,3,11,14,13,21,18,16,19,17,2,3,7,23,5,6
CHEM,1AL,22115,001,General Chem Lab,Mahin Hemmati,under,5,55,46,27,9,7,2,1,1,0,1,0,4,2,1
CHEM,1B,22160,001,General Chemistry,Max Helix,under,2,12,6,4,8,9,1,9,3,0,1,0,2,0,0
CHEM,3A,22195,001,Chem Struct React,Steven Pedersen,under,5,17,17,24,29,25,14,31,10,0,8,0,23,3,7
CHEM,3B,22275,001,Chem Struct React,Peter Marsden,under,5,32,37,39,53,33,26,37,35,0,7,0,13,5,3
CHEM,3BL,22280,001,Organic Chem Lab,Peter Marsden,under,8,198,44,6,7,8,1,0,1,0,0,0,3,0,0
CHEM,N3AL,22200,001,Organic Chem Lab,Steven Pedersen,under,4,107,91,11,5,1,4,0,0,0,0,0,2,2,1
CHICANO,110,25290,001,Latina/O Phil & Rel,Pedro Di Pietro,under,1,4,2,4,0,0,0,0,0,0,0,0,0,0,0
CHICANO,135C,25295,001,Latino Doc Film,Raymond Telles,under,0,6,18,4,6,0,0,0,0,0,0,0,0,9,0
CHICANO,159,25300,001,Mexican Immigration,Francisco Casique,under,0,12,4,2,0,0,0,0,0,0,0,0,0,1,0
CHICANO,50,25248,002,Intro Chicano Hist,Alex Saragoza; Edgar Mojica,under,1,17,14,11,3,1,0,0,0,0,0,0,0,3,1
CHICANO,50,25245,001,Intro Chicano Hist,Alex Saragoza; Edgar Mojica,under,0,20,15,4,1,1,0,0,0,0,0,0,0,12,0
CHICANO,R1A,25205,001,Reading & Comp,Gonzalo Arrizon,under,0,1,6,5,3,2,0,0,0,0,0,0,0,0,0
CHINESE,1,25605,001,Elem Chinese Intens,Xianghua Wu; Yachi Teng,under,0,9,0,1,1,0,1,1,0,0,0,0,1,4,1
CHINESE,105,25640,001,Business Chinese,I-Hao Li,under,0,15,7,0,0,0,0,0,0,0,0,0,0,0,0
CIV ENG,130N,37420,001,Mech Of Structures,Clement Barthes,under,4,12,2,2,0,0,1,0,0,0,0,0,0,0,0
CIV ENG,174,37428,001,Engineering Geomati,Robert Kayen,under,0,2,2,2,1,1,0,2,0,0,0,0,4,0,0
CIV ENG,70,37415,001,Engineering Geology,Edmund Medley,under,0,5,5,1,4,0,0,1,0,0,0,0,0,2,0
CIV ENG,C30,37405,001,Intro Solid Mechncs,Klaus Hackl,under,1,6,2,1,4,0,4,3,0,1,2,0,3,5,4
CLASSIC,10A,26305,001,Intro Greek Civ,Dylan Sailor; Joel Street,under,0,7,3,1,2,0,0,0,0,0,0,0,2,4,1
CLASSIC,10B,26315,001,Intro Roman Civ,Dylan Sailor; Michael Taylor,under,0,2,2,0,2,2,0,3,0,0,0,0,0,0,0
CLASSIC,N28,26325,001,Classic Myths,Cindy Ausec,under,1,4,3,1,2,1,0,0,0,0,0,0,1,7,0
COG SCI,C100,26610,001,Basic Issue Cog Sci,Rachel Shoup,under,8,4,10,5,5,2,5,7,4,2,5,1,2,2,3
COG SCI,C101,26620,001,Mind And Language,Eve Sweetser; I-Hsuan Chen,under,0,0,1,1,3,2,2,0,1,0,0,0,5,2,0
COG SCI,C103,26630,001,History Of Info,Blake Johnson,under,0,8,3,0,5,0,0,1,0,0,0,0,0,3,0
COG SCI,N1,26605,001,Intro To Cog Sci,Paul Li,under,5,6,4,7,6,1,2,2,0,0,0,0,1,1,0
COLWRIT,10A,27410,001,Public Speaking,John Levine,under,0,10,4,1,0,0,0,0,0,0,0,0,0,0,0
COLWRIT,6A,26965,102,Esl Acad Speaking,Margi Wald; Ruth Acker,under,1,5,5,2,1,0,1,0,0,0,0,0,0,2,0
COLWRIT,6A,26970,103,Esl Acad Speaking,Ellen Rosenfield; Margi Wald,under,2,8,4,0,0,0,0,0,0,0,0,0,0,3,0
COLWRIT,6A,26973,104,Esl Acad Speaking,Harry Seng; Margi Wald,under,0,2,1,4,6,0,1,1,0,0,0,0,0,4,0
COLWRIT,6A,26960,101,Esl Acad Speaking,Diane Schmitt; Margi Wald,under,0,0,5,8,1,0,0,0,0,0,0,0,1,3,0
COLWRIT,6B,26980,102,Esl Academic Vocab,Margi Wald; Teri Crisp,under,3,10,2,0,0,0,0,0,0,0,0,0,1,2,0
COLWRIT,6B,26975,101,Esl Academic Vocab,Diane Schmitt; Margi Wald,under,0,2,4,5,1,2,0,0,0,0,0,0,1,1,0
COLWRIT,6C,26985,101,Esl Business Vocab,Linda O'Roke; Margi Wald,under,2,10,1,1,0,0,0,0,0,0,0,0,0,2,0
COLWRIT,6C,26990,102,Esl Business Vocab,Carolyn Carr; Margi Wald,under,0,3,3,5,1,0,0,0,0,0,0,0,0,2,0
COLWRIT,6E,26995,101,Esl Grammar Editing,Margi Wald; Matthew Barclay,under,0,9,0,5,0,0,0,1,0,0,0,0,0,3,0
COLWRIT,6E,27000,102,Esl Grammar Editing,Kaitlyn Gallagher; Margi Wald,under,0,2,3,3,1,1,1,2,0,0,1,0,3,2,1
COLWRIT,6F,27015,103,Esl Listen Speak,Margi Wald; Michelle Baptiste,under,5,2,1,1,1,0,0,0,0,1,0,0,0,2,0
COLWRIT,6F,27005,101,Esl Listen Speak,Margi Wald; Ruth Acker,under,0,1,9,2,1,0,0,0,0,0,0,0,0,4,0
COLWRIT,6F,27018,104,Esl Listen Speak,Harry Seng; Margi Wald,under,0,3,4,2,5,1,0,0,0,0,0,0,1,2,0
COLWRIT,6F,27010,102,Esl Listen Speak,Margi Wald; Therese Naber,under,0,0,3,2,7,3,2,0,0,0,0,0,0,3,0
COLWRIT,6G,27020,101,Esl Digital Writing,Margi Wald; Steven Zetlan,under,9,7,2,0,0,0,0,0,0,0,0,0,0,0,0
COLWRIT,6G,27025,102,Esl Digital Writing,Margi Wald; Michelle Baptiste,under,2,9,3,1,0,0,0,0,0,0,0,0,0,2,0
COLWRIT,6H,27030,101,Esl Writing,Margi Wald; Teri Crisp,under,2,3,3,3,0,1,0,0,0,0,0,0,3,1,1
COLWRIT,6H,27035,102,Esl Writing,Margi Wald; Meryl Siegal,under,1,11,1,0,1,0,0,0,0,0,0,0,1,2,0
COLWRIT,6I,27045,102,Conflict Res Skills,Barrie Roberts; Margi Wald,under,2,10,2,0,0,0,0,0,0,0,0,0,3,1,0
COLWRIT,6J,27048,001,Esl Test Prep,Margi Wald; Peter Vahle,under,0,5,1,3,1,1,0,0,0,0,0,0,1,4,0
COLWRIT,7A,27050,101,Amer Culture Media,Margi Wald; Therese Naber,under,0,0,0,0,0,0,0,0,0,0,0,0,0,24,2
COLWRIT,7A,27063,104,Amer Culture Media,Margi Wald; Michael Clark,under,0,0,0,0,0,0,0,0,0,0,0,0,0,11,3
COLWRIT,7B,27070,102,Beat Generation,Margi Wald; Michael Clark,under,0,0,0,0,0,0,0,0,0,0,0,0,0,23,1
COLWRIT,7D,27075,101,Food Culture,Elizabeth Boner; Margi Wald,under,0,0,0,0,0,0,0,0,0,0,0,0,0,25,2
COLWRIT,7E,27085,101,Lang  Environmen,Margi Wald; Michele Rajotte,under,0,0,0,0,0,0,0,0,0,0,0,0,0,26,1
COLWRIT,7G,27095,101,Amer Cult Community,Jeff Mcclelland; Margi Wald,under,0,0,0,0,0,0,0,0,0,0,0,0,0,23,1
COLWRIT,7G,27100,102,Amer Cult Community,Jeff Mcclelland; Margi Wald,under,0,0,0,0,0,0,0,0,0,0,0,0,0,25,2
COLWRIT,7H,27105,101,Amer Culture Music,Margi Wald; Matthew Barclay,under,0,0,0,0,0,0,0,0,0,0,0,0,0,15,6
COLWRIT,7J,27125,103,Amer Cult Ca Cultur,Margi Wald; Michele Rajotte,under,0,0,0,0,0,0,0,0,0,0,0,0,0,19,1
COLWRIT,8,27135,002,Engl As Second Lang,Lincoln Davis; Margi Wald,under,2,8,3,0,2,0,0,0,0,0,0,0,0,1,0
COLWRIT,8,27150,005,Engl As Second Lang,Margi Wald; Peter Vahle,under,1,5,2,2,4,1,0,0,1,0,0,0,0,1,0
COLWRIT,8,27155,006,Engl As Second Lang,David Skolnick; Margi Wald,under,3,4,1,1,1,1,0,0,0,0,0,0,1,4,0
COLWRIT,8,27180,011,Engl As Second Lang,Brandon Spars; Margi Wald,under,3,5,3,1,0,0,0,0,0,0,0,1,0,3,0
COLWRIT,8,27140,003,Engl As Second Lang,Margi Wald; Thomas Mcnichol,under,0,10,0,5,1,0,0,0,0,0,0,0,1,0,0
COLWRIT,8,27145,004,Engl As Second Lang,Jennifer Johnson; Margi Wald,under,0,8,1,1,2,0,1,0,0,0,0,0,0,4,0
COLWRIT,8,27160,007,Engl As Second Lang,Ivona Xiezopolski; Margi Wald,under,0,2,2,2,4,0,1,0,0,0,0,1,0,1,0
COLWRIT,8,27165,008,Engl As Second Lang,David Frasca; Margi Wald,under,0,3,0,3,0,0,3,1,0,0,0,0,1,7,0
COLWRIT,8,27170,009,Engl As Second Lang,Joyce Podevyn; Margi Wald,under,0,2,1,2,0,5,0,0,0,0,0,0,0,5,0
COLWRIT,9A,27205,001,Esp Acad Research,Chisako Asakawa; Margi Wald,under,0,6,4,2,6,0,0,0,0,0,0,0,0,0,0
COLWRIT,9A,27208,002,Esp Acad Research,Margi Wald; Susana Leong,under,0,9,1,1,0,3,0,0,0,0,0,0,2,1,0
COLWRIT,9B,27210,001,Esp Acad Vocab,James Seger; Margi Wald,under,0,17,0,0,1,0,0,0,0,0,0,0,0,1,0
COLWRIT,9C,27215,001,Esp Acad Writing,Jordan Ruyle; Margi Wald,under,1,2,5,3,2,1,0,0,0,0,0,0,0,4,0
COLWRIT,9C,27220,002,Esp Acad Writing,Margi Wald; Nancy Hunt,under,0,5,8,4,0,0,0,0,0,0,0,0,0,3,0
COLWRIT,9C,27225,003,Esp Acad Writing,Chisako Asakawa; Margi Wald,under,0,1,6,2,0,0,0,0,0,0,0,0,1,5,0
COLWRIT,9C,27230,004,Esp Acad Writing,David Skolnick; Margi Wald,under,0,9,0,0,1,0,0,1,0,0,0,0,2,2,0
COLWRIT,9D,27235,001,Esp Broadwy Musical,David Frasca; Margi Wald,under,0,7,0,1,6,0,0,0,0,0,0,0,0,1,0
COLWRIT,9E,27255,004,Esp Business Engl,Barbara Mcclain; Margi Wald,under,2,5,3,2,0,1,0,1,0,0,0,0,0,2,0
COLWRIT,9E,27258,005,Esp Business Engl,Margi Wald; Steven Zetlan,under,7,2,3,0,0,0,0,0,0,0,0,0,0,2,0
COLWRIT,9E,27240,001,Esp Business Engl,David Wiese; Margi Wald,under,0,7,4,1,2,0,0,0,0,0,0,0,0,4,0
COLWRIT,9E,27245,002,Esp Business Engl,Margi Wald; Nancy Hunt,under,0,13,3,0,0,0,0,0,0,0,0,0,0,1,0
COLWRIT,9E,27250,003,Esp Business Engl,James Seger; Margi Wald,under,0,13,0,0,0,0,0,0,0,0,0,0,0,2,0
COLWRIT,9F,27260,001,Esp Business Speak,Barbara Mcclain; Margi Wald,under,1,4,0,2,3,0,0,0,0,0,0,0,1,4,0
COLWRIT,9F,27265,002,Esp Business Speak,Margi Wald; Netta Avineri,under,0,14,0,2,0,0,0,0,0,0,0,0,0,2,0
COLWRIT,9F,27270,003,Esp Business Speak,David Wiese; Margi Wald,under,0,11,2,0,1,0,1,0,0,0,0,0,0,3,0
COLWRIT,9I,27283,002,Esp Conflict Res,Margi Wald; Melody Noll,under,1,6,2,4,1,4,0,0,0,0,0,0,0,0,0
COLWRIT,9I,27280,001,Esp Conflict Res,Margi Wald; Melody Noll,under,0,9,3,4,2,0,0,0,0,0,0,0,0,0,0
COLWRIT,9J,27285,001,Esp Grammar Style,John Mcclain; Margi Wald,under,0,11,3,1,1,0,0,0,0,0,0,0,0,0,0
COLWRIT,9K,27290,001,Esp Human Rights,Margi Wald; Rachel Kotok,under,9,4,1,2,0,0,1,0,0,0,0,0,0,2,0
COLWRIT,9K,27295,002,Esp Human Rights,Janet Christensen; Margi Wald,under,0,7,3,0,2,0,1,0,0,0,0,0,1,1,0
COLWRIT,9L,27314,005,Esp Engl Thru Film,Benjamin Spanbock; Margi Wald,under,1,4,2,4,1,2,0,0,0,0,0,0,1,3,0
COLWRIT,9L,27300,001,Esp Engl Thru Film,Joyce Podevyn; Margi Wald,under,0,2,2,5,2,0,1,0,0,0,0,0,0,2,0
COLWRIT,9L,27305,002,Esp Engl Thru Film,Gabrielle Goodwin; Margi Wald,under,0,12,0,0,0,0,0,0,0,0,0,0,0,2,0
COLWRIT,9L,27310,003,Esp Engl Thru Film,Jordan Ruyle; Margi Wald,under,0,6,2,3,0,1,3,0,1,0,0,0,1,1,0
COLWRIT,9L,27313,004,Esp Engl Thru Film,Ivy Mills; Margi Wald,under,0,2,4,6,1,0,0,0,1,0,0,0,0,1,0
COLWRIT,9M,27315,001,Esp Engl Thru Lit,Margi Wald; Nancy Hunt,under,0,10,4,0,0,0,0,0,0,0,0,0,0,2,0
COLWRIT,9N,27320,001,Esp Legal English,Gabrielle Goodwin; Margi Wald,under,1,9,1,3,0,0,0,0,0,0,0,0,0,3,1
COLWRIT,9N,27325,002,Esp Legal English,Margi Wald; Robert Downey,under,1,9,3,0,1,0,0,0,0,0,0,0,2,3,0
COLWRIT,9O,27335,001,Esp Legal Writing,Margi Wald; Robert Downey,under,1,3,4,0,1,0,0,0,0,0,0,0,0,3,0
COLWRIT,9O,27338,002,Esp Legal Writing,Gabrielle Goodwin; Margi Wald,under,1,3,4,3,1,0,0,0,0,0,0,0,0,1,1
COLWRIT,9P,27340,001,Esp Cr Buslawir,Barrie Roberts; Margi Wald,under,3,14,1,0,0,0,0,0,0,0,0,0,0,1,0
COLWRIT,9R,27355,002,Esp Oral Present,Margi Wald; Rachel Kotok,under,5,8,2,0,0,0,0,0,0,0,0,0,1,2,0
COLWRIT,9R,27363,004,Esp Oral Present,Amanda Fox; Margi Wald,under,4,3,4,3,0,1,0,0,0,0,0,0,1,1,0
COLWRIT,9R,27350,001,Esp Oral Present,Janet Christensen; Margi Wald,under,0,8,4,0,1,0,0,0,0,0,1,0,0,0,0
COLWRIT,9R,27360,003,Esp Oral Present,Margi Wald; Thomas Mcnichol,under,0,4,5,1,3,0,0,0,1,0,0,0,0,3,0
COLWRIT,9S,27370,002,Esp Pronunciation,Ellen Rosenfield; Margi Wald,under,5,8,1,0,0,0,0,0,0,0,0,0,1,3,0
COLWRIT,9S,27365,001,Esp Pronunciation,Margi Wald; Melody Noll,under,0,5,4,5,2,0,0,0,0,0,0,0,0,2,0
COLWRIT,9T,27375,001,Esp Sports Games,Margi Wald; Matthew Barclay,under,1,1,0,2,3,0,0,1,0,0,0,0,3,2,0
COLWRIT,9U,27385,002,Esp Tv Culture Comm,Lincoln Davis; Margi Wald,under,6,5,1,0,2,0,0,2,0,0,1,0,0,0,0
COLWRIT,9U,27380,001,Esp Tv Culture Comm,Ivy Mills; Margi Wald,under,0,1,2,7,3,1,0,1,0,0,0,0,0,2,0
COLWRIT,9V,27398,003,Esp Engl Sci Engin,John Mcclain; Margi Wald,under,1,3,3,1,0,0,0,1,0,0,1,0,0,1,1
COLWRIT,9V,27390,001,Esp Engl Sci Engin,John Mcclain; Margi Wald,under,0,7,2,1,1,0,0,0,0,0,0,0,1,2,0
COLWRIT,9V,27395,002,Esp Engl Sci Engin,Margi Wald; Susana Leong,under,0,9,3,0,2,0,0,0,0,0,0,0,1,2,0
COLWRIT,9W,27400,001,Esp Speech Debate,Brandon Spars; Margi Wald,under,3,5,0,0,0,1,0,0,0,0,0,0,0,6,0
COLWRIT,R1A,26918,004,College Writing 1a,Howard Fisher; Jane Stanley,under,0,1,2,3,4,0,0,0,0,0,0,0,0,0,0
COLWRIT,R1A,26905,001,College Writing 1a,Donnett Flash,under,0,0,1,1,4,2,0,1,0,0,0,0,2,0,0
COLWRIT,R1A,26915,003,College Writing 1a,Kimberly Freeman,under,0,0,2,3,2,0,0,1,2,0,0,0,0,0,0
COLWRIT,W9,27185,001,Eng As A Sec Lang,Linda O'Roke; Margi Wald,under,0,0,0,0,0,0,0,0,0,0,0,0,0,15,3
COLWRIT,W9,27190,002,Eng As A Sec Lang,Gregory Friedman; Margi Wald,under,0,0,0,0,0,0,0,0,0,0,0,0,0,17,1
COLWRIT,W9,27195,003,Eng As A Sec Lang,Lisa Chou; Margi Wald,under,0,0,0,0,0,0,0,0,0,0,0,0,0,16,1
COM LIT,N60AC,28220,002,Lit Amer Cultures,Harsha Ram; Ramsey Mcglazer,under,3,3,5,2,2,1,0,0,0,0,1,0,0,2,0
COM LIT,N60AC,28225,003,Lit Amer Cultures,Harsha Ram; Katherine Kadue,under,0,5,5,2,6,2,1,0,0,0,0,0,1,2,0
COM LIT,R1B,28210,002,Engl Comp World Lit,Harsha Ram; Marianne Kaletzky,under,1,3,7,2,0,0,1,0,0,0,0,0,0,0,0
COM LIT,R1B,28205,001,Engl Comp World Lit,Harsha Ram; Jane Raisch,under,0,2,1,4,6,0,1,1,1,0,0,0,0,0,0
COMPSCI,10,28605,001,Beauty Joy Computng,Pierce Vollucci,under,7,11,11,4,3,3,1,1,1,0,0,0,4,5,2
COMPSCI,188,28863,001,Artif Intelligence,Daniel Garcia; Jonathan Kay Kummerfeld; Taylor Berg-Kirkpatrick,under,4,12,9,11,6,8,3,2,0,0,0,0,1,0,0
COMPSCI,197,28865,001,Field Study,Paul Hilfinger,under,0,0,0,0,0,0,0,0,0,0,0,0,0,74,4
COMPSCI,61A,28630,001,Str Interp Cmp Prgs,Rohin Shah; Shidi Huang,under,20,24,5,27,29,25,7,8,8,8,3,4,13,17,14
COMPSCI,61A,28633,002,Str Interp Cmp Prgs,Rohin Shah; Shidi Huang,under,13,7,2,9,8,10,2,3,2,1,0,0,6,7,3
COMPSCI,61AS,29435,001,Str Interp Comp Prg,Rohin Shah; Shidi Huang; Vivek Rangaswamy,under,3,1,3,5,1,2,1,2,0,1,0,0,3,3,1
COMPSCI,61BL,28695,001,Data Strs Prog Meth,Edwin Liao,under,12,26,35,41,39,26,17,21,12,0,3,0,16,16,13
COMPSCI,61C,28730,001,Machine Structures,Alan Christopher; Daniel Garcia,under,5,35,14,10,38,16,6,1,2,0,3,0,14,1,8
COMPSCI,70,28795,001,Discrete Math&Prob,James Cook,under,7,39,16,26,57,25,15,17,3,0,0,0,13,4,5
CY PLAN,110,26005,001,Intro To City Plng,Heather Arata; Paul Waddell,under,2,2,6,4,5,4,1,4,0,1,0,0,0,4,0
CY PLAN,113B,26010,001,Commty & Econ Dev,Paul Waddell; Sara Hinkley,under,0,9,17,5,6,0,1,0,0,0,1,0,2,4,0
CY PLAN,114,26015,001,Intro Urb Reg Trans,Andrea Broaddus; Jesus Barajas; Paul Waddell,under,0,6,2,9,20,10,2,1,0,0,1,0,0,0,0
CY PLAN,118AC,26020,001,The Urban Comm,Ricardo Huerta,under,0,9,3,3,0,0,0,0,0,0,0,0,0,1,0
DUTCH,177,30805,001,Dutch Art Hist/Lit,Jeroen Dewulf,under,2,15,5,0,1,0,0,0,0,0,0,0,0,0,0
EA LANG,105,31505,001,Romantic Values,John Wallace,under,0,7,1,1,1,0,0,0,0,0,0,0,1,1,0
ECON,1,32005,001,Intro To Economics,Archana Dube,under,12,40,32,35,24,20,8,7,6,0,5,0,5,9,4
ECON,100A,32050,001,Micro Analysis,Scott Carson,under,0,35,18,15,8,14,7,18,14,6,3,4,16,12,5
ECON,100B,32085,001,Macro Analysis,Raymond Hawkins,under,3,16,17,12,13,5,4,3,0,0,1,0,3,6,1
ECON,136,32120,001,Financial Economics,Michael Jansson; Stephen Bianchi,under,1,5,5,3,6,9,2,4,1,0,0,0,2,6,0
ECON,140,32125,001,Econometrics,Scott Carson,under,0,28,24,17,10,11,8,4,7,3,1,1,13,1,9
ECON,151,32155,001,Labor Economics,Archana Dube,under,10,13,8,9,4,0,1,0,0,0,0,0,0,1,0
ECON,155,32150,001,Urban Econ,Marquise Mcgraw; Michael Jansson,under,3,15,6,5,2,1,2,5,1,0,0,0,3,5,0
ECON,172,32115,001,Econ Dev-Case Study,Luz Maria Sinaia Urrusti Frenk; Michael Jansson,under,1,2,3,0,0,0,2,0,0,0,0,0,1,1,0
ECON,N110,32110,001,Game Theory Soc Sci,Jeffrey Kang; Michael Jansson,under,0,25,9,8,5,3,2,4,1,0,1,0,0,10,3
ECON,N181,32160,001,Internat'L Trade,Asrat Tesfayesus,under,3,8,5,17,15,5,3,0,0,0,0,0,0,3,0
EDUC,130,33338,001,Know Learn Math Sci,Benedikt Harrer,under,0,5,2,1,1,1,0,0,0,0,0,0,1,0,0
EDUC,149,33345,001,Teach Lang Arts,Janet Levenson,under,3,11,2,0,0,0,0,0,0,0,0,0,0,0,0
EDUC,188,33355,001,Latinas/Os And Ed,Sahara Baquedano-Lopez,under,1,9,0,0,1,0,0,0,0,0,0,0,0,0,0
EDUC,190,33360,001,Critical Studies,Glynda Hull,under,1,14,10,2,1,0,0,0,0,0,0,0,0,0,0
EDUC,190,33365,002,Critical Studies,Glynda Hull,under,6,16,2,1,2,2,0,0,0,0,0,0,0,0,0
EDUC,190,33370,003,Critical Studies,Glynda Hull,under,0,12,5,1,0,0,0,0,0,0,0,0,0,0,0
EDUC,39A,33303,001,Fresh/Soph Seminar,Nailah Suad-Bakari,under,1,6,2,7,1,0,0,0,0,0,0,0,0,2,0
EDUC,39A,33304,002,Fresh/Soph Seminar,Nailah Suad-Bakari,under,0,1,4,1,9,1,0,0,0,0,0,0,0,5,0
EDUC,39B,33660,001,Fresh/Soph Seminar,Nailah Suad-Bakari,under,0,12,0,0,5,0,0,0,0,0,0,0,0,3,0
EDUC,39B,33665,002,Fresh/Soph Seminar,Nailah Suad-Bakari,under,0,3,3,2,4,1,2,0,0,0,0,0,0,4,0
EDUC,N140,33340,001,Issues In Literacy,Nora Kenney,under,0,4,2,0,3,0,0,0,0,0,0,0,0,2,0
EDUC,N40AC,33305,001,Experiencing Educ,Sahara Baquedano-Lopez,under,2,11,2,0,0,1,0,1,0,0,0,0,0,0,1
EL ENG,40,35705,001,Int Micro Circuits,Clark Nguyen; Gerd Grau,under,5,21,10,27,28,24,11,8,6,3,3,2,3,10,0
ENGIN,W7,36805,001,Intr Computer Prog,Andrew Packard; Panayiotis Papadopoulos,under,1,8,9,18,9,4,5,8,5,0,1,0,10,1,7
ENGLISH,N117S,41560,001,Shakespeare,Oliver Arnold,under,0,7,7,18,1,3,1,0,0,0,0,0,6,2,0
ENGLISH,N125B,41565,001,The English Novel,Kent Puckett,under,0,16,16,9,0,1,0,0,0,0,0,0,1,2,1
ENGLISH,N125D,41570,001,20th Century Novel,Donna Jones,under,0,2,7,3,5,2,1,1,0,0,0,0,0,2,2
ENGLISH,N132,41575,001,American Novel,Mitchell Breitwieser,under,12,20,13,21,23,11,1,1,0,0,0,0,3,4,1
ENGLISH,N173,41580,001,Lang & Lit Films,Mitchell Breitwieser,under,2,10,9,12,8,10,4,0,0,0,0,0,0,2,0
ENGLISH,N180Z,41585,001,Science Fiction,Donna Jones,under,0,4,15,5,8,2,2,0,1,0,0,0,1,1,1
ENGLISH,N1A,41505,001,Reading And Comp,Jeffrey Blevins; Mitchell Breitwieser,under,0,6,2,3,0,1,0,0,0,0,0,0,0,0,0
ENGLISH,N1B,41520,001,1st-Yr Read & Comp,Adam Ahmed; Mitchell Breitwieser,under,0,2,6,2,2,0,1,0,0,0,0,0,1,0,0
ENGLISH,N20,41525,001,Modern Brit/Am Lit,Charles Creasy; Mitchell Breitwieser,under,0,5,3,2,3,6,0,0,0,0,0,0,4,4,5
ENGLISH,N31AC,41530,001,Lit Amer Cultures,Leila Mansouri; Mitchell Breitwieser,under,1,2,4,3,3,1,1,1,0,0,0,0,1,5,2
ENGLISH,R1AN,41515,002,1st-Yr Read & Comp,Luisa Giulianetti,under,0,2,3,8,4,1,0,0,0,0,0,0,0,0,0
ENGLISH,R1AN,41510,001,1st-Yr Read & Comp,Elizabeth Keithley,under,0,0,2,6,4,1,1,0,1,0,0,0,0,0,1
ENV DES,1,42105,001,People & Env Des,W Martin,under,0,5,19,10,10,1,0,2,0,0,0,0,0,4,0
ENV DES,11A,42160,001,Intro Vis Rep Draw,Michelle Chang,under,0,1,3,1,2,1,0,2,0,0,0,0,0,1,0
ENV DES,11B,42170,001,Intro To Design,Raveevarn Choksombatchai,under,0,3,5,1,4,3,0,2,0,0,2,0,0,0,0
ENV DES,9,42155,001,Intro To Env Des,Kimberly Suczynski,under,0,0,0,2,0,0,0,0,0,0,0,0,0,18,0
EPS,20,31010,001,Earthquakes,Ingrid Johanson,under,1,3,3,3,2,2,2,0,0,0,0,1,0,2,0
EPS,20,31015,002,Earthquakes,Richard Allen,under,3,11,14,12,11,5,5,4,1,0,1,0,3,13,1
EPS,80,31020,001,Environ Earth Sci,Stephen Andrews,under,2,6,2,1,2,1,0,0,0,0,1,0,1,18,2
EPS,80,31025,002,Environ Earth Sci,Stephen Andrews,under,2,6,3,3,7,10,7,8,26,0,6,1,1,17,2
EPS,N82,31030,001,Intro To Oceans,Rebecca Verity,under,0,35,0,0,17,0,0,9,0,0,9,0,8,16,2
EPS,N82,31035,002,Intro To Oceans,Jim Pettigrew,under,0,6,0,0,1,3,0,0,0,0,0,0,0,8,0
EPS,W12,31005,001,The Planets,Burkhard Militzer,under,0,0,1,2,0,0,0,1,0,0,0,0,0,8,4
ESPM,105A,43160,001,Sierra Nevada Ecol,Kevin O'Hara,under,0,8,14,8,1,1,2,0,0,0,0,0,0,1,0
ESPM,105B,43165,001,For Measurements,Kevin O'Hara,under,0,8,11,10,4,0,1,1,0,0,0,0,0,0,0
ESPM,105C,43170,001,Silviculture & Util,Kevin O'Hara,under,2,10,1,3,13,3,0,2,1,0,0,0,0,0,0
ESPM,169,43180,001,Intnatl Env Politic,Katherine O'Neill,under,4,9,9,7,1,0,0,1,0,0,0,0,0,1,1
ESPM,50AC,43105,001,Intro Cult/Res Mgt,Kenneth Worthy,under,0,28,10,3,3,1,1,1,2,0,0,0,1,6,2
ETH STD,101A,43845,001,Soc Sci Methods,John Dougherty,under,0,7,1,2,4,1,0,0,0,0,0,1,0,0,0
ETH STD,101B,43855,002,Humanities Methods,Laura Perez; Wanda Alarcon,under,3,7,2,3,0,0,0,0,2,0,0,0,1,0,0
ETH STD,11AC,43805,001,Theories/Concepts,Keith Feldman,under,0,3,2,4,1,0,0,1,0,0,0,0,0,0,0
ETH STD,122AC,43865,001,Eth/Race In Am Film,Christine Kwon,under,6,3,18,9,7,3,1,0,0,0,0,0,0,10,1
ETH STD,122AC,43870,002,Eth/Race In Am Film,Christine Kwon; Kim Tran,under,11,7,6,12,5,0,1,0,0,0,0,0,2,21,1
ETH STD,144AC,43890,001,Racism And U.S. Law,Michael Chang,under,0,4,4,6,0,0,0,0,0,0,0,0,0,3,0
ETH STD,21AC,43815,001,Comp Surv Ethnic Gr,Alex Saragoza,under,1,7,7,9,16,5,0,0,0,0,1,0,0,1,1
ETH STD,N180,43910,002,Sel Top Es Std Abrd,Ramon Grosfoguel,under,1,19,13,4,6,0,0,0,0,0,0,0,0,5,0
ETH STD,N180,43915,003,Sel Top Es Std Abrd,Hatem Bazian,under,2,16,2,2,0,0,0,0,0,0,0,0,0,4,0
ETH STD,N180,43905,001,Sel Top Es Std Abrd,Carlos Munoz,under,0,4,8,7,2,1,1,0,0,0,0,0,0,12,0
FILM,100,44835,001,Film Theory,Jeffrey Skoller; Patrick Ellis,under,1,2,1,3,2,1,2,0,0,0,0,0,2,0,1
FILM,108,44845,001,Film Genre,Jeffrey Skoller; Justin Vaccaro,under,0,2,3,3,0,1,1,0,0,0,0,0,0,2,0
FILM,108,44855,002,Film Genre,Russell Merritt,under,0,4,3,2,1,1,1,0,0,0,0,0,1,3,2
FILM,128,44863,001,Documentary,Jonathan Haynes,under,0,14,0,0,0,0,0,1,0,0,0,0,0,1,0
FILM,151,44865,002,Auteur Theory,Eileen Jones,under,4,4,5,3,0,2,2,0,0,0,0,0,1,2,0
FILM,25A,44815,001,History Of Film,Jeffrey Skoller; Robert Alford,under,0,5,6,3,2,3,3,1,1,0,1,1,3,2,0
FILM,R1B,44805,002,Writing-Film Focus,Christopher Goetz; Jeffrey Skoller,under,0,4,6,4,1,0,1,0,1,0,0,0,2,0,0
FRENCH,1,45415,003,Elementary French,Sarah Roberts,under,2,5,1,2,3,0,0,0,0,0,0,0,0,1,0
FRENCH,1,45405,001,Elementary French,Matthew Evans; Seda Chavdarian,under,0,6,4,0,1,0,0,1,0,0,0,0,0,4,0
FRENCH,1,45410,002,Elementary French,Seda Chavdarian; Victoria Bergstrom,under,0,3,2,0,1,0,1,0,0,0,0,0,1,2,1
FRENCH,116A,45470,001,16th Century Lit,Vesna Rodic,under,1,7,0,1,0,0,0,0,0,0,0,0,0,1,0
FRENCH,12,45445,001,Intens French,Danielle Boucher; Michael Arrigo,under,0,4,0,1,0,3,0,1,0,0,0,0,0,7,0
FRENCH,142AC,45473,001,Cult Of Fr America,Karl Britto; Olivia Yoshioka-Maxwell,under,0,1,4,4,1,0,1,0,0,0,0,0,0,1,0
FRENCH,2,45430,001,Elementary French,Corine Stofle; Seda Chavdarian,under,0,8,2,0,1,1,1,1,0,0,0,0,0,3,0
FRENCH,4,45440,001,Adv Int French,Desiree Pries; Lilnda Louie,under,0,5,2,4,2,0,0,1,0,0,0,0,0,3,0
FRENCH,43A,45465,001,Aspects Fr Culture,Sarah Roberts,under,2,10,3,0,3,2,0,0,0,0,0,0,0,8,0
FRENCH,R1B,45420,001,Eng Com With Fr Lit,Debarati Sanyal; William Heidenfeldt,under,0,4,5,1,3,0,0,1,0,0,0,0,0,0,1
FRENCH,R1B,45425,002,Eng Com With Fr Lit,Catherine Talley; Debarati Sanyal,under,0,1,2,6,3,0,0,1,0,0,0,0,3,0,0
GEOG,1,46605,001,Global Environmt Ch,James Wanket,under,1,4,1,0,1,1,0,2,0,0,0,0,0,5,0
GEOG,130,46630,001,Food Environment,Adam Romero; Nathan Sayre,under,2,6,6,9,4,2,1,2,1,0,0,0,1,3,1
GEOG,138,46635,001,Global Environ Poli,Jennifer Baca; Nathan Sayre,under,1,6,13,4,0,2,1,1,0,0,0,0,1,6,0
GEOG,182,46640,001,Field Study Cities,Paul Groth,under,2,20,4,0,1,0,0,0,0,0,0,0,0,0,0
GEOG,4,46610,001,Wrld Cultures Envts,Greta Marchesi; Nathan Sayre,under,1,7,5,4,2,1,0,0,1,0,0,1,0,6,0
GEOG,50AC,46620,001,California,Lindsey Dillon,under,0,17,4,4,2,0,0,0,0,0,0,0,1,5,0
GEOG,70AC,46625,001,Urban Experience,John Stehlin; Nathan Sayre,under,0,5,0,1,4,2,1,0,0,0,0,0,0,5,0
GEOG,N20,46615,001,Globalization,Anthony Fontes; Nathan Sayre,under,1,2,7,6,12,10,6,2,1,0,0,0,3,11,0
GERMAN,1,47205,001,Elementary German 1,Christine Vais; Nikolaus Euba,under,1,4,6,1,0,0,0,1,0,0,0,0,0,1,1
GERMAN,2,47220,001,Elementary German 2,Nikolaus Euba; Stephanie Peltner,under,1,1,1,0,2,2,0,0,0,0,0,0,0,6,0
GERMAN,R5B,47270,004,Reading And Comp,Emina Musanovic; Karen Feldman,under,3,7,5,1,0,0,0,0,0,0,0,0,0,0,0
GERMAN,R5B,47255,001,Reading And Comp,Karen Feldman; Zachary Dziedziak,under,0,1,5,2,3,0,0,0,0,0,0,0,1,0,0
GERMAN,R5B,47260,002,Reading And Comp,Karen Feldman; Kevin Gordon,under,0,5,9,3,0,0,0,0,0,0,0,0,0,0,0
GERMAN,R5B,47265,003,Reading And Comp,Karen Feldman; Seth Meyer,under,0,5,6,3,2,0,1,1,0,0,0,0,0,0,0
GREEK,15,47905,001,The Greek Workshop,Dylan Sailor; Eric Driscoll,under,2,3,1,2,2,2,1,0,0,0,0,0,1,5,0
GWS,111,46015,001,Special Topics,Veronica Sanz Gonzalez,under,2,2,2,2,0,1,0,0,0,0,0,0,0,1,0
GWS,111,46020,002,Special Topics,Christine Quinan; Juana Rodriguez,under,0,12,5,2,2,0,0,1,1,0,0,0,1,2,0
GWS,50AC,46005,001,Gender In Amer Cult,Laura Fantone,under,0,7,3,7,6,0,1,0,0,0,0,0,1,5,0
HISTART,108,14635,002,Cities And The Arts,Andrew Stewart; William Ma,under,1,6,1,6,2,2,0,0,1,0,0,0,0,2,1
HISTART,N182,14645,001,Hist Of Photography,Andrew Stewart; Camille Mathieu,under,0,6,4,4,3,1,1,1,1,0,0,0,6,9,1
HISTART,R1B,14605,001,Visual Experience,Jordan Rose,under,1,1,3,4,3,0,1,0,0,0,0,0,1,0,0
HISTART,R1B,14620,004,Visual Experience,Andrew Stewart; Catherine Telfair,under,0,9,4,1,0,0,0,0,0,0,0,0,1,0,0
HISTORY,122AC,48945,001,Antebellum America,Robert Chester,under,0,2,4,6,2,0,0,0,0,0,0,0,1,3,1
HISTORY,127AC,48960,001,California,Felicia Viator,under,0,1,7,7,3,4,2,2,1,0,0,0,3,3,2
HISTORY,136AC,48970,001,Gender 20th C Us,Alison Weiss,under,0,3,3,1,3,0,0,3,0,0,0,0,0,2,0
HISTORY,160,48983,001,Mod Internatl Econ,Andrej Milivojevic,under,1,2,5,1,5,1,3,1,0,0,0,0,0,3,1
HISTORY,7B,48905,001,The Us Civ War Pres,Robert Chester,under,0,2,5,7,8,2,1,1,0,2,0,0,0,10,1
HISTORY,C192,48990,001,History Of Info,Blake Johnson,under,0,3,3,3,1,0,0,2,0,0,0,0,1,5,0
HISTORY,N100,48929,001,Short Course Topics,Carlos Norena,under,0,3,4,2,10,4,1,0,0,0,0,0,0,11,0
HISTORY,N100,49035,002,Short Course Topics,Robert Chester,under,0,4,6,2,4,11,1,1,1,1,0,0,7,19,4
HISTORY,N106B,48930,001,The Roman Empire,Carlos Norena,under,0,5,6,5,5,1,0,0,0,0,0,0,1,3,0
HISTORY,N109C,48935,001,Mid East 1750-Pres,Daniel Strieff,under,0,2,3,1,3,0,0,0,0,0,0,0,0,3,0
HISTORY,N119A,48940,001,Postwar Japan,Andrew Barshay,under,0,2,4,5,5,0,0,0,0,0,0,0,0,1,1
HISTORY,N124A,48950,001,U.S. Late 19th-1940,Gabriel Milner,under,0,5,3,1,4,0,2,1,0,0,0,0,1,1,0
HISTORY,N124B,48955,001,U.S. Wwii-Vietnam,Joseph Duong,under,2,9,7,5,4,4,1,1,0,0,1,0,2,1,2
HISTORY,N131B,48965,001,U.S. Social History,Christopher Shaw,under,0,0,5,7,0,4,2,0,0,0,0,0,1,8,0
HISTORY,N158C,48980,001,Europe 1914-Pres,David Wetzel,under,2,4,13,8,6,2,0,1,0,0,0,0,0,3,0
IAS,106,52010,001,Inter Micro Theory,Calanit Kamala,under,1,5,2,2,2,5,2,0,2,0,0,0,0,0,0
IAS,107,52015,001,Inter Macro Theory,Mario Muzzi,under,1,3,4,3,7,1,3,4,0,0,0,1,3,1,2
IAS,120,52020,001,Selected Topics,David Sarquis,under,0,2,0,4,0,0,1,1,0,0,0,0,0,3,0
IAS,120,52025,002,Selected Topics,Scott Bailey,under,0,12,7,3,3,6,1,2,2,0,2,0,0,8,1
IAS,150,52028,001,Adv Std In Ias,Hesham Issa; Tamirace Al Fakhoury Muehlbacher,under,3,2,2,0,2,0,0,0,0,0,0,0,0,4,0
IAS,196,52030,001,Special Research,Alan Karras,under,2,4,0,2,0,0,0,0,0,0,0,0,0,2,0
IAS,196,52040,003,Special Research,Alan Karras,under,3,15,4,1,0,0,0,0,0,0,0,0,1,16,1
IAS,196,52035,002,Special Research,Alan Karras,under,0,7,3,1,0,1,2,0,0,0,0,0,0,22,1
IAS,45,52005,001,Survy World History,Joseph Bohling,under,0,3,4,6,15,6,5,3,2,0,0,0,1,2,0
IND ENG,190A,38605,001,Advance Topics Ieor,Kenneth Singer,under,4,49,0,0,1,0,0,0,0,0,0,0,1,0,0
IND ENG,190C,38610,001,Advance Topics Ieor,Kenneth Singer,under,4,49,0,0,1,0,0,0,0,0,0,0,1,0,0
INFO,155,49810,001,Intro Hi-Level Pgm,Bruce Rinehart,under,19,25,0,2,1,0,0,0,0,0,0,0,0,1,2
INFO,C103,49805,001,History Of Info,Blake Johnson,under,0,1,3,1,1,2,0,0,3,0,1,0,2,4,1
INTEGBI,116L,50570,001,Medical Parasit,Judith Sakanari,under,2,10,13,4,3,1,3,0,1,0,0,0,0,0,1
INTEGBI,117,50585,001,Medical Ethnobotany,Thomas Carlson,under,4,16,2,3,10,3,0,3,2,0,1,0,1,7,2
INTEGBI,117LF,50595,002,Med Ethnobotany Lab,Arielle Halpern; Thomas Carlson,under,1,4,1,2,3,1,0,1,0,0,0,1,0,1,0
INTEGBI,117LF,50600,003,Med Ethnobotany Lab,Grace Benson-Martin; Thomas Carlson,under,3,6,1,4,2,0,0,0,1,0,1,0,1,1,2
INTEGBI,128,50610,001,Sports Medicine,Charles Mclaughlin,under,3,5,6,3,9,5,2,2,4,0,0,0,1,0,0
INTEGBI,131,50625,001,Human Anatomy,Thomas Carlson,under,4,34,24,19,20,11,4,10,2,0,2,0,1,6,4
INTEGBI,131L,50630,001,Human Anatomy Lab,Joshua Carlson; Thomas Carlson,under,1,6,3,2,3,1,2,0,2,0,0,0,0,2,0
INTEGBI,131L,50635,002,Human Anatomy Lab,Sofia Chang; Thomas Carlson,under,1,2,4,4,2,2,0,1,0,0,0,0,0,1,0
INTEGBI,131L,50640,003,Human Anatomy Lab,Corinne Ng; Thomas Carlson,under,2,3,2,5,3,0,0,1,1,0,0,0,0,0,0
INTEGBI,131L,50645,004,Human Anatomy Lab,Crystal Wang; Thomas Carlson,under,1,9,2,5,1,1,1,2,0,0,0,0,2,0,0
INTEGBI,132,50650,001,Surv Human Physiol,Nidhi Ahuja,under,0,5,8,10,6,4,4,1,3,3,1,0,0,0,0
INTEGBI,132L,50660,002,Mammal Physiol Lab,Natalia Caporale; Yuyang Mei,under,1,16,1,4,0,0,0,1,0,0,0,0,0,0,0
INTEGBI,132L,50655,001,Mammal Physiol Lab,Natalia Caporale; Rajaa Hussien,under,0,11,4,2,0,0,0,0,0,0,0,0,0,1,0
INTEGBI,132L,50665,003,Mammal Physiol Lab,Austin Peck; Natalia Caporale,under,0,11,8,0,1,0,0,0,0,0,0,0,0,0,0
INTEGBI,141,50670,001,Human Genetics,Gemma Niermann,under,0,33,1,9,26,7,10,20,6,1,7,2,7,5,1
INTEGBI,87,50505,001,Intro Res Meth Bio,John Matsui; Sherrie Gallipeau,under,2,9,4,1,1,0,0,0,0,0,0,0,0,1,0
ISF,100A,51605,001,Soc Thry Cult Anlys,Rakesh Bhandari,under,0,6,5,5,4,2,1,1,0,0,0,0,1,0,0
ISF,190,51660,001,Senior Thesis,Rakesh Bhandari,under,0,2,4,0,0,1,0,0,1,0,0,0,4,0,0
ISF,W187,51625,003,Exprientl Lm Org Ct,Joel Clark,under,0,2,0,1,0,2,0,0,0,0,0,0,1,4,0
ISF,W187,51630,004,Exprientl Lm Org Ct,Joel Clark,under,0,9,6,0,0,1,1,0,0,0,1,0,0,17,2
ISF,W187,51635,005,Exprientl Lm Org Ct,Joel Clark,under,0,6,7,3,2,0,0,0,0,0,0,0,1,19,3
ISF,W187,51640,006,Exprientl Lm Org Ct,Joel Clark,under,0,2,3,0,1,0,0,0,0,0,0,0,1,5,2
ISF,W187,51645,007,Exprientl Lm Org Ct,Joel Clark,under,0,9,1,2,3,1,0,0,0,0,0,0,1,12,2
ISF,W187,51650,008,Exprientl Lm Org Ct,Joel Clark,under,0,20,5,2,2,0,0,0,0,0,0,0,0,18,2
ISF,W187,51615,001,Exprientl Lm Org Ct,Joel Clark,under,0,0,0,0,0,0,0,0,1,0,0,0,0,10,0
ITALIAN,1,52605,001,Elementary Italian,Albert Ascoli; Arthur Lei,under,3,2,1,0,1,0,0,0,0,0,0,0,0,3,0
ITALIAN,30,52625,001,Dante (English),Albert Ascoli; Marco Prina,under,3,4,1,0,1,0,0,0,0,0,0,0,0,1,0
ITALIAN,70,52630,001,Italian Cinema,Albert Ascoli; Soledad Anatrone,under,2,4,2,1,1,0,0,0,0,0,0,0,0,2,0
ITALIAN,R5B,52610,101,Reading & Comp,Albert Ascoli; Julia Nelsen,under,0,4,7,2,0,0,0,0,0,0,0,0,1,0,0
ITALIAN,R5B,52615,102,Reading & Comp,Brandon Schneider,under,0,2,3,4,4,0,0,0,0,0,0,0,0,0,0
JAPAN,1,53105,001,Elem Japan Intens,Maki Takata; Noriko Knickerbocker,under,0,4,0,1,0,0,1,3,0,0,0,0,2,3,0
JAPAN,10,53135,001,Inter Japan Intens,Maki Takata; Yuriko Caltabiano,under,0,5,0,1,1,0,0,0,0,1,0,0,0,5,0
JAPAN,7B,53125,001,Modern Japan Lit,Miyabi Yamamoto,under,0,2,2,5,1,0,0,0,0,0,0,0,1,1,0
LATAMST,160,55610,001,Politics Devl Chile,Tiffany Page,under,0,6,7,1,0,0,0,0,0,0,0,0,0,2,0
LATIN,15,55110,001,The Latin Workshop,Dylan Sailor; John Lanier,under,3,7,6,1,0,0,0,0,0,0,0,0,0,6,0
LD ARCH,130,54710,001,Sustain Landscapes,Kimberlee Stryker,under,0,29,3,2,0,0,0,0,0,0,0,0,1,1,2
LEGALST,104AC,56405,001,Youth Just & Cult,Michael Musheno,under,2,3,5,2,3,1,0,0,1,0,0,0,0,2,1
LEGALST,132AC,56420,001,Immgrtn & Citiznshp,Letitia Volpp,under,0,4,5,8,7,2,2,1,1,0,0,0,0,7,0
LEGALST,147,56435,001,Law & Economics,C. Daniel Vencill,under,5,10,4,6,4,0,1,2,1,0,0,0,0,6,0
LEGALST,160,56450,001,Punishment Cult Soc,Richard Perry,under,2,11,8,11,2,8,6,1,0,0,0,0,0,0,0
LEGALST,177,56480,001,Am Legal Const Hist,Robert Brown,under,0,10,7,8,5,8,1,3,0,0,0,0,1,2,0
LEGALST,182,56495,001,"Law, Politics & Soc",Malcolm Feeley,under,0,6,11,2,7,4,1,0,0,0,1,1,0,6,2
LGBT,20AC,56905,001,Alternatv Sex Ident,Jacqueline Asher,under,0,7,3,2,0,0,0,0,0,0,0,0,0,3,0
LINGUIS,100,57330,001,Intro Ling Sci,Line Mikkelsen; Roslyn Burns,under,0,1,3,1,4,4,4,3,2,0,0,1,1,0,1
LINGUIS,125,57348,001,"Gesture, Cognition",Elise Stickles; Line Mikkelsen,under,0,3,4,2,4,1,2,1,0,0,1,0,1,1,0
LINGUIS,5,57310,001,Lang & Linguistics,Gary Holland; Oana David,under,2,4,3,5,2,0,1,0,0,1,1,0,3,0,1
LINGUIS,55AC,57320,001,American Languages,Gary Holland; Tammy Stark,under,3,8,0,1,2,0,0,0,0,0,0,0,1,3,0
LINGUIS,C105,57340,001,Mind And Language,Eve Sweetser; I-Hsuan Chen,under,0,3,3,2,3,3,2,0,0,0,0,0,3,1,0
LINGUIS,C146,57350,001,Lang Acquisition,Emily Cibelli; Gary Holland,under,6,6,9,2,1,1,1,0,2,0,0,0,1,4,1
LINGUIS,R1B,57305,001,Endangered Language,Jessica Cleary-Kemp; Line Mikkelsen,under,0,10,5,1,0,0,0,0,0,0,0,0,0,0,0
MATH,104,58865,001,Intro To Analysis,Harrison Chen; Mark Haiman,under,3,2,7,2,3,2,2,0,0,0,0,0,2,1,2
MATH,104,58875,002,Intro To Analysis,Jason Ferguson; Mark Haiman,under,3,4,2,6,2,4,1,3,0,1,0,0,0,0,1
MATH,110,58885,001,Linear Algebra,Mark Haiman; Mohammad Safdari,under,1,4,5,1,4,2,4,1,3,2,2,0,10,1,0
MATH,110,58895,002,Linear Algebra,Lasse Mannisto; Mark Haiman,under,3,5,3,6,2,2,1,0,1,0,4,0,6,1,2
MATH,113,58905,001,Abstract Algebra,James Mcivor; Mark Haiman,under,3,4,6,4,7,4,1,3,0,0,0,0,2,2,1
MATH,113,58915,002,Abstract Algebra,George Melvin; Mark Haiman,under,1,5,3,2,3,2,1,2,1,0,0,0,2,2,2
MATH,115,58925,001,Intro Number Theory,Paul Vojta,under,3,4,2,1,2,2,2,0,1,0,1,0,6,2,0
MATH,128A,58935,001,Numerical Analysis,Mark Haiman; Thanh Vu,under,2,2,4,2,8,6,8,5,2,0,0,0,4,0,0
MATH,128A,58945,002,Numerical Analysis,Mark Haiman; Weihua Liu,under,2,7,5,9,7,3,6,2,0,0,1,0,2,1,0
MATH,16A,58465,001,Anal Geo & Calculus,Kun Chen; Mark Haiman,under,2,5,1,2,8,3,2,6,2,0,1,0,1,1,0
MATH,16A,58475,002,Anal Geo & Calculus,Maria Guadalupe Martinez; Mark Haiman,under,3,4,3,2,4,0,1,4,4,0,2,0,2,1,1
MATH,16A,58485,003,Anal Geo & Calculus,Mira Peterka,under,0,7,1,3,6,0,4,2,1,0,1,0,4,1,2
MATH,16B,58495,001,Anal Geo & Calculus,Mark Haiman; Saad Qadeer,under,3,4,4,2,4,4,2,2,2,0,0,0,4,1,1
MATH,16B,58505,002,Anal Geo & Calculus,Mark Haiman; Maryam Farahmand-Asil,under,7,4,4,4,4,1,0,1,1,0,0,0,3,1,3
MATH,16B,58515,003,Anal Geo & Calculus,Brandon Williams; Mark Haiman,under,0,5,1,2,5,2,3,1,1,0,2,0,4,0,0
MATH,185,58965,002,Complex Analysis,Anh-Trang Nguyen; Mark Haiman,under,8,4,2,1,2,1,1,0,2,0,0,0,4,0,1
MATH,185,58955,001,Complex Analysis,Mark Haiman,under,0,9,5,3,2,5,0,2,3,0,0,0,5,1,0
MATH,1A,58405,001,Calculus,Nathan Alexander,under,4,8,2,2,1,0,3,1,2,0,1,0,5,1,1
MATH,1A,58415,002,Calculus,Jesse Elliott,under,1,6,2,1,4,1,3,1,0,0,6,0,6,3,2
MATH,1B,58425,001,Calculus,Khalilah Beal; Mark Haiman,under,2,4,3,7,7,1,5,1,0,0,0,0,5,0,2
MATH,1B,58435,002,Calculus,Chen Shen; Mark Haiman,under,5,10,1,5,5,7,1,3,5,0,0,0,0,1,0
MATH,1B,58445,003,Calculus,Mark Haiman; Yi-Chang Chen,under,2,2,5,5,3,4,2,2,3,0,0,0,2,0,3
MATH,1B,58455,004,Calculus,Mark Rinker,under,1,2,2,4,8,7,2,2,0,0,0,0,2,1,3
MATH,32,58525,001,Precalculus,Cody Mitchell; Mark Haiman,under,1,6,1,3,5,0,3,4,0,0,5,0,4,2,4
MATH,32,58535,002,Precalculus,Richard Gibson,under,0,13,18,14,33,3,6,2,0,0,0,0,0,26,0
MATH,53,58600,001,Multivar Calculus,Charles Skipper; Mark Haiman,under,3,2,6,5,5,2,0,6,0,0,3,0,0,4,0
MATH,53,58610,002,Multivar Calculus,Mark Haiman; Samuel Ramsey,under,2,6,4,4,9,2,0,0,3,0,2,0,1,1,0
MATH,53,58620,003,Multivar Calculus,Richard Ketchersid,under,2,1,4,4,6,0,4,1,1,0,0,1,2,1,1
MATH,53,58630,004,Multivar Calculus,Kevin Wray; Mark Haiman,under,1,10,8,7,2,3,0,1,0,0,0,0,1,0,0
MATH,53,58640,005,Multivar Calculus,Mark Haiman; Zhengyi Zhou,under,2,5,1,2,3,3,3,3,3,0,0,0,2,0,1
MATH,53,58650,006,Multivar Calculus,Mark Haiman; Qiaochu Yuan,under,2,9,2,5,7,3,1,1,1,0,1,0,0,2,1
MATH,54,58660,001,Lin Alg & Diff Eqns,Aditya Adiredja,under,3,2,2,11,4,2,1,2,1,0,0,0,2,0,0
MATH,54,58680,003,Lin Alg & Diff Eqns,Kevin O'Neill; Mark Haiman,under,5,3,6,3,8,1,2,1,0,0,0,0,3,0,0
MATH,54,58690,004,Lin Alg & Diff Eqns,James Moody; Mark Haiman,under,2,5,3,5,6,2,2,3,1,0,0,0,1,0,2
MATH,54,58710,006,Lin Alg & Diff Eqns,Justin Brereton; Mark Haiman,under,1,6,3,5,3,2,3,3,0,0,1,0,2,1,0
MATH,54,58720,007,Lin Alg & Diff Eqns,Lu Li,under,3,7,4,5,6,2,1,1,0,0,0,0,1,2,0
MATH,54,58730,008,Lin Alg & Diff Eqns,Albert Ai; Mark Haiman,under,3,5,3,6,3,3,2,0,0,0,1,0,2,2,2
MATH,54,58670,002,Lin Alg & Diff Eqns,Adam Lesnikowski; Mark Haiman,under,0,15,2,3,6,1,5,0,2,0,0,0,1,0,1
MATH,54,58700,005,Lin Alg & Diff Eqns,Dong Gyu Lim; Mark Haiman,under,0,3,4,3,3,1,3,2,2,0,2,0,0,0,2
MATH,55,58740,001,Discrete Math,Mark Haiman; Shishir Agrawal,under,2,3,5,2,2,3,2,3,6,0,0,0,6,0,0
MATH,55,58750,002,Discrete Math,Austin Shapiro,under,2,1,3,3,4,4,3,2,1,1,1,1,3,0,1
MATH,96,58760,001,College Algebra,Michael Leong,under,2,17,5,6,11,2,0,2,0,0,1,0,0,39,22
MATH,98,58795,001,Directed Group Stdy,Mark Haiman; Michael Wong,under,0,0,0,0,0,0,0,0,0,0,0,0,0,18,6
MATH,98,58800,002,Directed Group Stdy,Mark Haiman; Michael Wong,under,0,0,0,0,0,0,0,0,0,0,0,0,0,18,4
MATH,98,58805,003,Directed Group Stdy,Mark Haiman; Michael Wong,under,0,0,0,0,0,0,0,0,0,0,0,0,0,16,4
MATH,98,58810,004,Directed Group Stdy,Michael Wong,under,0,0,0,0,0,0,0,0,0,0,0,0,0,15,4
MATH,98,58815,005,Directed Group Stdy,Michael Wong,under,0,0,0,0,0,0,0,0,0,0,0,0,0,17,5
MATH,W53,58658,001,Multivar Calculus,Michael Hutchings,under,8,16,16,15,12,8,10,8,0,1,1,0,16,4,1
MCELLBI,102,61100,001,Surv Biochem & Mobi,Natalia Caporale,under,2,25,16,20,27,11,11,22,15,0,13,0,5,1,3
MCELLBI,32,61005,001,Intro Human Physiol,Robin Ball,under,1,8,5,5,6,5,1,2,0,2,2,0,2,4,0
MCELLBI,32L,61020,001,Int Human Phys Lab,Robin Ball,under,2,27,8,2,5,0,0,1,0,0,0,0,0,1,0
MCELLBI,63,61040,001,Intro Funct Neuro,Joseph Reyes,under,0,33,9,6,20,6,6,8,0,0,0,0,2,6,0
MCELLBI,C112,61160,001,Gen Microbiology,Adrien Burch,under,1,5,2,1,4,3,1,2,2,0,0,0,0,0,0
MCELLBI,C112L,61175,001,Microbiology Lab,Irania Alarcon; Javier Silva,under,0,0,1,3,4,2,1,2,0,1,0,0,0,0,0
MCELLBI,W61,61035,001,Brain Mind Behavior,David Presti,under,0,24,0,11,24,0,0,17,7,0,4,0,8,13,11
MEC ENG,104,39850,001,Engr Mechanics Ii,Oliver O'Reilly,under,2,2,7,5,4,3,1,0,1,0,2,0,1,0,0
MEC ENG,106,39860,001,Fluid Mechanics,Jocelyn Bale-Glickman,under,5,4,1,3,7,3,0,3,1,0,1,0,2,0,0
MEC ENG,109,39865,001,Heat Transfer,Deborah Sunter,under,3,4,8,5,3,1,3,6,2,0,0,0,1,0,0
MEC ENG,110,39875,001,Intro Product Dev,Donald Wroblewski,under,1,10,10,4,5,1,1,2,0,0,0,0,1,0,0
MEC ENG,132,39880,001,Dyn System/Feedback,George Anwar,under,2,5,1,5,5,5,0,0,0,1,0,0,1,0,0
MEC ENG,191K,39895,001,Prof Communication,Marcel Kristel,under,0,11,0,0,0,0,0,0,0,0,0,0,0,1,0
MEC ENG,40,39805,001,Thermodynamics,David Rich,under,0,4,6,7,9,9,2,5,0,0,0,0,2,0,0
MEC ENG,C85,39815,001,Intro Solid Mechncs,Klaus Hackl,under,1,5,0,1,4,2,1,2,3,0,1,2,10,2,0
MEDIAST,C104C,59810,001,History Of Info,Blake Johnson,under,0,6,1,1,5,0,2,1,2,0,0,0,0,1,1
MEDIAST,N10,59805,001,Intro To Mediast,Josh Jackson,under,0,17,6,6,9,4,5,2,4,1,4,5,17,4,0
MUSIC,128R,62155,001,Jazz In America,David Milnes,under,2,6,3,0,3,1,0,0,0,0,0,0,1,9,0
MUSIC,128RM,62160,001,Jazz In America,David Milnes,under,5,4,0,0,0,0,0,0,0,0,0,0,0,1,0
MUSIC,139,62167,002,World Topics,Cecil Brown,under,5,1,7,6,2,0,0,0,0,0,0,0,0,2,0
MUSIC,140,62168,001,Javanese Gamelan,Midiyanto Midiyanto,under,1,38,1,0,0,0,0,0,0,0,0,0,0,0,0
MUSIC,143,62170,001,Gospel Chorus,Doniel Wilson,under,9,17,2,0,0,0,0,1,0,0,0,0,0,0,1
MUSIC,20A,62110,002,Basic Musicianship,Benjamin Brinner; Rachana Vajjhala,under,1,4,0,0,1,0,0,0,0,0,0,0,0,9,1
MUSIC,20A,62115,003,Basic Musicianship,Cindy Cox; Eleanor Cloutier,under,3,14,8,0,2,0,0,0,0,0,0,0,1,2,0
MUSIC,20A,62105,001,Basic Musicianship,Amadeus Regucera; Benjamin Brinner,under,0,7,1,2,1,0,0,0,0,0,0,0,0,5,1
MUSIC,20A,62120,004,Basic Musicianship,Robert Yamasato,under,0,17,3,0,0,1,0,0,0,0,0,0,0,8,0
MUSIC,25A,62125,001,Music Theory,Robert Yamasato,under,0,8,1,3,1,2,1,1,0,0,0,0,0,2,0
MUSIC,29,62143,001,Music Now,Edmund Campion,under,10,4,2,1,2,0,0,1,0,0,0,0,0,0,0
MUSIC,44,62145,001,Voice Class,Candace Johnson,under,11,9,1,0,0,0,0,0,0,0,0,0,1,3,1
MUSIC,44,62147,002,Voice Class,Candace Johnson,under,12,7,1,1,0,1,0,0,0,0,0,0,0,5,0
MUSIC,45,62148,001,Beginning Piano 1,Jacqueline Chew,under,2,3,3,0,0,0,0,0,0,0,0,0,1,4,2
MUSIC,45,62149,002,Beginning Piano 1,Jacqueline Chew,under,3,4,1,0,3,0,0,0,0,0,0,0,0,3,0
MUSIC,N148,62175,001,African Mus Perf,Cornelius Ladzekpo,under,7,60,0,0,1,0,0,0,0,0,0,0,0,0,0
MUSIC,N26AC,62130,001,Music In Amer Cul,Benjamin Brinner,under,3,9,6,2,2,1,0,0,0,0,0,0,0,12,0
MUSIC,N26AC,62135,002,Music In Amer Cul,Carla Brunet,under,5,22,3,3,6,1,0,1,1,0,0,0,0,13,0
NATAMST,151,62755,001,Nat Amer Philos,Diane Pearson,under,0,12,0,0,2,0,1,1,0,0,0,0,0,0,0
NATAMST,R1A,62705,001,"Reading,Composition",Angela Aguilar; Shari Huhndorf,under,1,10,2,0,0,0,0,1,0,0,0,0,0,0,0
NATAMST,R1A,62715,002,"Reading,Composition",Julie Underhill; Shari Huhndorf,under,1,7,1,1,1,0,0,0,0,0,0,0,1,0,0
NATAMST,R1B,62735,002,"Reading,Composition",Michael Singh; Shari Huhndorf,under,1,9,4,1,0,0,0,0,0,0,0,0,0,0,0
NATAMST,R1B,62725,001,"Reading,Composition",Beth Piatote,under,0,6,4,2,3,1,0,0,0,0,0,0,1,0,0
NE STUD,18,63210,001,Intro Ancient Egypt,Elizabeth Minor,under,3,4,2,1,0,0,0,0,0,0,0,0,0,0,0
NE STUD,R1A,63205,002,Read Comp Ne Stud,Carol Redmount; Linda Istanbulli,under,0,7,5,1,0,0,0,0,0,0,0,0,0,0,0
NUSCTX,10,64605,001,Intro Human Nutr,Mikelle Mccoin,under,1,3,3,2,4,4,2,7,2,0,2,0,0,12,3
NUSCTX,10,64615,002,Intro Human Nutr,Ruth Schrager,under,1,15,8,9,32,7,5,18,4,4,6,0,10,9,6
NUSCTX,104,64635,001,Hum Food Practices,Kristen Rasmussen,under,2,24,3,3,5,2,0,0,0,0,0,0,0,5,2
NWMEDIA,150AC,64405,001,New Media Amer Cult,Bonnie Ruberg,under,0,7,0,1,1,0,0,0,0,0,0,0,2,0,0
PACS,100,66005,001,Peace Theories,Karenjot Bhangoo Randhawa,under,0,3,4,2,1,1,0,0,0,0,0,0,1,0,0
PACS,119,66015,003,Special Topics,Jerry Sanders,under,0,8,0,9,3,0,0,0,0,0,0,0,0,0,0
PACS,127,66020,001,Hr And Global Poli,Annie Fukushima,under,5,7,4,6,5,1,2,0,0,0,2,1,1,4,0
PACS,135,66025,001,Regional Conflict,Jerry Sanders,under,0,7,5,3,4,0,0,0,0,0,0,0,0,0,0
PACS,150,66030,001,Conflict Resolution,Karenjot Bhangoo Randhawa,under,0,3,3,6,4,1,0,0,0,0,0,0,0,3,0
PACS,159,66035,001,Con Res Intes Train,Beth Roy,under,0,20,0,0,1,0,0,0,0,0,0,0,0,6,1
PB HLTH,126,72605,001,Health Economics,William Dow,under,2,7,2,2,0,4,1,0,0,0,0,0,1,2,0
PB HLTH,141,72610,001,Intro Biostat,Maureen Lahiff,under,6,18,38,7,15,1,0,0,1,0,0,0,0,4,0
PB HLTH,14N,72603,001,Healthy People,Sarah Gamble,under,0,6,13,9,2,1,2,0,0,0,0,0,0,4,0
PB HLTH,150D,72635,001,Intro Hlth Pol Mgt,Joan Bloom,under,6,24,4,5,0,1,0,0,1,0,0,0,0,2,0
PB HLTH,162A,72640,001,Pub Hlth Microbiol,Peter Dailey,under,4,4,5,9,6,9,4,6,1,0,3,0,1,1,1
PHILOS,110,66605,001,Aesthetics,Robert Noe,under,0,3,6,4,3,4,0,0,0,0,0,0,1,0,0
PHILOS,115,66615,001,Political Philos,Florian Grosser,under,0,8,6,6,0,5,0,2,2,0,0,0,1,2,0
PHILOS,119,66625,001,Feminism Philosophy,Alexander Madva,under,0,3,3,2,3,1,1,0,2,0,0,0,3,7,1
PHILOS,12A,66555,002,Intro To Logic,Ethan Nowak; John Macfarlane,under,10,5,3,7,0,0,1,1,2,0,0,1,4,3,6
PHILOS,12A,66545,001,Intro To Logic,Michael Rieppel,under,0,9,3,7,4,1,0,0,0,1,0,0,0,9,3
PHILOS,132,66635,001,Philosophy Of Mind,Robert Noe,under,0,7,6,8,7,2,0,0,0,0,0,0,0,0,0
PHILOS,178,66645,001,Kant,Klaus Corcilius,under,0,3,0,4,2,4,0,0,0,0,0,0,2,1,0
PHILOS,2,66515,002,Ind Moral/Soc Just,John Macfarlane; Julian Jonker,under,1,3,6,3,2,5,1,0,0,3,1,0,2,4,1
PHILOS,2,66505,001,Ind Moral/Soc Just,John Macfarlane; Quinn Gibson,under,0,3,1,4,1,2,2,1,1,1,0,0,0,3,0
PHILOS,25A,66565,001,Ancient Philosophy,John Macfarlane; Nicholas Gooding,under,0,1,2,1,3,4,0,0,0,0,0,0,0,1,1
PHILOS,25A,66575,002,Ancient Philosophy,John Macfarlane; Richard Lawrence,under,0,6,6,0,3,3,1,2,0,0,0,1,1,6,0
PHILOS,25B,66585,001,Modern Philosophy,Timothy Crockett,under,1,4,1,1,6,3,2,1,1,0,0,0,2,1,0
PHILOS,25B,66595,002,Modern Philosophy,Janum Sethi; John Macfarlane,under,1,1,7,3,4,1,2,0,0,0,0,0,0,3,1
PHILOS,3,66525,001,Nature Of Mind,Arpy Khatchirian; John Macfarlane,under,0,4,1,1,2,0,0,1,0,0,1,1,0,5,0
PHILOS,3,66535,002,Nature Of Mind,James Hutchinson; John Macfarlane,under,0,0,11,7,7,3,4,0,0,0,0,0,0,9,1
PHYS ED,1,67110,102,Pe Activities,Jason Britton,under,0,9,0,0,0,0,0,0,0,0,0,0,0,7,5
PHYS ED,1,67115,201,Pe Activities,Toni Mar,under,0,4,0,0,1,0,0,1,0,0,0,0,1,8,6
PHYS ED,1,67120,202,Pe Activities,Toni Mar,under,0,3,0,0,1,0,0,0,0,0,0,0,1,4,9
PHYS ED,1,67130,204,Pe Activities,Richard Morris,under,0,5,0,0,0,0,0,0,0,0,0,0,2,6,0
PHYS ED,32,67135,001,Fitness: Phs Ada/Ex,Sue Johannessen,under,0,4,3,2,1,2,0,0,0,0,0,0,1,4,0
PHYSICS,137A,67745,001,Quantum Mechanics,Charles Wohl,under,2,21,7,19,11,6,4,8,2,0,0,0,7,3,2
PHYSICS,7A,67405,001,Scient Engin Phys,Robert Duffin,under,2,11,2,5,12,10,2,3,2,0,1,0,1,1,1
PHYSICS,7B,67440,001,Scient Engin Phys,Michael Bloxham,under,1,7,10,7,10,9,13,13,4,0,0,0,1,1,0
PHYSICS,7C,67485,001,Scient Engin Phys,James Little,under,0,4,4,4,9,5,5,3,2,0,2,0,0,1,1
PHYSICS,8A,67520,001,Intro Physics,William Golightly,under,9,15,13,10,22,15,10,6,7,1,4,1,7,0,6
PHYSICS,8B,67615,001,Intro Physics,Terrence Buehler,under,3,19,19,22,21,25,5,17,8,0,4,0,2,1,0
PLANTBI,190,68534,001,Plant And Micro Top,Lilah Rahn-Lee,under,0,3,1,4,2,0,0,0,0,0,0,0,1,1,0
PLANTBI,C112,68515,001,Gen Microbiology,Adrien Burch,under,0,3,3,4,3,2,2,3,0,0,1,0,2,0,0
POL SCI,1,70205,001,Intro American Pol,Eric Schickler; Ruth Bloch Rubin,under,3,7,7,6,6,5,5,3,6,0,1,4,2,9,2
POL SCI,116P,70293,001,Topics Pol Theory,David Peritz,under,2,7,9,9,8,7,1,2,2,1,0,0,3,1,0
POL SCI,129B,70295,001,Russia After Commun,Michael Fish,under,3,33,11,17,12,8,4,4,1,4,1,0,4,5,1
POL SCI,142A,70320,001,Middle East Pol,Mahmood Monshipouri,under,0,21,20,6,5,2,1,0,0,0,0,0,2,1,0
POL SCI,149W,70355,001,Topics In Area Stdy,Jason Wittenberg,under,0,4,3,1,2,3,1,1,0,0,0,0,0,0,0
POL SCI,150,70380,001,Amer Legal System,Sean Farhang,under,6,26,18,10,8,3,0,0,1,0,1,0,1,3,2
POL SCI,157A,70403,001,Constitutl Law U.S.,Eric Schickler; Gregory Elinson,under,2,8,6,9,7,9,3,5,0,0,3,0,1,1,0
POL SCI,2,70230,001,Intro Comparat Pol,Michael Fish,under,5,14,6,9,6,3,7,1,1,1,3,0,2,5,0
POL SCI,3,70255,001,Empirical Analysis,Jason Wittenberg,under,0,9,8,8,2,6,6,2,4,3,2,1,1,1,0
POL SCI,W145A,70345,001,Poli Dev India,Pradeep Chhibber,under,0,1,11,24,20,1,6,0,0,0,0,0,5,21,3
POLECON,100,69405,001,Theory Of Pol Econ,Stephanie Ballenger,under,0,5,4,6,7,10,4,4,3,0,0,0,0,0,0
POLECON,101,69410,001,Contemp Theo Pol Ec,Atul Singh,under,1,14,19,8,4,1,0,0,0,0,0,0,2,0,1
PSYCH,101,71550,001,Res & Data Analysis,Jennifer Lee,under,1,7,6,3,8,0,1,3,2,1,1,2,2,1,0
PSYCH,136,71605,001,Human Sexuality,James Mchale,under,0,57,0,0,4,0,0,2,0,0,0,0,0,1,0
PSYCH,139,71610,001,Clinical Case Study,Lewis Lewin,under,6,4,11,9,0,1,0,1,0,2,0,0,1,5,1
PSYCH,14,71520,001,Psych Of Gender,Sara Gorchoff,under,0,5,4,4,2,2,0,1,0,0,0,0,0,6,1
PSYCH,166AC,71650,001,Cultural Psychology,Matt Goren,under,8,9,15,10,7,8,2,3,4,1,1,0,1,11,3
PSYCH,3,71515,001,How The Brain Works,Natalia Caporale,under,4,26,13,15,20,5,2,9,4,0,3,2,4,31,2
PSYCH,6,71518,001,Stress And Coping,Christopher Gade,under,14,23,17,18,11,7,2,6,5,6,3,2,3,26,10
PSYCH,C120,71585,001,Issues In Cognition,Rachel Shoup,under,4,15,13,10,7,4,1,2,3,0,0,0,4,4,4
PSYCH,C143,71625,001,Lang Acquisition,Emily Cibelli; Gary Holland,under,3,2,12,3,0,1,1,0,0,1,0,0,1,2,0
PSYCH,N1,71505,001,General Psychology,Christopher Gade,under,7,9,4,4,4,1,4,2,4,2,3,0,6,13,0
PSYCH,N107,71575,001,Buddhist Psychology,Davina Chan,under,8,36,3,4,6,0,2,0,0,0,0,0,1,0,1
PSYCH,N110,71580,001,Introd Biol Psych,Natalia Caporale,under,0,13,5,7,12,4,5,6,1,1,2,1,2,1,0
PSYCH,N130,71595,001,Clinical Psychology,James Mchale,under,0,20,0,1,9,0,0,2,0,0,0,0,1,1,0
PSYCH,N133,71600,001,Psychology Of Sleep,Jennifer Kanady,under,0,135,0,0,37,0,0,15,0,0,2,0,4,15,4
PSYCH,N140,71615,001,Development Psych,Amy Strage,under,32,31,7,3,10,3,0,2,1,0,0,0,0,0,0
PSYCH,N140,71620,002,Development Psych,Jennifer Arter,under,1,32,37,9,7,4,0,1,2,0,1,0,1,8,0
PSYCH,N150,71635,001,Personality Psych,Oliver John,under,4,11,11,5,7,4,2,3,2,0,0,0,0,3,0
PSYCH,N160,71640,001,Social Psychology,Christopher Gade,under,36,15,12,11,10,10,6,4,4,4,2,1,8,10,4
PSYCH,N162,71645,001,Human Happiness,Andres Martinez,under,4,15,15,7,1,2,0,0,0,0,0,0,0,7,0
PSYCH,N180,71655,001,Indust/Organ Psych,Shreya Sarkar-Barney,under,36,2,1,0,0,1,0,0,0,0,0,0,1,5,1
PSYCH,W1,71510,001,General Psychology,John Kihlstrom,under,0,18,17,5,12,21,11,18,5,0,4,0,2,60,3
RHETOR,10,74315,001,Reason And Argument,Amy Jamgochian,under,0,6,5,5,1,1,1,0,0,0,0,0,0,0,0
RHETOR,103A,74345,001,Hist Of Rhet I,Dale Carrico,under,0,3,8,9,5,2,0,0,0,0,0,0,3,1,0
RHETOR,103B,74360,001,Hist Of Rhetoric Ii,Felipe Gutterriez,under,0,0,3,4,4,0,0,0,0,0,0,0,0,0,0
RHETOR,110,74375,001,Advanced Writing,Felipe Gutterriez,under,0,7,3,1,0,0,0,0,0,0,0,0,0,1,1
RHETOR,152AC,74388,001,Race/New Republic,David Bates; Matthew Armstrong; Munira Lokhandwala,under,0,7,6,1,0,1,0,0,0,0,0,0,0,0,0
RHETOR,R1B,74305,001,Craft Of Writing,Benjamin Lempert,under,0,3,3,3,2,2,1,0,0,0,0,0,0,1,0
RHETOR,R1B,74310,002,Craft Of Writing,Michael Mascuch; Paul Nadal,under,0,5,4,2,0,0,0,1,0,0,0,0,0,1,0
S ASIAN,R5A,78505,001,Great Books India,Jeffrey Hadler; Maria Packman,under,0,6,5,0,0,0,0,0,0,0,0,0,0,0,1
"S,SEASN",120,77905,001,"Topics S,Seasn",Maria Barrios-Leblanc,under,8,15,3,0,0,0,0,0,0,0,0,0,0,0,0
SCANDIN,R5B,75705,001,Reading & Comp,Jenna Coughlin; Mark Sandberg,under,0,9,2,2,0,0,0,0,0,0,0,0,0,0,0
SCANDIN,R5B,75710,002,Reading & Comp,Mark Sandberg; Molly Bauer,under,0,2,4,2,2,0,1,0,0,0,0,0,1,0,0
SCANDIN,R5B,75715,101,Reading & Comp,Benjamin Bigelow; David Frick,under,0,6,5,1,2,0,0,0,0,0,0,0,0,1,0
SCANDIN,R5B,75720,102,Reading & Comp,David Frick; Monica Hidalgo,under,0,6,5,3,3,0,0,0,0,0,0,0,0,0,0
SCANDIN,R5B,75725,103,Reading & Comp,Benjamin Bigelow; David Frick,under,0,6,2,0,0,0,0,2,0,0,0,0,2,0,0
SLAVIC,R5B,75105,101,Reading And Comp,Erin Coyne,under,0,1,8,3,0,2,0,0,0,0,0,0,0,1,0
SOC WEL,105,76223,001,Current Topics,Catharine Ralph,under,2,3,11,4,4,2,1,1,0,0,0,0,1,1,2
SOC WEL,107,76225,001,"Fndns,Phil,Grant Wt",Kimberly Klein,under,1,12,1,1,2,0,0,0,0,0,0,0,0,0,0
SOC WEL,110,76230,001,Soc Wk As A Prof,Valerie Edwards,under,6,27,5,1,3,1,0,2,0,0,0,0,0,0,0
SOC WEL,112,76245,001,Soc Welfare Policy,Hanna Mark; Jill Berrick; Leah Jacobs,under,6,7,13,3,11,5,1,2,0,0,0,0,0,0,0
SOC WEL,114,76260,001,Practice In Soc Wk,Sevaughn Banks,under,0,24,10,7,0,0,3,0,0,0,0,0,0,0,0
SOC WEL,116,76275,001,Current Topics,Jill Berrick; Kelly Whitaker,under,10,8,0,0,0,0,0,0,0,0,0,0,0,5,0
SOC WEL,148,76285,001,Sub Abuse Trmt,Amanda Reiman,under,5,24,4,1,2,0,0,0,0,0,0,0,2,3,0
SOC WEL,150L,76288,001,Soc Wk & Sexuality,Rebekah Skoor,under,1,15,3,2,0,0,0,0,0,0,0,0,0,3,0
SOC WEL,172,76290,001,Human Svcs In Mex,Luna Calderon,under,0,1,4,0,0,0,0,0,0,0,0,0,0,5,0
SOC WEL,175AC,76295,001,Dialogue Diversity,Valerie Edwards,under,0,7,5,3,0,0,0,0,0,0,0,0,0,3,0
SOC WEL,20,76205,001,Confronting,Jill Berrick; Wendy Wiegmann,under,1,5,1,2,2,2,1,4,0,0,1,0,2,4,2
SOCIOL,110,76825,001,Org & Soc Institut,Linus Huang,under,0,16,12,6,8,2,4,3,1,1,1,1,2,1,2
SOCIOL,113AC,76830,001,Education,Rebecca Tarlau,under,0,7,11,5,9,2,1,2,0,0,0,0,1,0,0
SOCIOL,130,76835,001,Soc Inequalities,Szonja Ivester,under,1,17,6,4,0,3,0,1,1,1,0,0,4,0,0
SOCIOL,131AC,76840,001,Race/Eth Rel:Am Cul,Andrew Barlow,under,0,5,10,4,3,4,3,0,0,0,0,0,1,1,0
SOCIOL,133,76845,001,Sociology Of Gender,Jill Bakehorn,under,2,22,5,6,0,2,0,0,0,1,0,0,2,2,0
SOCIOL,160,76855,001,Sociol Of Culture,Jill Bakehorn,under,1,10,4,7,5,1,3,1,2,0,1,1,1,2,0
SOCIOL,167,76860,001,Virtual Communities,Dylan Riley; Richard Geiger,under,9,3,6,3,5,1,1,0,0,0,0,1,1,0,1
SOCIOL,190,76870,001,Sem & Res In So,Dylan Riley,under,0,0,4,3,0,5,0,3,1,0,0,0,1,1,0
SOCIOL,3AC,76805,001,Prin Soc: Am Cultur,Brian Powers,under,3,8,14,3,2,1,0,0,0,0,0,0,1,4,0
SOCIOL,5,76810,001,Eval Of Evidence,Szonja Ivester,under,0,21,14,6,1,0,0,0,0,0,0,0,2,0,0
SPANISH,1,78905,001,Elem Spanish,Krista Brune; Miriam Hernandez-Rodriguez,under,0,4,4,0,3,0,0,1,0,0,1,0,1,3,0
SPANISH,102A,78960,001,Adv Gram And Comp,Ignacio Navarrete; Katherine Lambe,under,0,7,5,3,5,0,0,0,0,0,0,0,0,1,0
SPANISH,121,78965,001,Cont Span Hist/Cult,Agnes Dimitriou; Maria Fernandez-Vega,under,3,9,1,0,0,0,0,0,0,0,0,0,0,1,0
SPANISH,135,78975,001,Hispanic Literature,Paul Norberg,under,0,6,1,1,2,0,0,0,0,0,0,0,2,1,0
SPANISH,135,78980,003,Hispanic Literature,Matthew Losada,under,0,5,7,3,1,1,0,0,0,0,0,0,1,0,0
SPANISH,15,78940,001,Inten Beg Spanish,Jorge Diaz-Velez; Leon Salvatierra; Miriam Hernandez-Rodriguez,under,0,2,5,1,1,1,1,0,0,0,0,0,0,4,0
SPANISH,2,78915,001,Elem Spanish,Marilola Perez; Miriam Hernandez-Rodriguez,under,1,3,0,1,5,1,3,1,0,0,0,0,0,1,0
SPANISH,25,78958,001,Read And Analysis,Miriam Hernandez-Rodriguez; Silvia Lopez,under,0,5,3,2,1,1,0,0,0,0,0,0,0,0,0
SPANISH,4,78925,001,Intermed Spanish,Manuel Cuellar; Miriam Hernandez-Rodriguez,under,0,4,2,3,2,2,0,2,0,0,0,0,1,2,0
SPANISH,N12,78935,001,Beg Span Lang/Cult,Donna Southard,under,0,10,2,1,0,0,0,1,0,0,0,0,0,6,0
SPANISH,N3,78920,001,Intermed Spanish,Ignacio Navarrete; Victoria Robertson,under,1,3,2,2,0,1,0,0,0,0,0,0,0,4,0
SPANISH,N4,78930,001,Intermed Spanish,Victoria Robertson,under,0,7,6,0,3,0,0,0,0,0,0,0,0,0,0
STAT,0PX,79605,001,Preparatory Stat,Michael Wong,under,0,0,0,0,0,0,0,0,0,0,0,0,0,58,2
STAT,133,79690,001,Computing Data,Kenneth Millman; Philip Stark,under,1,11,2,6,11,1,2,1,0,0,0,0,0,3,2
STAT,134,79705,001,Concepts Of Prob,Michael Leong,under,2,11,9,2,11,7,1,7,8,0,7,0,8,2,5
STAT,135,79720,001,Concepts Of Stat,Fletcher Ibser,under,7,4,6,4,3,6,4,6,5,0,1,0,1,4,1
STAT,155,79735,001,Game Theory,Markus Vasquez; Philip Stark,under,1,11,12,10,9,7,12,5,8,0,0,0,3,0,0
STAT,2,79630,001,Intro To Stat,Fletcher Ibser,under,4,9,5,13,5,14,9,7,6,0,3,0,3,9,6
STAT,20,79650,001,Intro Prob Stat Cal,Philip Stark; Tessa Childers-Day,under,2,5,3,8,5,5,6,6,1,0,2,0,3,6,0
STAT,98,79675,001,Directed Group Stdy,Michael Wong; Philip Stark,under,0,0,0,0,0,0,0,0,0,0,0,0,0,58,2
STAT,W21,79665,001,Intro Prob Stat Bus,Shobhana Murali Stoyanov,under,18,31,61,39,56,26,19,5,1,0,1,0,30,8,6
THEATER,114,80940,001,Performance Wrkshop,Michael Mansfield,under,2,0,5,3,0,0,0,0,0,0,0,0,0,5,1
THEATER,25AC,80920,001,Drama Of Am Culture,Joanne Taylor,under,3,2,3,2,2,0,0,0,0,0,0,0,1,5,1
THEATER,52AC,80925,002,American Dance,Jenefer Johnson,under,0,11,2,0,1,0,1,3,0,0,2,0,1,0,1
THEATER,66,80935,002,Special Topics,Samuel Haley-Hill,under,0,12,2,2,0,1,0,0,0,0,0,0,0,1,0
THEATER,N10,80905,001,Intro To Acting,John Fisher,under,2,15,0,0,0,0,0,0,0,0,0,0,1,1,0
THEATER,N10,80910,002,Intro To Acting,Maureen Tang,under,6,3,4,0,1,0,0,0,0,0,0,0,1,1,1
THEATER,N10,80915,003,Intro To Acting,Drew Khalouf,under,0,5,0,0,7,0,0,1,0,0,0,0,0,4,0
THEATER,N141,80950,001,Interm Modern Dance,Catherine Cole; Naomi Bragin,under,1,7,2,1,0,2,0,0,0,0,0,0,0,3,1
UGBA,101A,19105,001,Microeconomic Analy,Thomas Mccullough,under,1,2,7,8,6,2,3,1,0,0,0,0,1,3,0
UGBA,101B,19115,001,Macroeconomics,Steven Wood,under,0,8,13,13,12,17,7,7,2,0,6,0,4,23,6
UGBA,102A,19130,001,Intro Fin Account,Rada Brooks,under,3,11,12,3,4,2,0,1,0,0,0,0,0,7,2
UGBA,102A,19140,002,Intro Fin Account,Rada Brooks,under,3,10,6,9,9,1,2,0,1,0,0,0,0,5,0
UGBA,102A,19150,003,Intro Fin Account,Gary Pieroni,under,2,6,10,4,6,2,0,1,2,4,1,0,1,1,3
UGBA,102A,19160,004,Intro Fin Account,Dennis Geyer,under,1,2,7,14,10,5,1,1,1,0,0,0,2,14,0
UGBA,102A,19170,005,Intro Fin Account,John Briginshaw,under,4,12,9,13,0,3,3,1,1,0,1,0,0,0,0
UGBA,102B,19180,001,Intro Manager Acct,Baris Korcan Ak,under,3,9,11,7,6,3,0,1,0,0,0,0,2,2,0
UGBA,102B,19190,002,Intro Manager Acct,Dennis Geyer,under,0,4,3,12,17,4,0,1,3,0,2,0,1,8,0
UGBA,103,19210,002,Intro To Finance,Avinash Verma,under,6,10,6,13,12,4,3,1,1,0,0,0,1,2,0
UGBA,103,19218,003,Intro To Finance,Donatella Taurasi,under,2,2,7,3,4,3,0,0,0,0,0,0,4,5,0
UGBA,103,19200,001,Intro To Finance,John Gonzales,under,0,23,20,14,15,5,2,6,0,0,1,0,2,6,3
UGBA,105,19220,001,Leading People,Janet Brady,under,2,5,5,12,3,2,0,0,0,0,0,0,0,4,1
UGBA,105,19225,002,Leading People,Holly Schroth,under,3,19,7,6,7,5,0,0,0,0,0,0,0,0,0
UGBA,106,19235,001,Marketing,Meir Karlinsky,under,4,4,4,7,2,8,8,7,2,0,0,0,2,9,0
UGBA,106,19240,002,Marketing,Meir Karlinsky,under,1,5,2,7,2,12,11,6,3,2,0,0,1,9,0
UGBA,106,19250,004,Marketing,David Robinson,under,2,8,12,6,10,6,3,1,3,0,3,1,3,4,1
UGBA,106,19255,005,Marketing,Wasim Azhar,under,1,10,20,11,5,0,0,0,0,0,0,0,0,0,0
UGBA,106,19245,003,Marketing,David Robinson,under,0,4,6,10,15,5,4,2,1,0,2,0,4,6,2
UGBA,107,19260,001,Soc & Pol Eth Env,Alan Ross,under,0,0,14,11,5,1,1,0,0,0,0,0,0,5,0
UGBA,118,19275,002,International Trade,Steven Wood,under,1,5,7,7,10,3,4,4,2,0,1,0,9,5,0
UGBA,118,19265,001,International Trade,John Gonzales,under,0,2,11,8,5,9,3,0,3,1,2,0,4,2,0
UGBA,120AA,19285,001,Int Fin Acct 1,Francis Stanton,under,6,3,7,6,1,2,0,1,0,0,0,0,0,1,0
UGBA,120AA,19295,002,Int Fin Acct 1,Gary Pieroni,under,1,4,2,4,4,4,2,1,6,1,1,0,8,7,1
UGBA,120AB,19305,001,Int Fin Accnting 2,Tiffany Rasmussen,under,0,13,8,7,5,4,1,0,0,1,0,0,0,0,0
UGBA,120B,19315,001,Adv Fin Accounting,Tiffany Rasmussen,under,0,6,7,2,3,2,1,0,1,0,0,0,0,5,0
UGBA,122,19325,001,Fin Info Analysis,Francis Stanton,under,6,12,7,0,12,1,0,2,0,0,1,0,1,2,0
UGBA,127,19340,001,Spec Topics In Acct,Satyaraj Berde,under,1,2,4,3,10,4,2,0,1,0,1,0,0,0,1
UGBA,127,19345,002,Spec Topics In Acct,John Briginshaw,under,1,8,7,4,1,0,0,0,0,0,0,0,2,4,1
UGBA,131,19350,001,Corp Fin Analysis,Avinash Verma,under,6,14,7,16,2,0,1,0,0,0,0,0,0,8,0
UGBA,132,19360,001,Fin Instit & Mrkts,Samuel Olesky,under,1,12,8,6,8,8,2,1,0,0,1,0,0,10,0
UGBA,133,19370,001,Investments,Samuel Olesky,under,2,7,12,13,9,3,4,0,0,0,0,0,0,2,0
UGBA,133,19380,002,Investments,Arash Namvar,under,3,15,14,7,5,6,0,1,0,0,0,0,2,6,2
UGBA,136F,19390,001,Behavioral Finance,Konstantin Magin,under,0,2,2,0,9,8,0,0,0,0,0,0,0,4,0
UGBA,137,19395,001,Spec Topics In Fin,Konstantin Magin,under,0,6,3,3,1,0,0,6,0,0,0,0,0,0,0
UGBA,151,19400,001,Mgmt Human Resourcs,Brenda Fellows,under,1,2,2,0,2,0,2,6,7,10,4,2,7,3,1
UGBA,152,19405,001,Negotiation,Cort Worthington,under,0,7,12,5,8,0,0,0,0,0,0,0,0,0,0
UGBA,160,19410,001,Consumer Behavior,William Fanning,under,0,10,9,9,4,5,4,1,1,0,1,0,1,9,0
UGBA,162,19415,001,Brand Mgt&Strategy,Judy Hopelain,under,0,12,21,8,3,0,0,1,0,0,0,0,0,5,0
UGBA,165,19420,001,Advertise Strategy,William Fanning,under,0,12,11,6,6,6,1,1,1,0,0,0,1,7,0
UGBA,175,19425,001,Legal Aspects,Alan Ross,under,2,11,16,6,4,4,1,6,0,0,0,0,0,10,0
UGBA,178,19430,001,Intro Internatl Bus,Daniel Himelstein,under,0,8,33,54,2,0,1,0,0,0,0,0,1,10,0
UGBA,178,19435,002,Intro Internatl Bus,Daniel Himelstein,under,0,5,23,26,0,0,0,0,0,0,0,0,0,7,0
UGBA,190T,19443,001,Topics Innov/Design,Omar Romero-Hernandez,under,0,5,5,3,3,2,2,0,1,0,0,0,0,14,0
UGBA,191C,19445,001,Comm For Leaders,Ericka Lutz,under,0,8,21,8,1,0,0,1,0,0,0,0,4,5,1
UGBA,192T,19460,001,Topics In Csr,Omar Romero-Hernandez,under,1,2,12,1,4,3,0,0,0,0,0,0,0,22,0
UGBA,193C,19465,001,Cpt Int'L Stdnts,Erika Walker,under,0,0,0,0,0,0,0,0,0,0,0,0,0,23,8
UGBA,196,19475,002,Spec Topics Bus Adm,Todd Fitch,under,2,9,2,1,0,0,0,0,0,0,0,0,0,0,0
UGBA,196,19470,001,Spec Topics Bus Adm,Ryan Sloan,under,0,2,10,1,1,0,0,0,0,0,0,0,1,0,0
UGIS,189,81210,001,Integrate Research,Benedikt Harrer,under,1,9,3,0,0,0,0,0,0,0,0,0,0,1,0
UGIS,82,81205,001,K-8 Teaching,Rebecca Poon,under,0,12,2,0,1,0,0,0,0,0,0,0,0,1,2
VIS STD,185X,81405,001,Word And Image,Katie Hawkinson,under,3,8,6,3,0,0,0,0,0,0,0,0,0,0,1
VIS STD,186X,81410,001,Spec Topics Photo,Janet Delaney,under,1,5,2,1,1,0,0,0,0,0,0,0,0,4,0
VIS STD,186X,81415,002,Spec Topics Photo,Janet Delaney,under,1,4,3,7,1,1,0,0,1,0,0,0,0,2,0
VIS STD,187A,81420,001,Freehand Drawing,Katie Hawkinson,under,2,8,5,1,0,0,0,0,0,0,0,0,0,3,2
CY PLAN,N299,26035,001,Ind Stdy Or Res,Paul Waddell,grad,0,1,0,0,0,0,0,0,0,0,0,0,0,13,0
DATASCI,W201,50105,001,Res Dsgn Data Analy,Jonathan Star,grad,2,6,5,2,0,0,0,0,0,0,0,0,0,0,0
DATASCI,W201,50110,002,Res Dsgn Data Analy,Jonathan Star,grad,0,6,5,2,0,0,0,0,0,0,0,0,0,0,0
DATASCI,W203,50128,001,Explor/Analy Data,Paul Laskowski,grad,4,2,5,1,2,1,0,0,0,0,0,0,0,0,0
DATASCI,W203,50129,002,Explor/Analy Data,Paul Laskowski,grad,0,3,5,3,0,1,0,1,0,0,0,0,0,0,0
DATASCI,W205,50130,001,Stor/Retriev Dat,Jerry Ye; Ray Larson,grad,2,9,0,0,0,0,0,0,0,0,0,0,0,0,0
DATASCI,W205,50135,002,Stor/Retriev Dat,Jerry Ye; Ray Larson,grad,2,12,0,0,0,0,0,0,0,0,0,0,0,0,0
DATASCI,W209,50160,001,Viz/Comm Data,Annette Greiner,grad,1,5,3,1,0,0,0,0,0,0,0,0,0,0,0
DATASCI,W209,50165,002,Viz/Comm Data,Annette Greiner,grad,4,8,3,0,0,0,0,0,0,0,0,0,0,0,0
ECON,204,32365,001,Math Tools For Econ,Haluk Ergin,grad,1,0,3,4,4,5,0,1,0,0,1,0,0,0,0
EDUC,211B,33410,001,Soc & Enit Develop,Larry Nucci,grad,3,14,1,1,0,0,0,0,0,0,0,0,0,0,0
EDUC,236A,33415,001,Science Educ Elem,Kathleen Metz,grad,4,15,0,0,0,0,0,0,0,0,0,0,0,0,0
EDUC,245A,33420,001,Teach Engl Sec Lang,Gabriela Segade,grad,1,7,4,0,0,0,0,0,0,0,0,0,0,0,0
EDUC,249C,33425,001,Foundations In Rdg,Verda Delp,grad,5,7,0,0,0,0,0,0,0,0,0,0,0,0,0
EDUC,262A,33428,001,Urbschldship/Mgt 1,Tina Trujillo,grad,0,15,9,0,0,0,0,0,0,0,0,0,0,0,0
EDUC,271F,33445,001,Teach/Lrn Ed Lead 2,Frances Kendall,grad,6,12,6,0,0,0,0,0,0,0,0,0,0,0,0
EDUC,277B,33458,001,System Ed Reform Ii,Tina Trujillo,grad,0,4,8,0,0,0,0,0,0,0,0,0,0,0,0
EDUC,391A,33630,001,Tech C & I,Elisa Salasin,grad,0,18,1,0,0,0,0,0,0,0,0,0,0,0,0
EDUC,392C,33635,001,Art In Elem Class,Nives Wetzel De Cediel,grad,2,17,0,0,0,0,0,0,0,0,0,0,0,0,0
EDUC,460A,33640,001,School Site Mgt. I,Viet Nguyen,grad,0,11,5,7,0,0,0,0,0,0,0,0,0,0,0
EDUC,460C,33645,001,Admin Research Prac,Fred Brill,grad,0,10,0,0,1,0,0,0,0,0,0,0,0,0,0
EWMBA,200P,20603,001,Pfps,Clark Kellogg,grad,0,5,6,11,5,1,0,1,0,0,0,0,0,0,0
EWMBA,200P,20604,002,Pfps,Clark Kellogg,grad,0,5,6,12,5,0,0,1,0,0,0,0,0,0,0
EWMBA,200P,20750,011,Pfps,Clark Kellogg,grad,0,5,5,17,3,0,0,0,0,0,0,0,0,0,0
EWMBA,237,20615,001,Topics In Finance,Peter Goodson,grad,7,8,12,14,15,1,0,0,0,0,0,0,0,0,0
EWMBA,252,20628,001,"Negot, Conflict Res",Holly Schroth,grad,0,14,18,11,6,7,0,0,0,0,0,0,0,0,0
EWMBA,269,20640,011,Pricing,Wasim Azhar,grad,0,3,20,13,4,0,0,0,0,0,0,0,0,0,0
EWMBA,287,20642,005,Topics In Real Est,Eric Sussman,grad,0,2,3,4,0,2,0,0,0,0,0,0,0,0,0
EWMBA,290T,20643,011,Spec Top Inn/Desgn,Reza Moazzami,grad,0,7,8,10,7,0,0,0,0,0,0,0,0,0,0
EWMBA,290T,20644,012,Spec Top Inn/Desgn,Reza Moazzami,grad,0,5,4,2,2,0,0,1,0,0,0,0,0,0,0
EWMBA,290T,20745,013,Spec Top Inn/Desgn,Reza Moazzami,grad,0,2,4,6,2,0,1,0,0,0,0,0,0,0,0
EWMBA,296,20700,001,Special Topics,Rajiv Ball; Whitney Hischier,grad,0,1,6,2,3,0,0,0,0,0,0,0,0,0,0
EWMBA,298S,20725,001,Seminar Intl Bus,Edgar Anthony Zaloom,grad,0,0,6,8,4,1,0,0,0,0,0,0,0,0,0
HMEDSCI,201,48105,001,Hum Anat & Develop,Kamla Ahluwalia,grad,2,8,5,1,0,0,0,0,0,0,0,0,0,0,0
IND ENG,290C,38678,001,Stat Aspt Of Des,Lee Fleming,grad,1,6,8,2,3,0,0,0,0,0,0,0,2,2,1
MFE,230D,57710,001,Deriv: Quant Meth,Domingo Tavella,grad,0,8,38,10,5,5,1,0,1,0,0,0,0,0,0
MFE,230I,57715,001,Fixed Income Markts,Richard Stanton,grad,1,19,17,15,7,6,1,0,0,0,0,0,0,1,0
MFE,230V,57730,001,Credit Rsk Modeling,Deepak Agrawal,grad,0,14,14,20,17,3,0,0,0,0,0,0,0,0,0
OPTOM,430A,65105,001,Optometry Clinics,Christina Wilmer,grad,0,1,38,23,0,0,0,0,0,0,0,0,0,0,0
OPTOM,432,65108,001,Clinical Topics,Glen Ozawa,grad,2,10,15,21,13,2,0,0,0,0,0,0,0,0,0
OPTOM,440A,65110,001,Adv Optom Clinic,Christina Wilmer,grad,3,13,33,9,2,0,0,0,0,0,0,0,0,0,0
OPTOM,441A,65115,001,Specialty Clinics,Christina Wilmer,grad,3,13,33,9,2,0,0,0,0,0,0,0,0,0,0
PB HLTH,250A,72720,001,Epidemiolog Meth I,Michael Bates,grad,3,11,2,3,3,0,0,0,0,0,0,0,0,2,0
PB HLTH,292,72738,001,M.P.H. Seminar,Phuoc Le,grad,0,1,0,0,0,0,0,0,0,0,0,0,0,14,0
PB HLTH,299,72815,029,Independnt Research,Arthur Reingold,grad,0,5,0,0,0,0,0,0,0,0,0,0,0,12,0
PB HLTH,W200E,72705,001,Hpm Breadth,Brent Fulton,grad,2,16,23,14,9,2,0,3,0,0,0,0,0,0,0
PB HLTH,W200G,72710,001,Hsb Breadth,Charlotte Chang,grad,3,45,12,5,4,1,1,0,0,0,0,0,0,0,0
PB HLTH,W204,72715,001,Mass Communication,Caricia Catalani,grad,28,2,2,0,1,2,0,0,1,0,0,0,1,0,0
PB HLTH,W289,72725,001,Interdis Health,Robert Hosang,grad,7,26,2,1,0,0,0,0,0,0,0,0,0,0,0
POL SCI,292,70560,001,Dir Advanced Study,Eric Schickler,grad,0,9,0,0,0,0,0,0,0,0,0,0,0,16,0
SOC WEL,232,76335,001,Soc Work And Educ,Christina Feliciana,grad,0,5,1,0,0,0,0,0,0,0,0,0,0,6,0
SOC WEL,250T,76340,001,Sw Practice In Schl,Robert Ayasse,grad,0,3,2,1,1,0,0,0,0,0,0,0,0,3,0
SOC WEL,265H,76343,001,Sw & Int Behav Hlth,Elizabeth Horevitz,grad,0,4,1,1,1,0,0,0,0,0,0,0,0,0,0
SOC WEL,265M,76344,001,Motivational Interv,Gregory Merrill,grad,2,10,3,0,0,0,0,0,0,0,0,0,0,1,0
THEATER,299,80965,001,Special Study,Catherine Cole,grad,0,1,0,0,0,0,0,0,0,0,0,0,0,5,0
XMBA,200S,21005,001,Data And Decisions,David Ravetch; Michael Rielly,grad,0,13,21,16,17,2,0,0,0,0,0,0,0,0,0
XMBA,201A,21010,001,Managerial Econ,Gregory La Blanc,grad,1,13,17,20,17,1,0,0,0,0,0,0,0,0,0
XMBA,202A,21015,001,Financial Acct,Suneel Udpa,grad,0,11,15,31,12,0,0,0,0,0,0,0,0,0,0
XMBA,252,21025,001,Negotiations,Laura Kray,grad,0,8,11,8,6,1,0,0,0,0,0,0,0,0,0
XMBA,290T,21038,011,Topics In Inno/Des,Reza Moazzami,grad,0,5,4,10,7,0,0,0,0,0,0,0,0,0,0
XMBA,290T,21105,013,Topics In Inno/Des,Reza Moazzami,grad,0,3,3,4,3,0,0,0,0,0,0,0,0,0,0
XMBA,296,21080,003,Topics In Bus Adm,Shachar Kariv,grad,3,2,5,7,4,0,0,0,0,0,0,0,0,0,0
XMBA,296,21110,006,Topics In Bus Adm,Peter Goodson,grad,1,6,19,10,11,2,0,0,0,0,0,0,1,0,0
XMBA,296,21084,005,Topics In Bus Adm,Eric Sussman,grad,0,5,5,3,1,1,0,0,0,0,0,0,0,0,0
XMBA,296,21115,007,Topics In Bus Adm,Stephen Etter,grad,0,18,4,2,19,0,0,0,0,0,0,0,0,0,0
XMBA,296,21078,002,Topics In Bus Adm,Zsolt Katona,grad,0,0,6,1,0,0,0,0,0,0,0,0,0,0,0
